sweep,x,strategy,seed,dtype,n_agents,density,id,t,kind,permanent,direct,altered,collateral,max_tier,messages,cpu_ms
density,0.0,local,3,mixed,20,0.0,0,53,emergency,True,1,1,0,1,28,14.01370798703283
density,0.0,local,3,mixed,20,0.0,1,65,breakdown,False,3,4,1,3,76,20.2903330209665
density,0.0,local,3,mixed,20,0.0,2,80,emergency,True,1,1,0,1,33,3.699249995406717
density,0.0,local,3,mixed,20,0.0,3,87,breakdown,False,3,3,0,1,21,1.685958995949477
density,0.0,local,5,mixed,20,0.0,0,40,breakdown,True,8,10,2,3,235,87.19533303519711
density,0.0,local,5,mixed,20,0.0,1,42,breakdown,False,1,1,0,1,2,6.80854101665318
density,0.0,local,5,mixed,20,0.0,2,62,emergency,True,1,2,1,2,13,8.071249991189688
density,0.0,local,5,mixed,20,0.0,3,99,emergency,True,1,1,0,1,18,5.312125023920089
density,0.0,local,1,mixed,20,0.0,0,19,emergency,True,1,1,0,1,29,10.717708966694772
density,0.0,local,1,mixed,20,0.0,1,53,emergency,True,1,2,1,2,16,25.81091597676277
density,0.0,local,1,mixed,20,0.0,2,96,breakdown,False,1,1,0,1,5,0.8187909843400121
density,0.0,local,1,mixed,20,0.0,3,114,breakdown,False,2,2,0,1,68,33.67324999999255
density,0.0,local,0,mixed,20,0.0,0,26,breakdown,False,1,1,0,1,1,15.23733395151794
density,0.0,local,0,mixed,20,0.0,1,62,emergency,True,1,1,0,1,23,1.541833975352347
density,0.0,local,0,mixed,20,0.0,2,100,emergency,True,1,1,0,1,18,1.2834160006605089
density,0.0,local,0,mixed,20,0.0,3,102,breakdown,False,2,2,0,1,36,4.652416973840445
density,0.0,local,8,mixed,20,0.0,0,60,breakdown,True,7,8,1,2,122,61.184999998658895
density,0.0,local,8,mixed,20,0.0,1,61,breakdown,False,4,4,0,2,74,67.12591694667935
density,0.0,local,8,mixed,20,0.0,2,76,emergency,True,1,1,0,1,39,24.33029201347381
density,0.0,local,8,mixed,20,0.0,3,87,emergency,True,1,1,0,1,24,2.331333002075553
density,0.0,local,7,mixed,20,0.0,0,37,breakdown,False,3,3,0,1,64,176.52570799691603
density,0.0,local,7,mixed,20,0.0,1,55,breakdown,False,3,3,0,1,51,28.836417011916637
density,0.0,local,7,mixed,20,0.0,2,95,emergency,True,1,1,0,1,77,21.28275000723079
density,0.0,local,7,mixed,20,0.0,3,105,emergency,True,1,1,0,1,13,3.809958987403661
density,0.0,local,9,mixed,20,0.0,0,10,breakdown,False,2,2,0,1,24,3.7379999994300306
density,0.0,local,9,mixed,20,0.0,1,38,emergency,True,1,1,0,1,29,3.2627920154482126
density,0.0,local,9,mixed,20,0.0,2,68,emergency,True,1,1,0,1,12,18.771000031847507
density,0.0,local,9,mixed,20,0.0,3,73,breakdown,False,1,1,0,1,0,1.36524997651577
density,0.0,local,2,mixed,20,0.0,0,8,breakdown,False,3,3,0,1,86,286.50924999965355
density,0.0,local,2,mixed,20,0.0,1,58,breakdown,False,2,2,0,1,30,4.497250018175691
density,0.0,local,2,mixed,20,0.0,2,61,emergency,True,1,1,0,1,20,11.594000039622188
density,0.0,local,2,mixed,20,0.0,3,99,emergency,True,1,1,0,1,25,0.9770420147106051
density,0.0,solo,3,mixed,20,0.0,0,53,emergency,True,1,1,0,1,2,2.315959020052105
density,0.0,solo,3,mixed,20,0.0,1,65,breakdown,False,3,3,0,1,13,11.157375003676862
density,0.0,solo,3,mixed,20,0.0,2,80,emergency,True,1,1,0,1,5,3.430208016652614
density,0.0,solo,3,mixed,20,0.0,3,87,breakdown,False,3,3,0,1,9,4.325249989051372
density,0.0,solo,1,mixed,20,0.0,0,19,emergency,True,1,1,0,1,3,9.593333001248538
density,0.0,solo,1,mixed,20,0.0,1,53,emergency,True,1,1,0,1,3,15.437207999639213
density,0.0,solo,1,mixed,20,0.0,2,96,breakdown,False,1,1,0,1,5,0.8664170163683593
density,0.0,solo,1,mixed,20,0.0,3,114,breakdown,False,2,2,0,1,7,2.2834590054117143
density,0.0,solo,2,mixed,20,0.0,0,8,breakdown,False,3,3,0,1,6,38.88204199029133
density,0.0,solo,2,mixed,20,0.0,1,58,breakdown,False,2,2,0,1,8,4.608582996297628
density,0.0,solo,2,mixed,20,0.0,2,61,emergency,True,1,1,0,1,2,1.3889169786125422
density,0.0,solo,2,mixed,20,0.0,3,99,emergency,True,1,1,0,1,3,2.281124994624406
density,0.0,solo,0,mixed,20,0.0,0,26,breakdown,False,1,1,0,1,1,12.044082977809012
density,0.0,solo,0,mixed,20,0.0,1,62,emergency,True,1,1,0,1,3,1.3827920192852616
density,0.0,solo,0,mixed,20,0.0,2,100,emergency,True,1,1,0,1,2,1.1900000390596688
density,0.0,solo,0,mixed,20,0.0,3,102,breakdown,False,2,2,0,1,8,2.119167009368539
density,0.0,solo,5,mixed,20,0.0,0,40,breakdown,True,8,8,0,1,81,41.642499971203506
density,0.0,solo,5,mixed,20,0.0,1,42,breakdown,False,1,1,0,1,2,0.9647909901104867
density,0.0,solo,5,mixed,20,0.0,2,62,emergency,True,1,1,0,1,3,6.852541002444923
density,0.0,solo,5,mixed,20,0.0,3,99,emergency,True,1,1,0,1,1,0.6847920012660325
density,0.0,solo,8,mixed,20,0.0,0,60,breakdown,True,7,7,0,1,41,19.02495900867507
density,0.0,solo,8,mixed,20,0.0,1,61,breakdown,False,4,4,0,1,11,30.07929096929729
density,0.0,solo,8,mixed,20,0.0,2,76,emergency,True,1,1,0,1,5,3.6800000234507024
density,0.0,solo,8,mixed,20,0.0,3,87,emergency,True,1,1,0,1,4,1.639665977563709
density,0.0,solo,9,mixed,20,0.0,0,10,breakdown,False,2,2,0,1,6,4.636458004824817
density,0.0,solo,9,mixed,20,0.0,1,38,emergency,True,1,1,0,1,5,1.93070899695158
density,0.0,solo,9,mixed,20,0.0,2,68,emergency,True,1,1,0,1,0,1.578458002768457
density,0.0,solo,9,mixed,20,0.0,3,73,breakdown,False,1,1,0,1,0,1.4152079820632935
density,0.0,solo,7,mixed,20,0.0,0,37,breakdown,False,3,3,0,1,8,25.976042030379176
density,0.0,solo,7,mixed,20,0.0,1,55,breakdown,False,3,3,0,1,9,17.682791978586465
density,0.0,solo,7,mixed,20,0.0,2,95,emergency,True,1,1,0,1,3,0.9115830180235207
density,0.0,solo,7,mixed,20,0.0,3,105,emergency,True,1,1,0,1,1,1.149625051766634
density,0.0,solo,6,mixed,20,0.0,0,16,emergency,True,1,1,0,1,6,4.888583032879978
density,0.0,solo,6,mixed,20,0.0,1,30,emergency,True,1,1,0,1,4,27.973624994046986
density,0.0,solo,6,mixed,20,0.0,2,51,breakdown,False,1,1,0,1,2,4.998749995138496
density,0.0,solo,6,mixed,20,0.0,3,76,breakdown,False,1,1,0,1,2,6.244499993044883
density,0.0,local,6,mixed,20,0.0,0,16,emergency,True,1,1,0,1,106,474.0418330184184
density,0.0,local,6,mixed,20,0.0,1,30,emergency,True,1,1,0,1,36,29.55895895138383
density,0.0,local,6,mixed,20,0.0,2,51,breakdown,False,1,1,0,1,2,3.322625008877367
density,0.0,local,6,mixed,20,0.0,3,76,breakdown,False,1,1,0,1,2,2.6959169772453606
density,0.0,solo,4,mixed,20,0.0,0,19,breakdown,True,12,12,0,1,51,114.03695802437142
density,0.0,solo,4,mixed,20,0.0,1,31,breakdown,True,7,7,0,1,35,100.59849999379367
density,0.0,solo,4,mixed,20,0.0,2,32,emergency,True,1,1,0,1,1,62.86162504693493
density,0.0,solo,4,mixed,20,0.0,3,35,emergency,True,1,1,0,1,3,26.213584002107382
density,0.0,full,3,mixed,20,0.0,0,53,emergency,True,1,9,8,5,40,39.37666700221598
density,0.0,full,3,mixed,20,0.0,1,65,breakdown,False,3,13,10,5,40,23.651374969631433
density,0.0,full,3,mixed,20,0.0,2,80,emergency,True,1,15,14,5,40,27.857666020281613
density,0.0,full,3,mixed,20,0.0,3,87,breakdown,False,4,13,9,5,40,37.13670797878876
density,0.0,full,1,mixed,20,0.0,0,19,emergency,True,1,17,16,5,40,85.05970798432827
density,0.0,full,1,mixed,20,0.0,1,53,emergency,True,1,17,16,5,40,51.80700001074001
density,0.0,full,1,mixed,20,0.0,2,96,breakdown,False,1,12,11,5,40,33.40291604399681
density,0.0,full,1,mixed,20,0.0,3,114,breakdown,False,2,12,10,5,40,14.15695803007111
density,0.0,full,6,mixed,20,0.0,0,16,emergency,True,1,15,14,5,40,67.05079099629074
density,0.0,full,6,mixed,20,0.0,1,30,emergency,True,1,12,11,5,40,61.18191604036838
density,0.0,full,6,mixed,20,0.0,2,51,breakdown,False,3,15,12,5,40,36.976833012886345
density,0.0,full,6,mixed,20,0.0,3,76,breakdown,False,1,16,15,5,40,17.76837499346584
density,0.0,full,2,mixed,20,0.0,0,8,breakdown,False,3,19,16,5,40,129.28158300928771
density,0.0,full,2,mixed,20,0.0,1,58,breakdown,False,2,17,15,5,40,29.9761249916628
density,0.0,full,2,mixed,20,0.0,2,61,emergency,True,1,11,10,5,40,44.55425002379343
density,0.0,full,2,mixed,20,0.0,3,99,emergency,True,1,9,8,5,40,7.470040989574045
density,0.0,full,5,mixed,20,0.0,0,40,breakdown,True,8,19,11,5,89,76.26937498571351
density,0.0,full,5,mixed,20,0.0,1,42,breakdown,False,1,6,5,5,38,73.7223339965567
density,0.0,full,5,mixed,20,0.0,2,62,emergency,True,1,11,10,5,38,39.72795797744766
density,0.0,full,5,mixed,20,0.0,3,99,emergency,True,1,5,4,5,38,11.49916701251641
density,0.0,full,0,mixed,20,0.0,0,26,breakdown,False,1,17,16,5,40,134.18195903068408
density,0.0,full,0,mixed,20,0.0,1,62,emergency,True,1,18,17,5,40,79.77120799478143
density,0.0,full,0,mixed,20,0.0,2,100,emergency,True,1,16,15,5,40,18.244125007186085
density,0.0,full,0,mixed,20,0.0,3,102,breakdown,False,1,11,10,5,40,16.30962500348687
density,0.0,full,8,mixed,20,0.0,0,60,breakdown,True,7,16,9,5,60,19.85279197106138
density,0.0,full,8,mixed,20,0.0,1,61,breakdown,False,4,16,12,5,38,23.93808396300301
density,0.0,full,8,mixed,20,0.0,2,76,emergency,True,1,4,3,5,38,18.948583980090916
density,0.0,full,8,mixed,20,0.0,3,87,emergency,True,1,7,6,5,38,12.654417019803077
density,0.0,full,4,mixed,20,0.0,0,19,breakdown,True,12,18,6,5,65,122.39216599846259
density,0.0,full,4,mixed,20,0.0,1,31,breakdown,True,11,17,6,5,54,77.19754200661555
density,0.0,full,4,mixed,20,0.0,2,32,emergency,True,1,17,16,5,36,113.9015419757925
density,0.0,full,4,mixed,20,0.0,3,35,emergency,True,1,10,9,5,36,107.93479101266712
density,0.02,local,2,mixed,20,0.02,0,18,blockage,False,2,2,0,1,36,36.63212503306568
density,0.02,local,2,mixed,20,0.02,1,26,breakdown,False,2,2,0,1,26,9.035249997396022
density,0.02,local,2,mixed,20,0.02,2,28,emergency,True,1,2,1,2,10,14.752333983778954
density,0.02,local,2,mixed,20,0.02,3,43,blockage,False,1,1,0,1,26,2.9277499997988343
density,0.02,local,2,mixed,20,0.02,4,57,blockage,False,0,0,0,0,0,0.04229199839755893
density,0.02,local,2,mixed,20,0.02,5,66,emergency,True,1,2,1,2,7,5.89566701091826
density,0.02,local,2,mixed,20,0.02,6,69,blockage,True,1,2,1,2,16,4.22754097962752
density,0.02,local,2,mixed,20,0.02,7,83,blockage,False,1,1,0,1,2,0.6126249791122973
density,0.02,local,2,mixed,20,0.02,8,97,breakdown,False,2,2,0,1,13,4.683792009018362
density,0.0,local,4,mixed,20,0.0,0,19,breakdown,True,12,14,2,3,273,398.11995800118893
density,0.0,local,4,mixed,20,0.0,1,31,breakdown,True,9,9,0,1,199,416.05087503558025
density,0.0,local,4,mixed,20,0.0,2,32,emergency,True,1,1,0,1,21,346.26654197927564
density,0.0,local,4,mixed,20,0.0,3,35,emergency,True,1,2,1,3,42,90.67983401473612
density,0.0,full,9,mixed,20,0.0,0,10,breakdown,False,2,14,12,5,40,126.28999998560175
density,0.0,full,9,mixed,20,0.0,1,38,emergency,True,1,15,14,5,40,59.602332999929786
density,0.0,full,9,mixed,20,0.0,2,68,emergency,True,1,11,10,5,40,17.206584045197815
density,0.0,full,9,mixed,20,0.0,3,73,breakdown,False,1,7,6,5,40,18.041041970718652
density,0.02,local,1,mixed,20,0.02,0,43,blockage,False,2,2,0,1,59,123.51329199736938
density,0.02,local,1,mixed,20,0.02,1,51,breakdown,False,3,3,0,1,6,31.66949999285862
density,0.02,local,1,mixed,20,0.02,2,80,blockage,False,1,1,0,1,2,2.2577919880859554
density,0.02,local,1,mixed,20,0.02,3,92,emergency,True,1,1,0,1,6,3.9062919677235186
density,0.02,local,1,mixed,20,0.02,4,95,blockage,False,3,3,0,1,41,15.73545899009332
density,0.02,local,1,mixed,20,0.02,5,95,emergency,True,1,1,0,1,6,2.472124993801117
density,0.02,local,1,mixed,20,0.02,6,98,breakdown,False,3,3,0,1,30,6.752790999598801
density,0.02,local,1,mixed,20,0.02,7,107,blockage,False,1,1,0,1,3,0.3624579985626042
density,0.02,local,1,mixed,20,0.02,8,115,blockage,False,1,1,0,1,8,8.969000016804785
density,0.02,local,3,mixed,20,0.02,0,8,emergency,True,1,1,0,1,34,62.54233396612108
density,0.02,local,3,mixed,20,0.02,1,15,emergency,True,1,1,0,1,16,1.4540000120177865
density,0.02,local,3,mixed,20,0.02,2,18,blockage,False,1,1,0,1,4,0.7657079841010273
density,0.02,local,3,mixed,20,0.02,3,59,blockage,True,10,10,0,1,129,101.05633299099281
density,0.02,local,3,mixed,20,0.02,4,73,blockage,False,2,2,0,1,44,14.663207984995097
density,0.02,local,3,mixed,20,0.02,5,95,breakdown,False,1,1,0,1,3,0.4392910050228238
density,0.02,local,3,mixed,20,0.02,6,98,blockage,False,2,2,0,1,6,5.700874957256019
density,0.02,local,3,mixed,20,0.02,7,102,breakdown,True,5,5,0,1,193,48.91391599085182
density,0.02,local,3,mixed,20,0.02,8,103,blockage,True,1,1,0,1,4,1.787415996659547
density,0.02,local,6,mixed,20,0.02,0,12,emergency,True,1,1,0,1,24,30.239249987062067
density,0.02,local,6,mixed,20,0.02,1,13,blockage,False,0,0,0,0,0,0.0422910088673234
density,0.02,local,6,mixed,20,0.02,2,60,breakdown,False,2,2,0,1,3,1.6380830202251673
density,0.02,local,6,mixed,20,0.02,3,72,blockage,False,1,2,1,3,34,11.748708027880639
density,0.02,local,6,mixed,20,0.02,4,74,breakdown,False,3,4,1,2,19,14.99191700713709
density,0.02,local,6,mixed,20,0.02,5,75,blockage,False,2,2,0,1,9,1.5708329738117754
density,0.02,local,6,mixed,20,0.02,6,76,blockage,False,1,1,0,1,4,2.1273340098559856
density,0.02,local,6,mixed,20,0.02,7,83,emergency,True,1,1,0,1,7,2.3210830404423177
density,0.02,local,6,mixed,20,0.02,8,88,blockage,False,3,3,0,1,14,2.706583996769041
density,0.0,full,7,mixed,20,0.0,0,37,breakdown,False,3,18,15,5,40,98.16024999599904
density,0.0,full,7,mixed,20,0.0,1,55,breakdown,False,3,19,16,5,40,25.224208016879857
density,0.0,full,7,mixed,20,0.0,2,95,emergency,True,1,15,14,5,40,330.7629590271972
density,0.0,full,7,mixed,20,0.0,3,105,emergency,True,1,7,6,5,40,144.2662079934962
density,0.02,local,5,mixed,20,0.02,0,14,emergency,True,1,0,0,1,50,75.56670805206522
density,0.02,local,5,mixed,20,0.02,1,49,blockage,False,1,1,0,1,21,14.099833031650633
density,0.02,local,5,mixed,20,0.02,2,49,breakdown,False,1,1,0,1,0,4.73429198609665
density,0.02,local,5,mixed,20,0.02,3,60,blockage,True,4,6,2,3,84,91.31162497214973
density,0.02,local,5,mixed,20,0.02,4,62,blockage,False,4,4,0,1,72,53.01808298099786
density,0.02,local,5,mixed,20,0.02,5,69,breakdown,False,1,1,0,1,2,1.013208006042987
density,0.02,local,5,mixed,20,0.02,6,76,blockage,False,2,2,0,1,48,26.67941601248458
density,0.02,local,5,mixed,20,0.02,7,97,emergency,True,1,1,0,1,8,0.8948749746195972
density,0.02,local,5,mixed,20,0.02,8,104,blockage,False,0,0,0,0,0,0.03304099664092064
density,0.02,local,4,mixed,20,0.02,0,12,blockage,False,1,1,0,1,5,1.3643330312334
density,0.02,local,4,mixed,20,0.02,1,19,breakdown,False,3,3,0,1,78,128.38670797646046
density,0.02,local,4,mixed,20,0.02,2,36,emergency,True,1,1,0,1,71,181.78345798514783
density,0.02,local,4,mixed,20,0.02,3,52,blockage,True,5,5,0,1,97,45.6572090042755
density,0.02,local,4,mixed,20,0.02,4,57,blockage,False,5,5,0,2,119,88.55645899893716
density,0.02,local,4,mixed,20,0.02,5,60,blockage,False,0,0,0,0,0,0.04495802568271756
density,0.02,local,4,mixed,20,0.02,6,78,emergency,True,1,1,0,1,8,8.480290998704731
density,0.02,local,4,mixed,20,0.02,7,88,blockage,True,4,4,0,1,18,7.861458987463266
density,0.02,local,4,mixed,20,0.02,8,104,breakdown,False,1,1,0,1,2,2.7635409496724606
density,0.02,solo,1,mixed,20,0.02,0,43,blockage,False,2,2,0,1,11,5.703250004444271
density,0.02,solo,1,mixed,20,0.02,1,51,breakdown,False,3,3,0,1,6,14.575792010873556
density,0.02,solo,1,mixed,20,0.02,2,80,blockage,False,1,1,0,1,2,2.2625839919783175
density,0.02,solo,1,mixed,20,0.02,3,92,emergency,True,1,1,0,1,0,1.644417003262788
density,0.02,solo,1,mixed,20,0.02,4,95,blockage,False,3,3,0,1,11,11.501125001814216
density,0.02,solo,1,mixed,20,0.02,5,95,emergency,True,1,1,0,1,6,1.5276669873856008
density,0.02,solo,1,mixed,20,0.02,6,98,breakdown,False,3,3,0,1,4,4.602208035066724
density,0.02,solo,1,mixed,20,0.02,7,107,blockage,False,1,1,0,1,3,0.35679200664162636
density,0.02,solo,1,mixed,20,0.02,8,115,blockage,False,1,1,0,1,0,2.2591250017285347
density,0.02,solo,3,mixed,20,0.02,0,8,emergency,True,1,1,0,1,4,13.024499989114702
density,0.02,solo,3,mixed,20,0.02,1,15,emergency,True,1,1,0,1,2,1.1951670167036355
density,0.02,solo,3,mixed,20,0.02,2,18,blockage,False,1,1,0,1,4,0.7532500312663615
density,0.02,solo,3,mixed,20,0.02,3,59,blockage,True,10,10,0,1,25,15.862624975852668
density,0.02,solo,3,mixed,20,0.02,4,73,blockage,False,2,2,0,1,12,2.997542032971978
density,0.02,solo,3,mixed,20,0.02,5,95,breakdown,False,1,1,0,1,3,0.4647500463761389
density,0.02,solo,3,mixed,20,0.02,6,98,blockage,False,2,2,0,1,0,3.5864589735865593
density,0.02,solo,3,mixed,20,0.02,7,102,breakdown,True,5,5,0,1,63,20.578333002049476
density,0.02,solo,3,mixed,20,0.02,8,103,blockage,True,1,1,0,1,4,1.8534999690018594
density,0.02,solo,2,mixed,20,0.02,0,18,blockage,False,2,2,0,1,8,7.972416991833597
density,0.02,solo,2,mixed,20,0.02,1,26,breakdown,False,2,2,0,1,2,7.492000004276633
density,0.02,solo,2,mixed,20,0.02,2,28,emergency,True,1,1,0,1,2,7.217750011477619
density,0.02,solo,2,mixed,20,0.02,3,43,blockage,False,1,1,0,1,4,2.964832994621247
density,0.02,solo,2,mixed,20,0.02,4,57,blockage,False,0,0,0,0,0,0.03929197555407882
density,0.02,solo,2,mixed,20,0.02,5,66,emergency,True,1,1,0,1,1,7.763125002384186
density,0.02,solo,2,mixed,20,0.02,6,69,blockage,True,1,1,0,1,1,5.425583047326654
density,0.02,solo,2,mixed,20,0.02,7,83,blockage,False,1,1,0,1,2,0.7804579799994826
density,0.02,solo,2,mixed,20,0.02,8,97,breakdown,False,2,2,0,1,1,1.950250007212162
density,0.02,solo,0,mixed,20,0.02,0,11,blockage,False,1,1,0,1,5,22.19991700258106
density,0.02,solo,0,mixed,20,0.02,1,28,blockage,False,3,3,0,1,11,19.400124961975962
density,0.02,solo,0,mixed,20,0.02,2,46,breakdown,True,8,8,0,1,43,39.29258295102045
density,0.02,solo,0,mixed,20,0.02,3,52,emergency,True,1,1,0,1,0,4.487917001824826
density,0.02,solo,0,mixed,20,0.02,4,62,blockage,False,1,1,0,1,2,1.4526659506373107
density,0.02,solo,0,mixed,20,0.02,5,99,breakdown,True,7,7,0,1,24,16.115875041577965
density,0.02,solo,0,mixed,20,0.02,6,102,emergency,True,1,1,0,1,3,1.9172090105712414
density,0.02,solo,0,mixed,20,0.02,7,110,blockage,False,1,1,0,1,3,2.0944579737260938
density,0.02,solo,0,mixed,20,0.02,8,117,blockage,False,0,0,0,0,0,0.041624996811151505
density,0.02,solo,4,mixed,20,0.02,0,12,blockage,False,1,1,0,1,5,0.9619169868528843
density,0.02,solo,4,mixed,20,0.02,1,19,breakdown,False,3,3,0,1,12,6.13304105354473
density,0.02,solo,4,mixed,20,0.02,2,36,emergency,True,1,1,0,1,1,1.6889999969862401
density,0.02,solo,4,mixed,20,0.02,3,52,blockage,True,5,5,0,1,15,25.22929199039936
density,0.02,solo,4,mixed,20,0.02,4,57,blockage,False,5,5,0,1,17,22.377624991349876
density,0.02,solo,4,mixed,20,0.02,5,60,blockage,False,0,0,0,0,0,0.08762499783188105
density,0.02,solo,4,mixed,20,0.02,6,78,emergency,True,1,1,0,1,0,5.111916980240494
density,0.02,solo,4,mixed,20,0.02,7,88,blockage,True,4,4,0,1,6,3.4962500212714076
density,0.02,solo,4,mixed,20,0.02,8,104,breakdown,False,1,1,0,1,2,1.04058301076293
density,0.02,solo,5,mixed,20,0.02,0,14,emergency,True,1,0,0,1,2,5.239624995738268
density,0.02,solo,5,mixed,20,0.02,1,49,blockage,False,1,1,0,1,1,16.015458037145436
density,0.02,solo,5,mixed,20,0.02,2,49,breakdown,False,1,1,0,1,0,1.480375009123236
density,0.02,solo,5,mixed,20,0.02,3,60,blockage,True,4,4,0,1,10,7.377207977697253
density,0.02,solo,5,mixed,20,0.02,4,62,blockage,False,4,4,0,1,10,9.724417002871633
density,0.02,solo,5,mixed,20,0.02,5,69,breakdown,False,1,1,0,1,2,0.980124983470887
density,0.02,solo,5,mixed,20,0.02,6,76,blockage,False,2,2,0,1,4,6.689916015602648
density,0.02,solo,5,mixed,20,0.02,7,97,emergency,True,1,1,0,1,0,0.9150829864665866
density,0.02,solo,5,mixed,20,0.02,8,104,blockage,False,0,0,0,0,0,0.034333032090216875
density,0.02,local,8,mixed,20,0.02,0,18,blockage,True,6,6,0,1,94,160.51291598705575
density,0.02,local,8,mixed,20,0.02,1,24,blockage,False,1,1,0,1,32,53.59537497861311
density,0.02,local,8,mixed,20,0.02,2,35,emergency,True,1,1,0,1,67,62.09012505132705
density,0.02,local,8,mixed,20,0.02,3,41,emergency,True,1,1,0,1,36,63.81429103203118
density,0.02,local,8,mixed,20,0.02,4,44,blockage,False,2,2,0,1,22,11.593708011787385
density,0.02,local,8,mixed,20,0.02,5,67,blockage,False,1,1,0,1,45,52.76966601377353
density,0.02,local,8,mixed,20,0.02,6,80,breakdown,False,2,2,0,1,60,25.642332970164716
density,0.02,local,8,mixed,20,0.02,7,91,breakdown,False,2,2,0,1,12,1.476457982789725
density,0.02,local,8,mixed,20,0.02,8,92,blockage,False,3,6,3,3,166,33.75549998600036
density,0.02,local,9,mixed,20,0.02,0,37,blockage,False,0,0,0,0,0,0.09120802860707045
density,0.02,local,9,mixed,20,0.02,1,47,emergency,True,1,1,0,1,89,212.37891702912748
density,0.02,local,9,mixed,20,0.02,2,58,blockage,False,5,5,0,1,99,83.40012497501448
density,0.02,local,9,mixed,20,0.02,3,61,emergency,True,1,1,0,1,4,6.01937499595806
density,0.02,local,9,mixed,20,0.02,4,72,breakdown,True,7,8,1,3,92,71.64020801428705
density,0.02,local,9,mixed,20,0.02,5,79,blockage,False,3,3,0,1,57,5.31074998434633
density,0.02,local,9,mixed,20,0.02,6,84,blockage,False,2,2,0,1,25,24.580915982369334
density,0.02,local,9,mixed,20,0.02,7,98,breakdown,False,2,2,0,1,31,0.9157079621218145
density,0.02,local,9,mixed,20,0.02,8,120,blockage,True,1,1,0,1,2,0.7961249793879688
density,0.02,solo,6,mixed,20,0.02,0,12,emergency,True,1,1,0,1,2,18.36345804622397
density,0.02,solo,6,mixed,20,0.02,1,13,blockage,False,0,0,0,0,0,0.09895802941173315
density,0.02,solo,6,mixed,20,0.02,2,60,breakdown,False,2,2,0,1,3,3.8829160039313138
density,0.02,solo,6,mixed,20,0.02,3,72,blockage,False,1,1,0,1,4,7.4175840127281845
density,0.02,solo,6,mixed,20,0.02,4,74,breakdown,False,3,3,0,1,9,10.034832987003028
density,0.02,solo,6,mixed,20,0.02,5,75,blockage,False,2,2,0,1,9,1.5626249951310456
density,0.02,solo,6,mixed,20,0.02,6,76,blockage,False,1,1,0,1,4,2.182708994951099
density,0.02,solo,6,mixed,20,0.02,7,83,emergency,True,1,1,0,1,1,3.002292010933161
density,0.02,solo,6,mixed,20,0.02,8,88,blockage,False,3,3,0,1,14,2.339416998438537
density,0.02,solo,7,mixed,20,0.02,0,23,blockage,False,1,1,0,1,6,2.9721250175498426
density,0.02,solo,7,mixed,20,0.02,1,29,blockage,False,3,3,0,1,8,50.16524996608496
density,0.02,solo,7,mixed,20,0.02,2,39,breakdown,False,1,1,0,1,1,1.4422080130316317
density,0.02,solo,7,mixed,20,0.02,3,79,emergency,True,1,1,0,1,2,3.5683750174939632
density,0.02,solo,7,mixed,20,0.02,4,93,blockage,False,0,0,0,0,0,0.03908301005139947
density,0.02,solo,7,mixed,20,0.02,5,95,blockage,False,1,1,0,1,1,1.1392920278012753
density,0.02,solo,7,mixed,20,0.02,6,95,emergency,True,1,1,0,1,1,1.828958047553897
density,0.02,solo,7,mixed,20,0.02,7,112,blockage,True,2,2,0,1,4,14.49283299734816
density,0.02,solo,7,mixed,20,0.02,8,112,breakdown,False,2,2,0,1,4,3.9147910429164767
density,0.02,solo,8,mixed,20,0.02,0,18,blockage,True,6,6,0,1,18,33.361790992785245
density,0.02,solo,8,mixed,20,0.02,1,24,blockage,False,1,1,0,1,0,4.533124971203506
density,0.02,solo,8,mixed,20,0.02,2,35,emergency,True,1,1,0,1,9,3.3039580448530614
density,0.02,solo,8,mixed,20,0.02,3,41,emergency,True,1,1,0,1,0,5.797958001494408
density,0.02,solo,8,mixed,20,0.02,4,44,blockage,False,2,2,0,1,4,5.672209023032337
density,0.02,solo,8,mixed,20,0.02,5,67,blockage,False,1,1,0,1,1,2.1009580232203007
density,0.02,solo,8,mixed,20,0.02,6,80,breakdown,False,2,2,0,1,2,9.473042038735002
density,0.02,solo,8,mixed,20,0.02,7,91,breakdown,False,2,2,0,1,2,2.5206669815815985
density,0.02,solo,8,mixed,20,0.02,8,92,blockage,False,3,5,2,1,54,36.51491703931242
density,0.02,solo,9,mixed,20,0.02,0,37,blockage,False,0,0,0,0,0,0.0921249738894403
density,0.02,solo,9,mixed,20,0.02,1,47,emergency,True,1,1,0,1,3,15.284750028513372
density,0.02,solo,9,mixed,20,0.02,2,58,blockage,False,5,5,0,1,27,12.652500008698553
density,0.02,solo,9,mixed,20,0.02,3,61,emergency,True,1,1,0,1,0,11.338792042806745
density,0.02,solo,9,mixed,20,0.02,4,72,breakdown,True,7,7,0,1,22,39.88379199290648
density,0.02,solo,9,mixed,20,0.02,5,79,blockage,False,3,3,0,1,13,7.722584006842226
density,0.02,solo,9,mixed,20,0.02,6,84,blockage,False,2,2,0,1,4,3.7154589663259685
density,0.02,solo,9,mixed,20,0.02,7,98,breakdown,False,2,2,0,1,5,2.7985419728793204
density,0.02,solo,9,mixed,20,0.02,8,120,blockage,True,1,1,0,1,3,0.9495840058661997
density,0.02,local,7,mixed,20,0.02,0,23,blockage,False,1,1,0,1,58,63.467291998676956
density,0.02,local,7,mixed,20,0.02,1,29,blockage,False,3,3,0,3,173,518.770124996081
density,0.02,local,7,mixed,20,0.02,2,39,breakdown,False,1,1,0,1,1,1.3734590029343963
density,0.02,local,7,mixed,20,0.02,3,79,emergency,True,1,1,0,1,30,31.529375002719462
density,0.02,local,7,mixed,20,0.02,4,93,blockage,False,0,0,0,0,0,0.044000043999403715
density,0.02,local,7,mixed,20,0.02,5,95,blockage,False,1,1,0,1,1,1.1876249918714166
density,0.02,local,7,mixed,20,0.02,6,95,emergency,True,1,1,0,1,23,1.3444999931380153
density,0.02,local,7,mixed,20,0.02,7,112,blockage,True,2,2,0,1,44,52.702374989166856
density,0.02,local,7,mixed,20,0.02,8,112,breakdown,False,2,2,0,1,18,1.384583010803908
density,0.02,local,0,mixed,20,0.02,0,11,blockage,False,1,1,0,1,105,507.123582996428
density,0.02,local,0,mixed,20,0.02,1,28,blockage,False,3,4,1,3,74,75.70595800643787
density,0.02,local,0,mixed,20,0.02,2,46,breakdown,True,8,9,1,3,225,342.17045904370025
density,0.02,local,0,mixed,20,0.02,3,52,emergency,True,1,1,0,1,8,14.19937500031665
density,0.02,local,0,mixed,20,0.02,4,62,blockage,False,1,2,1,2,10,7.0628749672323465
density,0.02,local,0,mixed,20,0.02,5,99,breakdown,True,7,8,1,2,58,42.895708000287414
density,0.02,local,0,mixed,20,0.02,6,102,emergency,True,1,1,0,1,26,7.018958043772727
density,0.02,local,0,mixed,20,0.02,7,110,blockage,False,1,1,0,1,39,14.527958992403
density,0.02,local,0,mixed,20,0.02,8,117,blockage,False,0,0,0,0,0,0.046916946303099394
density,0.02,full,1,mixed,20,0.02,0,43,blockage,False,2,14,12,5,40,54.835334012750536
density,0.02,full,1,mixed,20,0.02,1,51,breakdown,False,3,16,13,5,40,44.32454198831692
density,0.02,full,1,mixed,20,0.02,2,80,blockage,False,2,11,9,5,40,10.153833020012826
density,0.02,full,1,mixed,20,0.02,3,92,emergency,True,1,13,12,5,40,79.04745801351964
density,0.02,full,1,mixed,20,0.02,4,95,blockage,False,2,12,10,5,40,9.693792031612247
density,0.02,full,1,mixed,20,0.02,5,95,emergency,True,1,10,9,5,40,15.759000030811876
density,0.02,full,1,mixed,20,0.02,6,98,breakdown,False,1,7,6,5,40,11.924499995075166
density,0.02,full,1,mixed,20,0.02,7,107,blockage,False,2,11,9,5,40,6.334999983664602
density,0.02,full,1,mixed,20,0.02,8,115,blockage,False,0,0,0,5,40,6.1312090256251395
density,0.02,full,3,mixed,20,0.02,0,8,emergency,True,1,18,17,5,40,120.15037494711578
density,0.02,full,3,mixed,20,0.02,1,15,emergency,True,1,14,13,5,40,99.14520796155557
density,0.02,full,3,mixed,20,0.02,2,18,blockage,False,1,8,7,5,40,98.72470796108246
density,0.02,full,3,mixed,20,0.02,3,59,blockage,True,9,12,3,5,40,42.95425000600517
density,0.02,full,3,mixed,20,0.02,4,73,blockage,False,2,3,1,5,40,37.69104101229459
density,0.02,full,3,mixed,20,0.02,5,95,breakdown,False,1,2,1,5,40,8.744917053263634
density,0.02,full,3,mixed,20,0.02,6,98,blockage,False,2,4,2,5,40,11.733625025954098
density,0.02,full,3,mixed,20,0.02,7,102,breakdown,True,2,7,5,5,47,15.568749979138374
density,0.02,full,3,mixed,20,0.02,8,103,blockage,True,1,1,0,5,38,14.188208035193384
density,0.02,full,4,mixed,20,0.02,0,12,blockage,False,1,9,8,5,40,86.48441603872925
density,0.02,full,4,mixed,20,0.02,1,19,breakdown,False,3,18,15,5,40,146.08291600598022
density,0.02,full,4,mixed,20,0.02,2,36,emergency,True,1,16,15,5,40,79.25812504254282
density,0.02,full,4,mixed,20,0.02,3,52,blockage,True,7,17,10,5,40,59.37512498348951
density,0.02,full,4,mixed,20,0.02,4,57,blockage,False,6,10,4,5,40,51.23916600132361
density,0.02,full,4,mixed,20,0.02,5,60,blockage,False,0,15,15,5,40,29.56470800563693
density,0.02,full,4,mixed,20,0.02,6,78,emergency,True,1,9,8,5,40,18.23699998203665
density,0.02,full,4,mixed,20,0.02,7,88,blockage,True,2,2,0,5,40,12.175625015515834
density,0.02,full,4,mixed,20,0.02,8,104,breakdown,False,2,7,5,5,40,13.163374969735742
density,0.02,full,7,mixed,20,0.02,0,23,blockage,False,1,15,14,5,40,99.94112502317876
density,0.02,full,7,mixed,20,0.02,1,29,blockage,False,0,5,5,5,40,117.78745899209753
density,0.02,full,7,mixed,20,0.02,2,39,breakdown,False,1,13,12,5,40,43.62237500026822
density,0.02,full,7,mixed,20,0.02,3,79,emergency,True,1,18,17,5,40,17.570750031154603
density,0.02,full,7,mixed,20,0.02,4,93,blockage,False,0,0,0,5,40,7.109666999895126
density,0.02,full,7,mixed,20,0.02,5,95,blockage,False,1,14,13,5,40,20.03029198385775
density,0.02,full,7,mixed,20,0.02,6,95,emergency,True,1,8,7,5,40,21.06104203267023
density,0.02,full,7,mixed,20,0.02,7,112,blockage,True,2,9,7,5,40,13.687958009541035
density,0.02,full,7,mixed,20,0.02,8,112,breakdown,False,2,10,8,5,40,32.906125008594245
density,0.02,full,2,mixed,20,0.02,0,18,blockage,False,2,11,9,5,40,82.02283398713917
density,0.02,full,2,mixed,20,0.02,1,26,breakdown,False,2,14,12,5,40,198.58287501847371
density,0.02,full,2,mixed,20,0.02,2,28,emergency,True,1,10,9,5,40,160.48962500644848
density,0.02,full,2,mixed,20,0.02,3,43,blockage,False,1,12,11,5,40,53.81295899860561
density,0.02,full,2,mixed,20,0.02,4,57,blockage,False,0,14,14,5,40,42.78629203327
density,0.02,full,2,mixed,20,0.02,5,66,emergency,True,1,7,6,5,40,25.397291989065707
density,0.02,full,2,mixed,20,0.02,6,69,blockage,True,0,0,0,5,40,44.37254200456664
density,0.02,full,2,mixed,20,0.02,7,83,blockage,False,2,10,8,5,40,18.253166985232383
density,0.02,full,2,mixed,20,0.02,8,97,breakdown,False,2,7,5,5,40,19.999624986667186
density,0.02,full,6,mixed,20,0.02,0,12,emergency,True,1,16,15,5,40,112.08549997536466
density,0.02,full,6,mixed,20,0.02,1,13,blockage,False,0,0,0,5,40,81.11008303239942
density,0.02,full,6,mixed,20,0.02,2,60,breakdown,False,2,11,9,5,40,26.72133402666077
density,0.02,full,6,mixed,20,0.02,3,72,blockage,False,1,4,3,5,40,49.7760419966653
density,0.02,full,6,mixed,20,0.02,4,74,breakdown,False,3,14,11,5,40,20.68962500197813
density,0.02,full,6,mixed,20,0.02,5,75,blockage,False,2,7,5,5,40,31.48695797426626
density,0.02,full,6,mixed,20,0.02,6,76,blockage,False,1,8,7,5,40,52.78716702014208
density,0.02,full,6,mixed,20,0.02,7,83,emergency,True,1,12,11,5,40,26.586666994262487
density,0.02,full,6,mixed,20,0.02,8,88,blockage,False,3,13,10,5,40,15.532042016275227
density,0.02,full,0,mixed,20,0.02,0,11,blockage,False,1,14,13,5,40,291.8166249874048
density,0.02,full,0,mixed,20,0.02,1,28,blockage,False,3,15,12,5,40,159.5830830046907
density,0.02,full,0,mixed,20,0.02,2,46,breakdown,True,10,17,7,5,56,47.378749994095415
density,0.02,full,0,mixed,20,0.02,3,52,emergency,True,1,14,13,5,38,68.73270898358896
density,0.02,full,0,mixed,20,0.02,4,62,blockage,False,1,10,9,5,38,67.33729195548221
density,0.02,full,0,mixed,20,0.02,5,99,breakdown,True,3,11,8,5,41,19.88529204390943
density,0.02,full,0,mixed,20,0.02,6,102,emergency,True,1,10,9,5,36,21.8120000208728
density,0.02,full,0,mixed,20,0.02,7,110,blockage,False,2,3,1,5,36,9.888375003356487
density,0.02,full,0,mixed,20,0.02,8,117,blockage,False,1,1,0,5,36,8.297833031974733
density,0.02,full,5,mixed,20,0.02,0,14,emergency,True,1,18,17,5,40,188.3679159800522
density,0.02,full,5,mixed,20,0.02,1,49,blockage,False,1,11,10,5,40,82.0912920171395
density,0.02,full,5,mixed,20,0.02,2,49,breakdown,False,1,6,5,5,40,63.41558397980407
density,0.02,full,5,mixed,20,0.02,3,60,blockage,True,2,11,9,5,40,43.75137505121529
density,0.02,full,5,mixed,20,0.02,4,62,blockage,False,3,10,7,5,40,48.93441603053361
density,0.02,full,5,mixed,20,0.02,5,69,breakdown,False,2,15,13,5,40,72.54808297147974
density,0.02,full,5,mixed,20,0.02,6,76,blockage,False,2,5,3,5,40,58.28887497773394
density,0.02,full,5,mixed,20,0.02,7,97,emergency,True,1,18,17,5,40,18.599625036586076
density,0.02,full,5,mixed,20,0.02,8,104,blockage,False,0,0,0,5,40,25.421416969038546
density,0.02,full,9,mixed,20,0.02,0,37,blockage,False,0,13,13,5,40,54.81362499995157
density,0.02,full,9,mixed,20,0.02,1,47,emergency,True,1,10,9,5,40,32.45720802806318
density,0.02,full,9,mixed,20,0.02,2,58,blockage,False,3,5,2,5,40,15.336207987274975
density,0.02,full,9,mixed,20,0.02,3,61,emergency,True,1,7,6,5,40,21.205290977377445
density,0.02,full,9,mixed,20,0.02,4,72,breakdown,True,9,17,8,5,64,25.814374967012554
density,0.02,full,9,mixed,20,0.02,5,79,blockage,False,2,10,8,5,38,29.161999991629273
density,0.02,full,9,mixed,20,0.02,6,84,blockage,False,3,9,6,5,38,22.632042004261166
density,0.02,full,9,mixed,20,0.02,7,98,breakdown,False,2,7,5,5,38,17.130166990682483
density,0.02,full,9,mixed,20,0.02,8,120,blockage,True,2,8,6,5,38,11.250499985180795
density,0.02,full,8,mixed,20,0.02,0,18,blockage,True,6,15,9,5,40,113.35458402754739
density,0.02,full,8,mixed,20,0.02,1,24,blockage,False,1,9,8,5,40,75.42016700608656
density,0.02,full,8,mixed,20,0.02,2,35,emergency,True,1,17,16,5,40,66.55441602924839
density,0.02,full,8,mixed,20,0.02,3,41,emergency,True,1,17,16,5,40,84.96645896229893
density,0.02,full,8,mixed,20,0.02,4,44,blockage,False,3,4,1,5,40,52.94937500730157
density,0.02,full,8,mixed,20,0.02,5,67,blockage,False,0,12,12,5,40,133.7162500130944
density,0.02,full,8,mixed,20,0.02,6,80,breakdown,False,1,14,13,5,40,30.05291597219184
density,0.02,full,8,mixed,20,0.02,7,91,breakdown,False,1,13,12,5,40,24.927458027377725
density,0.02,full,8,mixed,20,0.02,8,92,blockage,False,4,9,5,5,40,31.024666968733072
density,0.05,local,4,mixed,20,0.05,0,12,blockage,False,1,1,0,1,5,0.8729579858481884
density,0.05,local,4,mixed,20,0.05,1,13,blockage,True,8,10,2,2,113,214.69529101159424
density,0.05,local,4,mixed,20,0.05,2,14,blockage,False,2,4,2,2,29,62.588916975073516
density,0.05,local,4,mixed,20,0.05,3,21,blockage,False,3,3,0,1,94,151.98349999263883
density,0.05,local,4,mixed,20,0.05,4,30,emergency,True,1,1,0,1,25,2.6353339781053364
density,0.05,local,4,mixed,20,0.05,5,35,blockage,False,0,0,0,0,0,0.03762502456083894
density,0.05,local,4,mixed,20,0.05,6,45,breakdown,False,2,2,0,1,33,5.7884170091710985
density,0.05,local,4,mixed,20,0.05,7,48,breakdown,False,1,1,0,1,4,5.641499999910593
density,0.05,local,4,mixed,20,0.05,8,52,blockage,True,5,5,0,1,125,29.063458961900324
density,0.05,local,4,mixed,20,0.05,9,54,blockage,False,0,0,0,0,0,0.04329101648181677
density,0.05,local,4,mixed,20,0.05,10,57,blockage,False,4,4,0,1,97,95.28770798351616
density,0.05,local,4,mixed,20,0.05,11,60,blockage,False,0,0,0,0,0,0.04287500632926822
density,0.05,local,4,mixed,20,0.05,12,66,blockage,False,0,0,0,0,0,0.02920802216976881
density,0.05,local,4,mixed,20,0.05,13,68,blockage,False,1,1,0,1,26,31.096375023480505
density,0.05,local,4,mixed,20,0.05,14,84,emergency,True,1,2,1,3,34,61.76362500991672
density,0.05,local,4,mixed,20,0.05,15,88,blockage,True,4,6,2,3,55,28.42829201836139
density,0.05,local,4,mixed,20,0.05,16,94,blockage,False,0,0,0,0,0,0.09112502448260784
density,0.05,local,4,mixed,20,0.05,17,98,blockage,False,2,2,0,1,42,64.75854100426659
density,0.05,local,7,mixed,20,0.05,0,8,breakdown,False,3,3,0,1,56,51.25370802124962
density,0.05,local,7,mixed,20,0.05,1,15,breakdown,False,3,5,2,2,54,122.1214160323143
density,0.05,local,7,mixed,20,0.05,2,17,blockage,False,0,0,0,0,0,0.04720798460766673
density,0.05,local,7,mixed,20,0.05,3,20,blockage,False,0,0,0,0,0,0.031000003218650818
density,0.05,local,7,mixed,20,0.05,4,23,blockage,False,1,1,0,1,47,50.564375007525086
density,0.05,local,7,mixed,20,0.05,5,25,blockage,False,2,2,0,1,21,38.850750017445534
density,0.05,local,7,mixed,20,0.05,6,29,blockage,False,2,2,0,1,53,75.59912500437349
density,0.05,local,7,mixed,20,0.05,7,31,blockage,False,2,3,1,2,40,89.45816598134115
density,0.05,local,7,mixed,20,0.05,8,44,blockage,False,3,3,0,1,89,130.52829098887742
density,0.05,local,7,mixed,20,0.05,9,58,blockage,False,0,0,0,0,0,0.04416698357090354
density,0.05,local,7,mixed,20,0.05,10,77,blockage,True,3,3,0,1,41,81.81804197374731
density,0.05,local,7,mixed,20,0.05,11,82,blockage,False,3,3,0,1,16,3.8518329965882003
density,0.05,local,7,mixed,20,0.05,12,82,emergency,True,1,1,0,1,14,0.8197920396924019
density,0.05,local,7,mixed,20,0.05,13,87,blockage,True,3,3,0,1,22,4.439459007699043
density,0.05,local,7,mixed,20,0.05,14,89,emergency,True,1,1,0,1,4,2.9896670021116734
density,0.05,local,7,mixed,20,0.05,15,93,blockage,False,0,0,0,0,0,0.03462500171735883
density,0.05,local,7,mixed,20,0.05,16,95,blockage,False,1,1,0,1,16,13.152458996046335
density,0.05,local,7,mixed,20,0.05,17,112,blockage,True,2,2,0,1,5,1.8579160096123815
density,0.05,local,3,mixed,20,0.05,0,8,breakdown,False,1,1,0,1,0,8.83741700090468
density,0.05,local,3,mixed,20,0.05,1,9,blockage,False,3,4,1,3,108,210.1248330436647
density,0.05,local,3,mixed,20,0.05,2,9,blockage,False,2,2,0,2,33,109.23341702437028
density,0.05,local,3,mixed,20,0.05,3,18,blockage,False,1,1,0,1,15,11.402749980334193
density,0.05,local,3,mixed,20,0.05,4,21,blockage,False,2,2,0,1,46,47.89399995934218
density,0.05,local,3,mixed,20,0.05,5,27,emergency,True,1,1,0,1,43,27.903040987439454
density,0.05,local,3,mixed,20,0.05,6,31,emergency,True,1,1,0,1,56,210.5898750014603
density,0.05,local,3,mixed,20,0.05,7,32,blockage,False,0,0,0,0,0,0.04495796747505665
density,0.05,local,3,mixed,20,0.05,8,32,breakdown,True,4,4,0,1,54,23.529540980234742
density,0.05,local,3,mixed,20,0.05,9,42,blockage,False,1,1,0,1,22,8.353707962669432
density,0.05,local,3,mixed,20,0.05,10,58,blockage,False,2,2,0,1,16,5.928791011683643
density,0.05,local,3,mixed,20,0.05,11,59,blockage,True,10,11,1,3,100,57.8192500397563
density,0.05,local,3,mixed,20,0.05,12,68,blockage,False,0,0,0,0,0,0.04370900569483638
density,0.05,local,3,mixed,20,0.05,13,73,blockage,False,1,1,0,1,27,9.556042030453682
density,0.05,local,3,mixed,20,0.05,14,93,blockage,False,2,2,0,1,4,7.061708020046353
density,0.05,local,3,mixed,20,0.05,15,97,blockage,False,2,2,0,1,3,1.1114170192740858
density,0.05,local,3,mixed,20,0.05,16,98,blockage,False,3,3,0,1,22,11.974124994594604
density,0.05,local,3,mixed,20,0.05,17,103,blockage,True,2,2,0,1,2,2.7312920428812504
density,0.05,local,6,mixed,20,0.05,0,9,blockage,False,4,5,1,3,118,233.18137496244162
density,0.05,local,6,mixed,20,0.05,1,9,blockage,False,2,2,0,1,26,6.4881250145845115
density,0.05,local,6,mixed,20,0.05,2,13,blockage,False,0,0,0,0,0,0.11079199612140656
density,0.05,local,6,mixed,20,0.05,3,35,breakdown,False,1,1,0,1,7,2.9567500459961593
density,0.05,local,6,mixed,20,0.05,4,46,blockage,False,0,0,0,0,0,0.08349999552592635
density,0.05,local,6,mixed,20,0.05,5,55,blockage,False,3,3,0,1,27,5.054083012510091
density,0.05,local,6,mixed,20,0.05,6,60,emergency,True,1,2,1,2,25,31.192250025924295
density,0.05,local,6,mixed,20,0.05,7,62,blockage,True,5,5,0,1,175,253.29033297020942
density,0.05,local,6,mixed,20,0.05,8,67,blockage,False,1,1,0,1,5,1.2875000247731805
density,0.05,local,6,mixed,20,0.05,9,72,blockage,False,0,0,0,0,0,0.032999960239976645
density,0.05,local,6,mixed,20,0.05,10,75,blockage,False,1,1,0,1,4,0.539249973371625
density,0.05,local,6,mixed,20,0.05,11,76,blockage,False,1,1,0,1,34,7.69179203780368
density,0.05,local,6,mixed,20,0.05,12,81,emergency,True,1,1,0,1,37,26.194625010248274
density,0.05,local,6,mixed,20,0.05,13,88,blockage,False,2,2,0,1,36,7.807499961927533
density,0.05,local,6,mixed,20,0.05,14,89,blockage,True,2,2,0,1,105,109.36629201751202
density,0.05,local,6,mixed,20,0.05,15,92,blockage,False,1,1,0,1,15,5.886166007257998
density,0.05,local,6,mixed,20,0.05,16,94,breakdown,True,9,9,0,1,254,141.12637500511482
density,0.05,local,6,mixed,20,0.05,17,97,blockage,False,1,1,0,1,8,2.1295410115271807
density,0.05,local,0,mixed,20,0.05,0,11,blockage,False,1,1,0,1,105,528.3768330118619
density,0.05,local,0,mixed,20,0.05,1,28,blockage,False,3,4,1,3,74,76.78262499393895
density,0.05,local,0,mixed,20,0.05,2,36,emergency,True,1,1,0,1,16,18.20749999023974
density,0.05,local,0,mixed,20,0.05,3,37,blockage,False,2,2,0,1,39,24.635499983560294
density,0.05,local,0,mixed,20,0.05,4,37,blockage,False,3,4,1,2,54,181.04583298554644
density,0.05,local,0,mixed,20,0.05,5,43,emergency,True,1,1,0,1,30,66.2739590043202
density,0.05,local,0,mixed,20,0.05,6,47,blockage,False,2,3,1,3,60,34.56825000466779
density,0.05,local,0,mixed,20,0.05,7,62,blockage,False,1,1,0,1,2,1.0017500026151538
density,0.05,local,0,mixed,20,0.05,8,66,blockage,False,0,0,0,0,0,0.03262498648837209
density,0.05,local,0,mixed,20,0.05,9,73,blockage,True,4,5,1,3,40,24.55708396155387
density,0.05,local,0,mixed,20,0.05,10,86,breakdown,False,1,1,0,1,1,0.8425830164924264
density,0.05,local,0,mixed,20,0.05,11,102,blockage,True,0,0,0,0,0,0.1271660439670086
density,0.05,local,0,mixed,20,0.05,12,104,breakdown,False,2,2,0,1,4,0.8084580185823143
density,0.05,local,0,mixed,20,0.05,13,108,blockage,False,0,0,0,0,0,0.031750008929520845
density,0.05,local,0,mixed,20,0.05,14,110,blockage,False,2,2,0,1,37,7.975917018484324
density,0.05,local,0,mixed,20,0.05,15,111,blockage,False,4,5,1,3,37,17.080332967452705
density,0.05,local,0,mixed,20,0.05,16,117,blockage,False,0,0,0,0,0,0.045290973503142595
density,0.05,local,0,mixed,20,0.05,17,119,blockage,False,2,2,0,1,6,1.463416963815689
density,0.05,solo,0,mixed,20,0.05,0,11,blockage,False,1,1,0,1,5,20.6601659883745
density,0.05,solo,0,mixed,20,0.05,1,28,blockage,False,3,3,0,1,11,26.917708048131317
density,0.05,solo,0,mixed,20,0.05,2,36,emergency,True,1,1,0,1,2,13.20791698526591
density,0.05,solo,0,mixed,20,0.05,3,37,blockage,False,2,2,0,1,7,19.007875001989305
density,0.05,solo,0,mixed,20,0.05,4,37,blockage,False,3,3,0,1,11,37.97674999805167
density,0.05,solo,0,mixed,20,0.05,5,43,emergency,True,1,1,0,1,2,7.681375020183623
density,0.05,solo,0,mixed,20,0.05,6,47,blockage,False,2,2,0,1,6,4.900833999272436
density,0.05,solo,0,mixed,20,0.05,7,62,blockage,False,0,0,0,0,0,0.03791600465774536
density,0.05,solo,0,mixed,20,0.05,8,66,blockage,False,0,0,0,0,0,0.02720800694078207
density,0.05,solo,0,mixed,20,0.05,9,73,blockage,True,4,4,0,1,6,5.18699997337535
density,0.05,solo,0,mixed,20,0.05,10,86,breakdown,False,1,1,0,1,1,7.8222500160336494
density,0.05,solo,0,mixed,20,0.05,11,102,blockage,True,0,0,0,0,0,0.34079101169481874
density,0.05,solo,0,mixed,20,0.05,12,104,breakdown,False,2,2,0,1,3,1.6855000285431743
density,0.05,solo,0,mixed,20,0.05,13,108,blockage,False,0,0,0,0,0,0.040457991417497396
density,0.05,solo,0,mixed,20,0.05,14,110,blockage,False,1,1,0,1,3,0.7613750058226287
density,0.05,solo,0,mixed,20,0.05,15,111,blockage,False,5,5,0,1,8,13.12550000147894
density,0.05,solo,0,mixed,20,0.05,16,117,blockage,False,0,0,0,0,0,0.04116701893508434
density,0.05,solo,0,mixed,20,0.05,17,119,blockage,False,1,1,0,1,2,1.2912920210510492
density,0.05,solo,3,mixed,20,0.05,0,8,breakdown,False,1,1,0,1,0,10.60733402846381
density,0.05,solo,3,mixed,20,0.05,1,9,blockage,False,3,3,0,1,12,39.77745899464935
density,0.05,solo,3,mixed,20,0.05,2,9,blockage,False,2,2,0,1,5,49.10570802167058
density,0.05,solo,3,mixed,20,0.05,3,18,blockage,False,1,1,0,1,1,6.436166004277766
density,0.05,solo,3,mixed,20,0.05,4,21,blockage,False,2,2,0,1,6,9.29104199167341
density,0.05,solo,3,mixed,20,0.05,5,27,emergency,True,1,1,0,1,5,4.673874995205551
density,0.05,solo,3,mixed,20,0.05,6,31,emergency,True,1,1,0,1,4,3.490125003736466
density,0.05,solo,3,mixed,20,0.05,7,32,blockage,False,0,0,0,0,0,0.04595797508955002
density,0.05,solo,3,mixed,20,0.05,8,32,breakdown,True,4,4,0,1,22,13.620542013086379
density,0.05,solo,3,mixed,20,0.05,9,42,blockage,False,1,1,0,1,2,6.764542020391673
density,0.05,solo,3,mixed,20,0.05,10,58,blockage,False,2,2,0,1,4,3.8658329867757857
density,0.05,solo,3,mixed,20,0.05,11,59,blockage,True,10,10,0,1,29,25.18308296566829
density,0.05,solo,3,mixed,20,0.05,12,68,blockage,False,0,0,0,0,0,0.04154100315645337
density,0.05,solo,3,mixed,20,0.05,13,73,blockage,False,1,1,0,1,2,1.77966698538512
density,0.05,solo,3,mixed,20,0.05,14,93,blockage,False,3,3,0,1,7,5.939833004958928
density,0.05,solo,3,mixed,20,0.05,15,97,blockage,False,1,1,0,1,0,0.5422919639386237
density,0.05,solo,3,mixed,20,0.05,16,98,blockage,False,2,2,0,1,0,11.362124991137534
density,0.05,solo,3,mixed,20,0.05,17,103,blockage,True,2,2,0,1,7,3.3454999793320894
density,0.05,local,8,mixed,20,0.05,0,7,blockage,False,0,0,0,0,0,0.09350001346319914
density,0.05,local,8,mixed,20,0.05,1,11,breakdown,False,1,1,0,1,3,1.9895419827662408
density,0.05,local,8,mixed,20,0.05,2,13,breakdown,False,1,1,0,1,5,6.307874980848283
density,0.05,local,8,mixed,20,0.05,3,14,blockage,False,0,0,0,0,0,0.10062498040497303
density,0.05,local,8,mixed,20,0.05,4,18,blockage,True,5,5,0,1,34,11.4017499727197
density,0.05,local,8,mixed,20,0.05,5,22,blockage,False,0,0,0,0,0,0.04170800093561411
density,0.05,local,8,mixed,20,0.05,6,24,blockage,False,2,2,0,1,57,66.87199999578297
density,0.05,local,8,mixed,20,0.05,7,25,blockage,True,7,7,0,1,98,129.07349999295548
density,0.05,local,8,mixed,20,0.05,8,44,blockage,False,1,1,0,1,4,0.9452080121263862
density,0.05,local,8,mixed,20,0.05,9,53,emergency,True,1,1,0,1,26,72.64762499835342
density,0.05,local,8,mixed,20,0.05,10,61,blockage,True,4,4,0,1,89,585.9470419818535
density,0.05,local,8,mixed,20,0.05,11,64,blockage,False,2,3,1,3,68,85.94450005330145
density,0.05,local,8,mixed,20,0.05,12,67,blockage,False,1,2,1,2,19,25.6397079792805
density,0.05,local,8,mixed,20,0.05,13,71,blockage,False,3,3,0,1,9,2.5639159721322358
density,0.05,local,8,mixed,20,0.05,14,92,blockage,False,3,3,0,1,52,15.088415995705873
density,0.05,local,8,mixed,20,0.05,15,94,emergency,True,1,1,0,1,36,13.932666974142194
density,0.05,local,8,mixed,20,0.05,16,95,blockage,False,1,1,0,1,2,1.3755830004811287
density,0.05,local,8,mixed,20,0.05,17,97,blockage,False,0,0,0,0,0,0.03829097840934992
density,0.05,solo,1,mixed,20,0.05,0,9,blockage,False,2,2,0,1,3,15.53599996259436
density,0.05,solo,1,mixed,20,0.05,1,21,blockage,True,7,7,0,1,16,48.52791700977832
density,0.05,solo,1,mixed,20,0.05,2,21,blockage,True,13,13,0,1,28,66.77054200554267
density,0.05,solo,1,mixed,20,0.05,3,26,emergency,True,1,1,0,1,0,37.819874996785074
density,0.05,solo,1,mixed,20,0.05,4,30,breakdown,False,2,2,0,1,2,30.95487499376759
density,0.05,solo,1,mixed,20,0.05,5,35,blockage,False,0,0,0,0,0,0.09054195834323764
density,0.05,solo,1,mixed,20,0.05,6,43,blockage,False,2,2,0,1,11,2.5467080413363874
density,0.05,solo,1,mixed,20,0.05,7,47,breakdown,False,3,3,0,1,9,15.658332966268063
density,0.05,solo,1,mixed,20,0.05,8,48,blockage,True,9,9,0,1,29,117.62158299097791
density,0.05,solo,1,mixed,20,0.05,9,71,blockage,False,3,3,0,1,11,21.614000026602298
density,0.05,solo,1,mixed,20,0.05,10,75,emergency,True,1,1,0,1,1,7.390208018478006
density,0.05,solo,1,mixed,20,0.05,11,80,blockage,False,2,2,0,1,2,31.85929195024073
density,0.05,solo,1,mixed,20,0.05,12,83,blockage,False,1,1,0,1,2,8.013417012989521
density,0.05,solo,1,mixed,20,0.05,13,83,blockage,False,3,3,0,1,7,3.9433749625459313
density,0.05,solo,1,mixed,20,0.05,14,95,blockage,False,3,3,0,1,7,6.893958023283631
density,0.05,solo,1,mixed,20,0.05,15,107,blockage,False,2,2,0,1,5,1.8182090134359896
density,0.05,solo,1,mixed,20,0.05,16,109,blockage,False,0,0,0,0,0,0.042666972149163485
density,0.05,solo,1,mixed,20,0.05,17,115,blockage,False,1,1,0,1,2,1.0854590218514204
density,0.05,solo,4,mixed,20,0.05,0,12,blockage,False,1,1,0,1,5,0.9570830152370036
density,0.05,solo,4,mixed,20,0.05,1,13,blockage,True,8,8,0,1,23,106.99879203457385
density,0.05,solo,4,mixed,20,0.05,2,14,blockage,False,2,2,0,1,7,17.615374992601573
density,0.05,solo,4,mixed,20,0.05,3,21,blockage,False,3,3,0,1,6,10.762792022433132
density,0.05,solo,4,mixed,20,0.05,4,30,emergency,True,1,1,0,1,3,3.9572499808855355
density,0.05,solo,4,mixed,20,0.05,5,35,blockage,False,0,0,0,0,0,0.04470901330932975
density,0.05,solo,4,mixed,20,0.05,6,45,breakdown,False,2,2,0,1,9,12.174540956038982
density,0.05,solo,4,mixed,20,0.05,7,48,breakdown,False,1,1,0,1,4,12.860916962381452
density,0.05,solo,4,mixed,20,0.05,8,52,blockage,True,4,4,0,1,17,19.256583007518202
density,0.05,solo,4,mixed,20,0.05,9,54,blockage,False,0,0,0,0,0,0.043249980080872774
density,0.05,solo,4,mixed,20,0.05,10,57,blockage,False,4,4,0,1,5,22.930500039365143
density,0.05,solo,4,mixed,20,0.05,11,60,blockage,False,0,0,0,0,0,0.040375045500695705
density,0.05,solo,4,mixed,20,0.05,12,66,blockage,False,0,0,0,0,0,0.029292015824466944
density,0.05,solo,4,mixed,20,0.05,13,68,blockage,False,1,1,0,1,2,1.2362910201773047
density,0.05,solo,4,mixed,20,0.05,14,84,emergency,True,1,1,0,1,2,5.900541960727423
density,0.05,solo,4,mixed,20,0.05,15,88,blockage,True,3,3,0,1,8,4.344167013186961
density,0.05,solo,4,mixed,20,0.05,16,94,blockage,False,0,0,0,0,0,0.12412498472258449
density,0.05,solo,4,mixed,20,0.05,17,98,blockage,False,2,2,0,1,4,15.430665982421488
density,0.05,solo,2,mixed,20,0.05,0,12,blockage,False,0,0,0,0,0,0.09466696064919233
density,0.05,solo,2,mixed,20,0.05,1,14,emergency,True,1,1,0,1,4,19.771041988860816
density,0.05,solo,2,mixed,20,0.05,2,15,blockage,False,3,3,0,1,6,19.590915995649993
density,0.05,solo,2,mixed,20,0.05,3,15,blockage,False,1,1,0,1,3,9.392792009748518
density,0.05,solo,2,mixed,20,0.05,4,15,emergency,True,1,1,0,1,5,11.54770900029689
density,0.05,solo,2,mixed,20,0.05,5,16,breakdown,True,9,9,0,1,86,158.85745803825557
density,0.05,solo,2,mixed,20,0.05,6,18,blockage,False,2,2,0,1,8,2.379166951868683
density,0.05,solo,2,mixed,20,0.05,7,20,blockage,False,1,1,0,1,0,2.838707994669676
density,0.05,solo,2,mixed,20,0.05,8,32,blockage,False,0,0,0,0,0,0.11383398668840528
density,0.05,solo,2,mixed,20,0.05,9,43,blockage,False,2,2,0,1,7,47.02129197539762
density,0.05,solo,2,mixed,20,0.05,10,57,blockage,False,0,0,0,0,0,0.10075001046061516
density,0.05,solo,2,mixed,20,0.05,11,65,blockage,False,2,2,0,1,3,50.19458296010271
density,0.05,solo,2,mixed,20,0.05,12,69,blockage,True,2,2,0,1,7,11.347207997459918
density,0.05,solo,2,mixed,20,0.05,13,73,blockage,False,4,4,0,1,12,51.429291954264045
density,0.05,solo,2,mixed,20,0.05,14,81,breakdown,False,1,1,0,1,2,1.0342499590478837
density,0.05,solo,2,mixed,20,0.05,15,83,blockage,False,0,0,0,0,0,0.04337495192885399
density,0.05,solo,2,mixed,20,0.05,16,86,blockage,False,2,2,0,1,7,2.395042043644935
density,0.05,solo,2,mixed,20,0.05,17,94,blockage,True,10,10,0,1,23,65.7147080055438
density,0.05,local,5,mixed,20,0.05,0,15,blockage,True,9,9,0,1,180,847.4208749830723
density,0.05,local,5,mixed,20,0.05,1,27,emergency,True,1,1,0,1,24,21.05033298721537
density,0.05,local,5,mixed,20,0.05,2,37,breakdown,True,13,13,0,1,188,150.48950002528727
density,0.05,local,5,mixed,20,0.05,3,40,blockage,True,1,1,0,1,1,1.1805419926531613
density,0.05,local,5,mixed,20,0.05,4,44,blockage,True,1,1,0,1,15,26.746458024717867
density,0.05,local,5,mixed,20,0.05,5,49,blockage,False,1,1,0,1,21,10.858708003070205
density,0.05,local,5,mixed,20,0.05,6,55,blockage,False,0,0,0,0,0,0.035958015359938145
density,0.05,local,5,mixed,20,0.05,7,60,blockage,True,6,6,0,1,154,334.32354097021744
density,0.05,local,5,mixed,20,0.05,8,61,blockage,True,2,4,2,3,81,122.10787500953302
density,0.05,local,5,mixed,20,0.05,9,62,blockage,False,3,3,0,1,29,12.127749971114099
density,0.05,local,5,mixed,20,0.05,10,64,blockage,False,3,4,1,2,67,85.32329101581126
density,0.05,local,5,mixed,20,0.05,11,68,blockage,False,2,3,1,3,48,18.844874983187765
density,0.05,local,5,mixed,20,0.05,12,76,blockage,False,1,1,0,1,21,2.8376250411383808
density,0.05,local,5,mixed,20,0.05,13,86,blockage,False,1,1,0,1,14,1.4799580094404519
density,0.05,local,5,mixed,20,0.05,14,91,blockage,False,1,1,0,1,2,0.636375043541193
density,0.05,local,5,mixed,20,0.05,15,99,emergency,True,1,1,0,1,35,90.28883301652968
density,0.05,local,5,mixed,20,0.05,16,101,breakdown,True,5,5,0,1,31,7.307417050469667
density,0.05,local,5,mixed,20,0.05,17,104,blockage,False,0,0,0,0,0,0.08899997919797897
density,0.05,solo,6,mixed,20,0.05,0,9,blockage,False,4,4,0,1,13,54.1607920313254
density,0.05,solo,6,mixed,20,0.05,1,9,blockage,False,2,2,0,1,6,9.440124966204166
density,0.05,solo,6,mixed,20,0.05,2,13,blockage,False,0,0,0,0,0,0.10158302029594779
density,0.05,solo,6,mixed,20,0.05,3,35,breakdown,False,1,1,0,1,7,4.701916011981666
density,0.05,solo,6,mixed,20,0.05,4,46,blockage,False,0,0,0,0,0,0.044834043364971876
density,0.05,solo,6,mixed,20,0.05,5,55,blockage,False,4,4,0,1,11,3.9028339670039713
density,0.05,solo,6,mixed,20,0.05,6,60,emergency,True,1,1,0,1,4,4.895207996014506
density,0.05,solo,6,mixed,20,0.05,7,62,blockage,True,5,5,0,1,9,28.68037502048537
density,0.05,solo,6,mixed,20,0.05,8,67,blockage,False,3,3,0,1,14,5.997125001158565
density,0.05,solo,6,mixed,20,0.05,9,72,blockage,False,0,0,0,0,0,0.050125003326684237
density,0.05,solo,6,mixed,20,0.05,10,75,blockage,False,1,1,0,1,4,1.5142500051297247
density,0.05,solo,6,mixed,20,0.05,11,76,blockage,False,1,1,0,1,4,8.013583021238446
density,0.05,solo,6,mixed,20,0.05,12,81,emergency,True,1,1,0,1,3,5.176457983907312
density,0.05,solo,6,mixed,20,0.05,13,88,blockage,False,2,2,0,1,8,5.562708014622331
density,0.05,solo,6,mixed,20,0.05,14,89,blockage,True,3,3,0,1,11,15.976459020748734
density,0.05,solo,6,mixed,20,0.05,15,92,blockage,False,1,1,0,1,2,3.5786249791271985
density,0.05,solo,6,mixed,20,0.05,16,94,breakdown,True,8,8,0,1,29,39.3340410082601
density,0.05,solo,6,mixed,20,0.05,17,97,blockage,False,1,1,0,1,8,15.912084025330842
density,0.05,solo,5,mixed,20,0.05,0,15,blockage,True,9,9,0,1,20,120.94637501286343
density,0.05,solo,5,mixed,20,0.05,1,27,emergency,True,1,1,0,1,2,4.018375009763986
density,0.05,solo,5,mixed,20,0.05,2,37,breakdown,True,13,13,0,1,58,94.66541698202491
density,0.05,solo,5,mixed,20,0.05,3,40,blockage,True,1,1,0,1,1,1.1918329983018339
density,0.05,solo,5,mixed,20,0.05,4,44,blockage,True,1,1,0,1,1,1.5897080302238464
density,0.05,solo,5,mixed,20,0.05,5,49,blockage,False,1,1,0,1,1,13.681124954018742
density,0.05,solo,5,mixed,20,0.05,6,55,blockage,False,0,0,0,0,0,0.04441698547452688
density,0.05,solo,5,mixed,20,0.05,7,60,blockage,True,6,6,0,1,20,43.900374963413924
density,0.05,solo,5,mixed,20,0.05,8,61,blockage,True,2,2,0,1,8,25.504916964564472
density,0.05,solo,5,mixed,20,0.05,9,62,blockage,False,3,3,0,1,9,8.401624974794686
density,0.05,solo,5,mixed,20,0.05,10,64,blockage,False,3,3,0,1,9,25.141833000816405
density,0.05,solo,5,mixed,20,0.05,11,68,blockage,False,2,2,0,1,4,3.1367079936899245
density,0.05,solo,5,mixed,20,0.05,12,76,blockage,False,1,1,0,1,3,2.776166016701609
density,0.05,solo,5,mixed,20,0.05,13,86,blockage,False,1,1,0,1,0,1.425374997779727
density,0.05,solo,5,mixed,20,0.05,14,91,blockage,False,1,1,0,1,2,0.9379580151289701
density,0.05,solo,5,mixed,20,0.05,15,99,emergency,True,1,1,0,1,3,11.356959003023803
density,0.05,solo,5,mixed,20,0.05,16,101,breakdown,True,5,5,0,1,16,4.139458003919572
density,0.05,solo,5,mixed,20,0.05,17,104,blockage,False,0,0,0,0,0,0.03812497016042471
density,0.05,solo,7,mixed,20,0.05,0,8,breakdown,False,3,3,0,1,8,26.789999974425882
density,0.05,solo,7,mixed,20,0.05,1,15,breakdown,False,3,3,0,1,17,93.65737496409565
density,0.05,solo,7,mixed,20,0.05,2,17,blockage,False,0,0,0,0,0,0.04133395850658417
density,0.05,solo,7,mixed,20,0.05,3,20,blockage,False,0,0,0,0,0,0.029375019948929548
density,0.05,solo,7,mixed,20,0.05,4,23,blockage,False,1,1,0,1,5,10.875542007852346
density,0.05,solo,7,mixed,20,0.05,5,25,blockage,False,1,1,0,1,2,10.206624981947243
density,0.05,solo,7,mixed,20,0.05,6,29,blockage,False,2,2,0,1,9,17.95533299446106
density,0.05,solo,7,mixed,20,0.05,7,31,blockage,False,2,2,0,1,7,24.30925000226125
density,0.05,solo,7,mixed,20,0.05,8,44,blockage,False,3,3,0,1,6,49.839874962344766
density,0.05,solo,7,mixed,20,0.05,9,58,blockage,False,0,0,0,0,0,0.045082997530698776
density,0.05,solo,7,mixed,20,0.05,10,77,blockage,True,6,6,0,1,9,20.15520795248449
density,0.05,solo,7,mixed,20,0.05,11,82,blockage,False,3,3,0,1,3,5.269374989438802
density,0.05,solo,7,mixed,20,0.05,12,82,emergency,True,1,1,0,1,1,1.4532500063069165
density,0.05,solo,7,mixed,20,0.05,13,87,blockage,True,4,4,0,1,7,16.12833299441263
density,0.05,solo,7,mixed,20,0.05,14,89,emergency,True,1,1,0,1,2,6.623333960305899
density,0.05,solo,7,mixed,20,0.05,15,93,blockage,False,0,0,0,0,0,0.04416599404066801
density,0.05,solo,7,mixed,20,0.05,16,95,blockage,False,0,0,0,0,0,0.029666000045835972
density,0.05,solo,7,mixed,20,0.05,17,112,blockage,True,1,1,0,1,0,1.0247500031255186
density,0.05,solo,8,mixed,20,0.05,0,7,blockage,False,0,0,0,0,0,0.04675000673159957
density,0.05,solo,8,mixed,20,0.05,1,11,breakdown,False,1,1,0,1,3,1.9409579690545797
density,0.05,solo,8,mixed,20,0.05,2,13,breakdown,False,1,1,0,1,5,2.360416983719915
density,0.05,solo,8,mixed,20,0.05,3,14,blockage,False,0,0,0,0,0,0.035999983083456755
density,0.05,solo,8,mixed,20,0.05,4,18,blockage,True,5,5,0,1,10,12.729582958854735
density,0.05,solo,8,mixed,20,0.05,5,22,blockage,False,0,0,0,0,0,0.04616699879989028
density,0.05,solo,8,mixed,20,0.05,6,24,blockage,False,2,2,0,1,3,6.0939170070923865
density,0.05,solo,8,mixed,20,0.05,7,25,blockage,True,7,7,0,1,16,38.609459006693214
density,0.05,solo,8,mixed,20,0.05,8,44,blockage,False,1,1,0,1,4,2.055375021882355
density,0.05,solo,8,mixed,20,0.05,9,53,emergency,True,1,1,0,1,2,27.129541034810245
density,0.05,solo,8,mixed,20,0.05,10,61,blockage,True,4,4,0,1,11,72.15091603575274
density,0.05,solo,8,mixed,20,0.05,11,64,blockage,False,2,2,0,1,7,15.782458998728544
density,0.05,solo,8,mixed,20,0.05,12,67,blockage,False,1,1,0,1,4,17.935790994670242
density,0.05,solo,8,mixed,20,0.05,13,71,blockage,False,3,3,0,1,10,2.602167020086199
density,0.05,solo,8,mixed,20,0.05,14,92,blockage,False,3,3,0,1,5,5.061833013314754
density,0.05,solo,8,mixed,20,0.05,15,94,emergency,True,1,1,0,1,5,1.2163750361651182
density,0.05,solo,8,mixed,20,0.05,16,95,blockage,False,1,1,0,1,2,0.9297500364482403
density,0.05,solo,8,mixed,20,0.05,17,97,blockage,False,0,0,0,0,0,0.033791991882026196
density,0.05,solo,9,mixed,20,0.05,0,11,blockage,True,12,12,0,1,51,97.22512500593439
density,0.05,solo,9,mixed,20,0.05,1,15,blockage,True,3,3,0,1,17,94.93829199345782
density,0.05,solo,9,mixed,20,0.05,2,26,blockage,False,2,2,0,1,6,4.389667010400444
density,0.05,solo,9,mixed,20,0.05,3,33,blockage,True,0,0,0,0,0,0.12379203690215945
density,0.05,solo,9,mixed,20,0.05,4,37,blockage,False,0,0,0,0,0,0.029166985768824816
density,0.05,solo,9,mixed,20,0.05,5,58,blockage,False,3,3,0,1,12,5.786791967693716
density,0.05,solo,9,mixed,20,0.05,6,58,emergency,True,1,1,0,1,0,3.6360420053824782
density,0.05,solo,9,mixed,20,0.05,7,59,blockage,False,0,0,0,0,0,0.08433294715359807
density,0.05,solo,9,mixed,20,0.05,8,66,breakdown,False,2,2,0,1,3,2.160208998247981
density,0.05,solo,9,mixed,20,0.05,9,75,blockage,False,2,2,0,1,2,1.607916026841849
density,0.05,solo,9,mixed,20,0.05,10,79,blockage,False,3,3,0,1,7,3.162458015140146
density,0.05,solo,9,mixed,20,0.05,11,84,blockage,False,0,0,0,0,0,0.033542048186063766
density,0.05,solo,9,mixed,20,0.05,12,90,breakdown,False,1,1,0,1,3,1.0006660013459623
density,0.05,solo,9,mixed,20,0.05,13,104,emergency,True,1,1,0,1,3,0.8304999792017043
density,0.05,solo,9,mixed,20,0.05,14,108,blockage,False,2,2,0,1,6,6.261583010200411
density,0.05,solo,9,mixed,20,0.05,15,109,blockage,False,1,1,0,1,1,1.5121250180527568
density,0.05,solo,9,mixed,20,0.05,16,114,blockage,False,2,2,0,1,11,3.077291010413319
density,0.05,solo,9,mixed,20,0.05,17,120,blockage,True,2,2,0,1,1,10.245583020150661
density,0.05,local,1,mixed,20,0.05,0,9,blockage,False,2,2,0,1,91,549.6772910119034
density,0.05,local,1,mixed,20,0.05,1,21,blockage,True,7,8,1,3,179,367.26720799924806
density,0.05,local,1,mixed,20,0.05,2,21,blockage,True,13,13,0,3,253,515.1791249518283
density,0.05,local,1,mixed,20,0.05,3,26,emergency,True,1,1,0,1,12,40.93191702850163
density,0.05,local,1,mixed,20,0.05,4,30,breakdown,False,2,2,0,1,8,4.751625005155802
density,0.05,local,1,mixed,20,0.05,5,35,blockage,False,0,0,0,0,0,0.04499999340623617
density,0.05,local,1,mixed,20,0.05,6,43,blockage,False,1,1,0,1,6,1.1425830307416618
density,0.05,local,1,mixed,20,0.05,7,47,breakdown,False,3,3,0,1,41,41.53699998278171
density,0.05,local,1,mixed,20,0.05,8,48,blockage,True,9,10,1,2,195,409.6764589776285
density,0.05,local,1,mixed,20,0.05,9,71,blockage,False,2,4,2,2,59,42.9233749746345
density,0.05,local,1,mixed,20,0.05,10,75,emergency,True,1,1,0,1,1,4.741874989122152
density,0.05,local,1,mixed,20,0.05,11,80,blockage,False,2,2,0,1,65,83.51054094964638
density,0.05,local,1,mixed,20,0.05,12,83,blockage,False,1,1,0,1,3,2.9983330168761313
density,0.05,local,1,mixed,20,0.05,13,83,blockage,False,2,3,1,3,62,16.528625041246414
density,0.05,local,1,mixed,20,0.05,14,95,blockage,False,4,4,0,1,9,9.125875018071383
density,0.05,local,1,mixed,20,0.05,15,107,blockage,False,2,3,1,3,63,71.54916698345914
density,0.05,local,1,mixed,20,0.05,16,109,blockage,False,0,0,0,0,0,0.04591699689626694
density,0.05,local,1,mixed,20,0.05,17,115,blockage,False,2,2,0,1,13,2.159249968826771
density,0.05,local,9,mixed,20,0.05,0,11,blockage,True,12,14,2,3,491,1575.8556249784306
density,0.05,local,9,mixed,20,0.05,1,15,blockage,True,3,4,1,2,145,214.6858330233954
density,0.05,local,9,mixed,20,0.05,2,26,blockage,False,2,2,0,1,18,3.92737501533702
density,0.05,local,9,mixed,20,0.05,3,33,blockage,True,0,0,0,0,0,0.12558302842080593
density,0.05,local,9,mixed,20,0.05,4,37,blockage,False,0,0,0,0,0,0.030624971259385347
density,0.05,local,9,mixed,20,0.05,5,58,blockage,False,3,3,0,1,32,11.110874998848885
density,0.05,local,9,mixed,20,0.05,6,58,emergency,True,1,1,0,1,6,8.664665976539254
density,0.05,local,9,mixed,20,0.05,7,59,blockage,False,0,0,0,0,0,0.10862498311325908
density,0.05,local,9,mixed,20,0.05,8,66,breakdown,False,2,2,0,1,16,5.682333023287356
density,0.05,local,9,mixed,20,0.05,9,75,blockage,False,2,2,0,1,8,6.216084002517164
density,0.05,local,9,mixed,20,0.05,10,79,blockage,False,3,3,0,1,7,3.7207499844953418
density,0.05,local,9,mixed,20,0.05,11,84,blockage,False,0,0,0,0,0,0.03866601036861539
density,0.05,local,9,mixed,20,0.05,12,90,breakdown,False,1,1,0,1,3,0.7885840022936463
density,0.05,local,9,mixed,20,0.05,13,104,emergency,True,1,1,0,1,25,0.8385829860344529
density,0.05,local,9,mixed,20,0.05,14,108,blockage,False,3,3,0,1,40,3.582458011806011
density,0.05,local,9,mixed,20,0.05,15,109,blockage,False,1,1,0,1,0,0.5719170439988375
density,0.05,local,9,mixed,20,0.05,16,114,blockage,False,2,2,0,1,109,3.197123995050788
density,0.05,local,9,mixed,20,0.05,17,120,blockage,True,4,4,0,1,17,15.02816699212417
density,0.05,full,0,mixed,20,0.05,0,11,blockage,False,1,14,13,5,40,222.14287501992658
density,0.05,full,0,mixed,20,0.05,1,28,blockage,False,3,15,12,5,40,127.6735839783214
density,0.05,full,0,mixed,20,0.05,2,36,emergency,True,1,18,17,5,40,65.07937499554828
density,0.05,full,0,mixed,20,0.05,3,37,blockage,False,0,0,0,5,40,55.836667015682906
density,0.05,full,0,mixed,20,0.05,4,37,blockage,False,2,2,0,5,40,56.39149999478832
density,0.05,full,0,mixed,20,0.05,5,43,emergency,True,1,16,15,5,40,56.47145799594
density,0.05,full,0,mixed,20,0.05,6,47,blockage,False,2,5,3,5,40,44.062667002435774
density,0.05,full,0,mixed,20,0.05,7,62,blockage,False,1,5,4,5,40,21.92145900335163
density,0.05,full,0,mixed,20,0.05,8,66,blockage,False,0,2,2,5,40,21.539208013564348
density,0.05,full,0,mixed,20,0.05,9,73,blockage,True,6,6,0,5,40,23.24899996165186
density,0.05,full,0,mixed,20,0.05,10,86,breakdown,False,2,12,10,5,40,48.02137496881187
density,0.05,full,0,mixed,20,0.05,11,102,blockage,True,2,12,10,5,40,15.91487496625632
density,0.05,full,0,mixed,20,0.05,12,104,breakdown,False,2,7,5,5,40,10.102458007168025
density,0.05,full,0,mixed,20,0.05,13,108,blockage,False,1,1,0,5,40,7.811292016413063
density,0.05,full,0,mixed,20,0.05,14,110,blockage,False,0,0,0,5,40,15.080415992997587
density,0.05,full,0,mixed,20,0.05,15,111,blockage,False,4,7,3,5,40,25.340791034977883
density,0.05,full,0,mixed,20,0.05,16,117,blockage,False,1,3,2,5,40,12.182625010609627
density,0.05,full,0,mixed,20,0.05,17,119,blockage,False,2,12,10,5,40,13.211834011599422
density,0.05,full,3,mixed,20,0.05,0,8,breakdown,False,1,14,13,5,40,83.17633299157023
density,0.05,full,3,mixed,20,0.05,1,9,blockage,False,3,10,7,5,40,78.33429204765707
density,0.05,full,3,mixed,20,0.05,2,9,blockage,False,2,5,3,5,40,133.67000001017004
density,0.05,full,3,mixed,20,0.05,3,18,blockage,False,1,13,12,5,40,101.10512498067692
density,0.05,full,3,mixed,20,0.05,4,21,blockage,False,3,9,6,5,40,121.67412502458319
density,0.05,full,3,mixed,20,0.05,5,27,emergency,True,1,18,17,5,40,130.26000000536442
density,0.05,full,3,mixed,20,0.05,6,31,emergency,True,1,18,17,5,40,72.38525000866503
density,0.05,full,3,mixed,20,0.05,7,32,blockage,False,1,8,7,5,40,60.54024997865781
density,0.05,full,3,mixed,20,0.05,8,32,breakdown,True,7,20,13,5,47,74.24058299511671
density,0.05,full,3,mixed,20,0.05,9,42,blockage,False,1,2,1,5,38,49.18637499213219
density,0.05,full,3,mixed,20,0.05,10,58,blockage,False,3,15,12,5,38,58.072791958693415
density,0.05,full,3,mixed,20,0.05,11,59,blockage,True,10,11,1,5,38,44.69224996864796
density,0.05,full,3,mixed,20,0.05,12,68,blockage,False,0,15,15,5,38,26.37695800513029
density,0.05,full,3,mixed,20,0.05,13,73,blockage,False,1,1,0,5,38,24.123125011101365
density,0.05,full,3,mixed,20,0.05,14,93,blockage,False,0,0,0,5,38,16.32687501842156
density,0.05,full,3,mixed,20,0.05,15,97,blockage,False,1,1,0,5,38,13.313625007867813
density,0.05,full,3,mixed,20,0.05,16,98,blockage,False,2,6,4,5,38,12.864458025433123
density,0.05,full,3,mixed,20,0.05,17,103,blockage,True,4,6,2,5,38,10.171875008381903
density,0.05,full,4,mixed,20,0.05,0,12,blockage,False,1,9,8,5,40,74.99450002796948
density,0.05,full,4,mixed,20,0.05,1,13,blockage,True,8,18,10,5,40,106.40520800370723
density,0.05,full,4,mixed,20,0.05,2,14,blockage,False,2,7,5,5,40,123.63295804243535
density,0.05,full,4,mixed,20,0.05,3,21,blockage,False,3,6,3,5,40,125.79124997137114
density,0.05,full,4,mixed,20,0.05,4,30,emergency,True,1,17,16,5,40,85.61512496089563
density,0.05,full,4,mixed,20,0.05,5,35,blockage,False,1,1,0,5,40,90.45412502018735
density,0.05,full,4,mixed,20,0.05,6,45,breakdown,False,1,15,14,5,40,53.1101250089705
density,0.05,full,4,mixed,20,0.05,7,48,breakdown,False,2,12,10,5,40,49.83837500913069
density,0.05,full,4,mixed,20,0.05,8,52,blockage,True,5,15,10,5,40,77.4999589775689
density,0.05,full,4,mixed,20,0.05,9,54,blockage,False,2,15,13,5,40,66.29404198611155
density,0.05,full,4,mixed,20,0.05,10,57,blockage,False,5,17,12,5,40,75.94604196492583
density,0.05,full,4,mixed,20,0.05,11,60,blockage,False,1,15,14,5,40,89.27320898510516
density,0.05,full,4,mixed,20,0.05,12,66,blockage,False,2,7,5,5,40,47.976500005461276
density,0.05,full,4,mixed,20,0.05,13,68,blockage,False,1,1,0,5,40,46.52633296791464
density,0.05,full,4,mixed,20,0.05,14,84,emergency,True,1,13,12,5,40,35.44158296426758
density,0.05,full,4,mixed,20,0.05,15,88,blockage,True,5,10,5,5,40,33.1895409617573
density,0.05,full,4,mixed,20,0.05,16,94,blockage,False,0,5,5,5,40,35.13387497514486
density,0.05,full,4,mixed,20,0.05,17,98,blockage,False,2,7,5,5,40,22.741874970961362
density,0.05,full,6,mixed,20,0.05,0,9,blockage,False,4,13,9,5,40,157.68699999898672
density,0.05,full,6,mixed,20,0.05,1,9,blockage,False,3,10,7,5,40,136.04337500873953
density,0.05,full,6,mixed,20,0.05,2,13,blockage,False,0,7,7,5,40,145.57449996937066
density,0.05,full,6,mixed,20,0.05,3,35,breakdown,False,1,16,15,5,40,60.66687498241663
density,0.05,full,6,mixed,20,0.05,4,46,blockage,False,0,2,2,5,40,48.677165992558
density,0.05,full,6,mixed,20,0.05,5,55,blockage,False,3,18,15,5,40,44.16595899965614
density,0.05,full,6,mixed,20,0.05,6,60,emergency,True,1,15,14,5,40,36.231375008355826
density,0.05,full,6,mixed,20,0.05,7,62,blockage,True,7,13,6,5,40,48.24820801150054
density,0.05,full,6,mixed,20,0.05,8,67,blockage,False,2,14,12,5,40,27.73225004784763
density,0.05,full,6,mixed,20,0.05,9,72,blockage,False,0,0,0,5,40,30.256250000093132
density,0.05,full,6,mixed,20,0.05,10,75,blockage,False,1,1,0,5,40,23.583791044075042
density,0.05,full,6,mixed,20,0.05,11,76,blockage,False,1,1,0,5,40,18.38616596069187
density,0.05,full,6,mixed,20,0.05,12,81,emergency,True,1,17,16,5,40,55.59825000818819
density,0.05,full,6,mixed,20,0.05,13,88,blockage,False,3,17,14,5,40,39.075625012628734
density,0.05,full,6,mixed,20,0.05,14,89,blockage,True,3,10,7,5,40,15.727040998172015
density,0.05,full,6,mixed,20,0.05,15,92,blockage,False,2,4,2,5,40,22.703583992552012
density,0.05,full,6,mixed,20,0.05,16,94,breakdown,True,9,20,11,5,52,35.0173749611713
density,0.05,full,6,mixed,20,0.05,17,97,blockage,False,1,1,0,5,38,32.742417010013014
density,0.05,full,1,mixed,20,0.05,0,9,blockage,False,2,17,15,5,40,132.58645799942315
density,0.05,full,1,mixed,20,0.05,1,21,blockage,True,5,19,14,5,40,103.89195900643244
density,0.05,full,1,mixed,20,0.05,2,21,blockage,True,13,15,2,5,40,162.00491599738598
density,0.05,full,1,mixed,20,0.05,3,26,emergency,True,1,17,16,5,40,98.17224997095764
density,0.05,full,1,mixed,20,0.05,4,30,breakdown,False,1,19,18,5,40,203.2145420089364
density,0.05,full,1,mixed,20,0.05,5,35,blockage,False,0,16,16,5,40,101.27233300590888
density,0.05,full,1,mixed,20,0.05,6,43,blockage,False,2,2,0,5,40,78.87399999890476
density,0.05,full,1,mixed,20,0.05,7,47,breakdown,False,2,18,16,5,40,85.49754100386053
density,0.05,full,1,mixed,20,0.05,8,48,blockage,True,9,14,5,5,40,106.79799999343231
density,0.05,full,1,mixed,20,0.05,9,71,blockage,False,2,15,13,5,40,53.74345899326727
density,0.05,full,1,mixed,20,0.05,10,75,emergency,True,1,7,6,5,40,47.430082981009036
density,0.05,full,1,mixed,20,0.05,11,80,blockage,False,1,11,10,5,40,75.02583297900856
density,0.05,full,1,mixed,20,0.05,12,83,blockage,False,0,0,0,5,40,48.595250002108514
density,0.05,full,1,mixed,20,0.05,13,83,blockage,False,0,0,0,5,40,58.06604097597301
density,0.05,full,1,mixed,20,0.05,14,95,blockage,False,2,10,8,5,40,56.35941703803837
density,0.05,full,1,mixed,20,0.05,15,107,blockage,False,1,8,7,5,40,60.75300002703443
density,0.05,full,1,mixed,20,0.05,16,109,blockage,False,0,0,0,5,40,47.77095903409645
density,0.05,full,1,mixed,20,0.05,17,115,blockage,False,1,11,10,5,40,11.380583047866821
density,0.05,full,5,mixed,20,0.05,0,15,blockage,True,9,19,10,5,40,179.92491699988022
density,0.05,full,5,mixed,20,0.05,1,27,emergency,True,1,16,15,5,40,131.2620000098832
density,0.05,full,5,mixed,20,0.05,2,37,breakdown,True,12,15,3,5,59,111.96516698691994
density,0.05,full,5,mixed,20,0.05,3,40,blockage,True,1,1,0,5,38,83.44345801742747
density,0.05,full,5,mixed,20,0.05,4,44,blockage,True,0,0,0,5,38,113.65433398168534
density,0.05,full,5,mixed,20,0.05,5,49,blockage,False,0,0,0,5,38,69.65174997458234
density,0.05,full,5,mixed,20,0.05,6,55,blockage,False,0,11,11,5,38,105.52412498509511
density,0.05,full,5,mixed,20,0.05,7,60,blockage,True,3,4,1,5,38,98.68774999631569
density,0.05,full,5,mixed,20,0.05,8,61,blockage,True,1,5,4,5,38,72.53983296686783
density,0.05,full,5,mixed,20,0.05,9,62,blockage,False,3,8,5,5,38,97.07775001879781
density,0.05,full,5,mixed,20,0.05,10,64,blockage,False,3,11,8,5,38,95.67379200598225
density,0.05,full,5,mixed,20,0.05,11,68,blockage,False,2,2,0,5,38,56.88208300853148
density,0.05,full,5,mixed,20,0.05,12,76,blockage,False,2,8,6,5,38,67.86304200068116
density,0.05,full,5,mixed,20,0.05,13,86,blockage,False,2,6,4,5,38,53.38404205394909
density,0.05,full,5,mixed,20,0.05,14,91,blockage,False,1,3,2,5,38,24.365542049054056
density,0.05,full,5,mixed,20,0.05,15,99,emergency,True,1,7,6,5,38,23.428916989360005
density,0.05,full,5,mixed,20,0.05,16,101,breakdown,True,7,10,3,5,41,47.78804199304432
density,0.05,full,5,mixed,20,0.05,17,104,blockage,False,0,0,0,5,36,45.41166598210111
density,0.05,full,2,mixed,20,0.05,0,12,blockage,False,0,7,7,5,40,97.13645902229473
density,0.05,full,2,mixed,20,0.05,1,14,emergency,True,1,20,19,5,40,186.02500000270084
density,0.05,full,2,mixed,20,0.05,2,15,blockage,False,2,19,17,5,40,388.75899999402463
density,0.05,full,2,mixed,20,0.05,3,15,blockage,False,2,19,17,5,40,163.6902909958735
density,0.05,full,2,mixed,20,0.05,4,15,emergency,True,1,19,18,5,40,151.0201669880189
density,0.05,full,2,mixed,20,0.05,5,16,breakdown,True,5,15,10,5,89,109.65108301024884
density,0.05,full,2,mixed,20,0.05,6,18,blockage,False,2,4,2,5,38,112.39637498511001
density,0.05,full,2,mixed,20,0.05,7,20,blockage,False,3,4,1,5,38,92.19791699433699
density,0.05,full,2,mixed,20,0.05,8,32,blockage,False,1,8,7,5,38,82.54700002726167
density,0.05,full,2,mixed,20,0.05,9,43,blockage,False,0,2,2,5,38,53.20099997334182
density,0.05,full,2,mixed,20,0.05,10,57,blockage,False,0,9,9,5,38,50.600541988387704
density,0.05,full,2,mixed,20,0.05,11,65,blockage,False,1,2,1,5,38,34.99650000594556
density,0.05,full,2,mixed,20,0.05,12,69,blockage,True,2,3,1,5,38,31.543750024866313
density,0.05,full,2,mixed,20,0.05,13,73,blockage,False,3,15,12,5,38,26.59891702933237
density,0.05,full,2,mixed,20,0.05,14,81,breakdown,False,2,15,13,5,38,30.179624969605356
density,0.05,full,2,mixed,20,0.05,15,83,blockage,False,3,4,1,5,38,22.123083006590605
density,0.05,full,2,mixed,20,0.05,16,86,blockage,False,2,7,5,5,38,13.24554200982675
density,0.05,full,2,mixed,20,0.05,17,94,blockage,True,7,11,4,5,38,32.356582989450544
density,0.05,local,2,mixed,20,0.05,0,12,blockage,False,0,0,0,0,0,0.055540993344038725
density,0.05,local,2,mixed,20,0.05,1,14,emergency,True,1,2,1,3,57,138.0837500328198
density,0.05,local,2,mixed,20,0.05,2,15,blockage,False,3,3,0,1,106,225.26112501509488
density,0.05,local,2,mixed,20,0.05,3,15,blockage,False,1,2,1,3,50,117.81441699713469
density,0.05,local,2,mixed,20,0.05,4,15,emergency,True,1,1,0,1,121,878.1692500342615
density,0.05,local,2,mixed,20,0.05,5,16,breakdown,True,9,10,1,2,337,1580.4433330195025
density,0.05,local,2,mixed,20,0.05,6,18,blockage,False,2,2,0,1,8,2.4181249900721014
density,0.05,local,2,mixed,20,0.05,7,20,blockage,False,1,1,0,1,0,2.5845420313999057
density,0.05,local,2,mixed,20,0.05,8,32,blockage,False,0,0,0,0,0,0.04491599975153804
density,0.05,local,2,mixed,20,0.05,9,43,blockage,False,3,3,0,1,149,644.1072089946829
density,0.05,local,2,mixed,20,0.05,10,57,blockage,False,0,0,0,0,0,0.08870795136317611
density,0.05,local,2,mixed,20,0.05,11,65,blockage,False,1,1,0,1,15,7.7564160455949605
density,0.05,local,2,mixed,20,0.05,12,69,blockage,True,3,3,0,1,39,72.5342080113478
density,0.05,local,2,mixed,20,0.05,13,73,blockage,False,4,6,2,3,100,88.91245897393674
density,0.05,local,2,mixed,20,0.05,14,81,breakdown,False,1,1,0,1,2,1.3470409903675318
density,0.05,local,2,mixed,20,0.05,15,83,blockage,False,0,0,0,0,0,0.03837497206404805
density,0.05,local,2,mixed,20,0.05,16,86,blockage,False,1,1,0,1,3,0.9554999996908009
density,0.05,local,2,mixed,20,0.05,17,94,blockage,True,8,8,0,1,44,36.963207996450365
density,0.05,full,7,mixed,20,0.05,0,8,breakdown,False,3,19,16,5,40,112.84549999982119
density,0.05,full,7,mixed,20,0.05,1,15,breakdown,False,4,15,11,5,40,73.88066599378362
density,0.05,full,7,mixed,20,0.05,2,17,blockage,False,0,9,9,5,40,72.65116699272767
density,0.05,full,7,mixed,20,0.05,3,20,blockage,False,0,0,0,5,40,66.12937501631677
density,0.05,full,7,mixed,20,0.05,4,23,blockage,False,1,1,0,5,40,56.73641699831933
density,0.05,full,7,mixed,20,0.05,5,25,blockage,False,1,3,2,5,40,76.68279204517603
density,0.05,full,7,mixed,20,0.05,6,29,blockage,False,2,2,0,5,40,80.34074999159202
density,0.05,full,7,mixed,20,0.05,7,31,blockage,False,4,9,5,5,40,60.478084022179246
density,0.05,full,7,mixed,20,0.05,8,44,blockage,False,3,17,14,5,40,35.87716701440513
density,0.05,full,7,mixed,20,0.05,9,58,blockage,False,3,3,0,5,40,27.795915957540274
density,0.05,full,7,mixed,20,0.05,10,77,blockage,True,7,17,10,5,40,28.977000038139522
density,0.05,full,7,mixed,20,0.05,11,82,blockage,False,3,10,7,5,40,23.3801249996759
density,0.05,full,7,mixed,20,0.05,12,82,emergency,True,1,13,12,5,40,30.634000024292618
density,0.05,full,7,mixed,20,0.05,13,87,blockage,True,3,10,7,5,40,31.44637495279312
density,0.05,full,7,mixed,20,0.05,14,89,emergency,True,1,17,16,5,40,34.042791987303644
density,0.05,full,7,mixed,20,0.05,15,93,blockage,False,1,2,1,5,40,34.75387499202043
density,0.05,full,7,mixed,20,0.05,16,95,blockage,False,0,13,13,5,40,36.85812500771135
density,0.05,full,7,mixed,20,0.05,17,112,blockage,True,2,4,2,5,40,34.37649999978021
density,0.05,full,9,mixed,20,0.05,0,11,blockage,True,12,16,4,5,40,149.8180830385536
density,0.05,full,9,mixed,20,0.05,1,15,blockage,True,6,11,5,5,40,79.0788329904899
density,0.05,full,9,mixed,20,0.05,2,26,blockage,False,2,5,3,5,40,79.18649999191985
density,0.05,full,9,mixed,20,0.05,3,33,blockage,True,0,6,6,5,40,80.37058298941702
density,0.05,full,9,mixed,20,0.05,4,37,blockage,False,0,10,10,5,40,73.87424999615178
density,0.05,full,9,mixed,20,0.05,5,58,blockage,False,4,10,6,5,40,42.41666698362678
density,0.05,full,9,mixed,20,0.05,6,58,emergency,True,1,8,7,5,40,38.476541987620294
density,0.05,full,9,mixed,20,0.05,7,59,blockage,False,0,0,0,5,40,26.952375017572194
density,0.05,full,9,mixed,20,0.05,8,66,breakdown,False,3,19,16,5,40,24.568499997258186
density,0.05,full,9,mixed,20,0.05,9,75,blockage,False,3,8,5,5,40,25.36591695388779
density,0.05,full,9,mixed,20,0.05,10,79,blockage,False,3,8,5,5,40,11.216791986953467
density,0.05,full,9,mixed,20,0.05,11,84,blockage,False,0,0,0,5,40,9.829292015638202
density,0.05,full,9,mixed,20,0.05,12,90,breakdown,False,2,13,11,5,40,9.417624969501048
density,0.05,full,9,mixed,20,0.05,13,104,emergency,True,1,12,11,5,40,6.938875012565404
density,0.05,full,9,mixed,20,0.05,14,108,blockage,False,0,0,0,5,40,5.8481660089455545
density,0.05,full,9,mixed,20,0.05,15,109,blockage,False,1,2,1,5,40,6.054958037566394
density,0.05,full,9,mixed,20,0.05,16,114,blockage,False,2,3,1,5,40,4.843832983169705
density,0.05,full,9,mixed,20,0.05,17,120,blockage,True,2,6,4,5,40,7.279000012204051
density,0.05,full,8,mixed,20,0.05,0,7,blockage,False,0,5,5,5,40,101.0805830010213
density,0.05,full,8,mixed,20,0.05,1,11,breakdown,False,1,13,12,5,40,76.57937501790002
density,0.05,full,8,mixed,20,0.05,2,13,breakdown,False,1,17,16,5,40,74.54574998700991
density,0.05,full,8,mixed,20,0.05,3,14,blockage,False,0,3,3,5,40,108.70404198067263
density,0.05,full,8,mixed,20,0.05,4,18,blockage,True,5,11,6,5,40,85.99062502617016
density,0.05,full,8,mixed,20,0.05,5,22,blockage,False,0,15,15,5,40,54.56604098435491
density,0.05,full,8,mixed,20,0.05,6,24,blockage,False,2,9,7,5,40,79.22604196937755
density,0.05,full,8,mixed,20,0.05,7,25,blockage,True,7,16,9,5,40,112.33433400047943
density,0.05,full,8,mixed,20,0.05,8,44,blockage,False,1,16,15,5,40,35.39074998116121
density,0.05,full,8,mixed,20,0.05,9,53,emergency,True,1,14,13,5,40,49.961958022322506
density,0.05,full,8,mixed,20,0.05,10,61,blockage,True,3,9,6,5,40,59.7864169976674
density,0.05,full,8,mixed,20,0.05,11,64,blockage,False,2,7,5,5,40,47.09025000920519
density,0.05,full,8,mixed,20,0.05,12,67,blockage,False,1,1,0,5,40,35.30183300608769
density,0.05,full,8,mixed,20,0.05,13,71,blockage,False,3,3,0,5,40,63.562249997630715
density,0.05,full,8,mixed,20,0.05,14,92,blockage,False,3,5,2,5,40,25.82054102094844
density,0.05,full,8,mixed,20,0.05,15,94,emergency,True,1,11,10,5,40,40.75958300381899
density,0.05,full,8,mixed,20,0.05,16,95,blockage,False,2,6,4,5,40,38.632582989521325
density,0.05,full,8,mixed,20,0.05,17,97,blockage,False,1,1,0,5,40,54.48283295845613
density,0.1,local,2,mixed,20,0.1,0,7,emergency,True,1,1,0,1,31,39.03833398362622
density,0.1,local,2,mixed,20,0.1,1,10,blockage,False,1,1,0,1,1,2.455333014950156
density,0.1,local,2,mixed,20,0.1,2,12,blockage,False,0,0,0,0,0,0.09125005453824997
density,0.1,local,2,mixed,20,0.1,3,15,blockage,False,3,3,0,1,141,359.2141250264831
density,0.1,local,2,mixed,20,0.1,4,15,blockage,False,1,2,1,3,50,72.61358300456777
density,0.1,local,2,mixed,20,0.1,5,18,blockage,False,2,2,0,1,38,32.04395802458748
density,0.1,local,2,mixed,20,0.1,6,20,blockage,False,1,1,0,1,0,7.37920799292624
density,0.1,local,2,mixed,20,0.1,7,20,blockage,False,0,0,0,0,0,0.12816698290407658
density,0.1,local,2,mixed,20,0.1,8,22,breakdown,False,2,2,0,1,5,15.590291994158179
density,0.1,local,2,mixed,20,0.1,9,26,blockage,False,0,0,0,0,0,0.046791043132543564
density,0.1,local,2,mixed,20,0.1,10,27,blockage,False,1,2,1,2,10,5.066250043455511
density,0.1,local,2,mixed,20,0.1,11,27,blockage,False,1,1,0,1,3,2.920999948401004
density,0.1,local,2,mixed,20,0.1,12,29,blockage,False,5,6,1,2,56,103.63762499764562
density,0.1,local,2,mixed,20,0.1,13,30,breakdown,False,3,3,0,1,19,28.798542043659836
density,0.1,local,2,mixed,20,0.1,14,32,blockage,False,0,0,0,0,0,0.0509590026922524
density,0.1,local,2,mixed,20,0.1,15,43,blockage,False,3,5,2,3,55,50.56925001554191
density,0.1,local,2,mixed,20,0.1,16,57,blockage,False,0,0,0,0,0,0.04670803900808096
density,0.1,local,2,mixed,20,0.1,17,65,blockage,False,0,0,0,0,0,0.031124975066632032
density,0.1,local,2,mixed,20,0.1,18,69,blockage,True,2,2,0,1,35,7.5768750393763185
density,0.1,local,2,mixed,20,0.1,19,71,blockage,True,4,4,0,1,90,19.447917002253234
density,0.1,local,2,mixed,20,0.1,20,73,blockage,False,2,3,1,3,38,20.00379201490432
density,0.1,local,2,mixed,20,0.1,21,74,blockage,False,0,0,0,0,0,0.046250002924352884
density,0.1,local,2,mixed,20,0.1,22,75,blockage,False,2,2,0,1,50,44.91391702322289
density,0.1,local,2,mixed,20,0.1,23,78,blockage,False,2,2,0,1,5,1.134041987825185
density,0.1,local,2,mixed,20,0.1,24,83,blockage,False,1,1,0,1,25,24.458375002723187
density,0.1,local,2,mixed,20,0.1,25,86,blockage,False,0,0,0,0,0,0.048749963752925396
density,0.1,local,2,mixed,20,0.1,26,90,blockage,True,3,3,0,1,56,52.10920801619068
density,0.1,local,2,mixed,20,0.1,27,91,emergency,True,1,1,0,1,18,12.605583004187793
density,0.1,local,2,mixed,20,0.1,28,94,blockage,True,10,10,0,1,147,54.01804100256413
density,0.1,local,2,mixed,20,0.1,29,97,blockage,False,0,0,0,0,0,0.1252919901162386
density,0.1,local,2,mixed,20,0.1,30,99,blockage,False,2,2,0,1,25,19.588083028793335
density,0.1,local,3,mixed,20,0.1,0,9,blockage,False,3,4,1,3,118,354.3906669947319
density,0.1,local,3,mixed,20,0.1,1,9,blockage,False,2,2,0,2,33,129.25979204010218
density,0.1,local,3,mixed,20,0.1,2,18,blockage,False,1,1,0,1,17,9.984207979869097
density,0.1,local,3,mixed,20,0.1,3,21,blockage,False,2,2,0,1,46,45.32799997832626
density,0.1,local,3,mixed,20,0.1,4,32,blockage,False,0,0,0,0,0,0.04641700070351362
density,0.1,local,3,mixed,20,0.1,5,32,blockage,False,1,1,0,1,32,23.24908401351422
density,0.1,local,3,mixed,20,0.1,6,42,blockage,False,1,1,0,1,6,1.9429579842835665
density,0.1,local,3,mixed,20,0.1,7,44,blockage,False,3,4,1,3,56,84.22691602027044
density,0.1,local,3,mixed,20,0.1,8,51,blockage,False,3,4,1,2,42,27.114583004731685
density,0.1,local,3,mixed,20,0.1,9,54,breakdown,False,1,1,0,1,4,3.3820419921539724
density,0.1,local,3,mixed,20,0.1,10,56,blockage,False,0,0,0,0,0,0.04470901330932975
density,0.1,local,3,mixed,20,0.1,11,56,breakdown,False,3,3,0,1,34,6.878625019453466
density,0.1,local,3,mixed,20,0.1,12,58,blockage,False,3,4,1,3,71,10.87779097724706
density,0.1,local,3,mixed,20,0.1,13,59,blockage,True,9,10,1,3,186,392.53554202150553
density,0.1,local,3,mixed,20,0.1,14,65,blockage,False,5,6,1,3,101,17.305332992691547
density,0.1,local,3,mixed,20,0.1,15,65,blockage,False,2,2,0,1,30,2.6681669987738132
density,0.1,local,3,mixed,20,0.1,16,68,blockage,False,0,0,0,0,0,0.041041988879442215
density,0.1,local,3,mixed,20,0.1,17,69,blockage,False,0,0,0,0,0,0.03287498839199543
density,0.1,local,3,mixed,20,0.1,18,69,blockage,False,1,1,0,1,15,5.540582991670817
density,0.1,local,3,mixed,20,0.1,19,69,emergency,True,1,1,0,1,20,2.1495409891940653
density,0.1,local,3,mixed,20,0.1,20,71,blockage,False,0,0,0,0,0,0.04741700831800699
density,0.1,local,3,mixed,20,0.1,21,73,blockage,False,1,1,0,1,3,0.8699590107426047
density,0.1,local,3,mixed,20,0.1,22,74,blockage,False,1,1,0,1,22,18.355917010921985
density,0.1,local,3,mixed,20,0.1,23,90,emergency,True,1,1,0,1,19,4.9044579500332475
density,0.1,local,3,mixed,20,0.1,24,93,blockage,False,2,2,0,1,10,2.6290419627912343
density,0.1,local,3,mixed,20,0.1,25,97,blockage,False,1,1,0,1,0,1.9746659672819078
density,0.1,local,3,mixed,20,0.1,26,98,blockage,False,1,1,0,1,2,4.060625040438026
density,0.1,local,3,mixed,20,0.1,27,100,blockage,False,2,3,1,2,83,97.75666700443253
density,0.1,local,3,mixed,20,0.1,28,103,blockage,True,2,2,0,1,90,66.63483299780637
density,0.1,local,3,mixed,20,0.1,29,103,blockage,True,7,7,0,1,72,21.29637502366677
density,0.1,local,3,mixed,20,0.1,30,104,blockage,False,1,1,0,1,0,0.3789999755099416
density,0.1,local,0,mixed,20,0.1,0,11,blockage,False,1,1,0,1,105,523.905250011012
density,0.1,local,0,mixed,20,0.1,1,12,blockage,False,0,0,0,0,0,0.05304202204570174
density,0.1,local,0,mixed,20,0.1,2,24,emergency,True,1,1,0,1,47,118.7924169935286
density,0.1,local,0,mixed,20,0.1,3,28,blockage,False,3,3,0,1,45,36.08887497102842
density,0.1,local,0,mixed,20,0.1,4,33,blockage,False,0,0,0,0,0,0.10083301458507776
density,0.1,local,0,mixed,20,0.1,5,37,blockage,False,2,2,0,1,37,79.63345799362287
density,0.1,local,0,mixed,20,0.1,6,37,blockage,False,1,1,0,1,34,77.44333398295566
density,0.1,local,0,mixed,20,0.1,7,38,blockage,False,1,1,0,1,51,92.95025002211332
density,0.1,local,0,mixed,20,0.1,8,39,blockage,False,3,5,2,2,71,148.68512499378994
density,0.1,local,0,mixed,20,0.1,9,46,blockage,False,4,4,0,1,128,193.86966695310548
density,0.1,local,0,mixed,20,0.1,10,47,blockage,False,2,2,0,1,75,136.12337497761473
density,0.1,local,0,mixed,20,0.1,11,62,blockage,False,1,1,0,1,13,8.006584015674889
density,0.1,local,0,mixed,20,0.1,12,66,blockage,False,2,2,0,1,21,3.1827500206418335
density,0.1,local,0,mixed,20,0.1,13,73,blockage,True,8,8,0,1,175,204.59974999539554
density,0.1,local,0,mixed,20,0.1,14,74,blockage,False,3,3,0,1,14,4.239292000420392
density,0.1,local,0,mixed,20,0.1,15,81,blockage,False,0,0,0,0,0,0.10366603964939713
density,0.1,local,0,mixed,20,0.1,16,83,blockage,False,4,4,0,1,16,28.174709004815668
density,0.1,local,0,mixed,20,0.1,17,93,emergency,True,1,1,0,1,10,7.965917000547051
density,0.1,local,0,mixed,20,0.1,18,99,blockage,False,1,1,0,1,4,1.3290410279296339
density,0.1,local,0,mixed,20,0.1,19,100,blockage,False,1,1,0,1,27,2.3030000156722963
density,0.1,local,0,mixed,20,0.1,20,102,blockage,True,3,3,0,1,116,23.97558302618563
density,0.1,local,0,mixed,20,0.1,21,107,blockage,True,1,1,0,1,28,3.8343750056810677
density,0.1,local,0,mixed,20,0.1,22,108,blockage,False,1,1,0,1,1,3.3181249746121466
density,0.1,local,0,mixed,20,0.1,23,110,blockage,False,0,0,0,0,0,0.048832967877388
density,0.1,local,0,mixed,20,0.1,24,111,blockage,False,3,3,0,1,6,12.092875025700778
density,0.1,local,0,mixed,20,0.1,25,111,blockage,False,2,2,0,1,141,109.7884580376558
density,0.1,local,0,mixed,20,0.1,26,114,breakdown,False,3,3,0,1,32,7.498040969949216
density,0.1,local,0,mixed,20,0.1,27,116,blockage,True,1,1,0,1,36,8.723583014216274
density,0.1,local,0,mixed,20,0.1,28,117,blockage,False,0,0,0,0,0,0.04579202504828572
density,0.1,local,0,mixed,20,0.1,29,117,breakdown,False,1,1,0,1,4,0.3469579969532788
density,0.1,local,0,mixed,20,0.1,30,119,blockage,False,2,2,0,1,36,11.595542018767446
density,0.1,local,6,mixed,20,0.1,0,9,blockage,False,4,5,1,3,118,230.82062503090128
density,0.1,local,6,mixed,20,0.1,1,9,blockage,False,2,2,0,1,26,10.376541002187878
density,0.1,local,6,mixed,20,0.1,2,11,blockage,False,1,2,1,2,22,12.871749990154058
density,0.1,local,6,mixed,20,0.1,3,13,blockage,False,0,0,0,0,0,0.04787504440173507
density,0.1,local,6,mixed,20,0.1,4,14,blockage,False,3,3,0,1,105,306.724917027168
density,0.1,local,6,mixed,20,0.1,5,24,emergency,True,1,1,0,1,13,11.384082958102226
density,0.1,local,6,mixed,20,0.1,6,27,blockage,False,0,0,0,0,0,0.046042026951909065
density,0.1,local,6,mixed,20,0.1,7,38,blockage,False,0,0,0,0,0,0.03204098902642727
density,0.1,local,6,mixed,20,0.1,8,41,blockage,False,3,3,0,1,74,8.797916991170496
density,0.1,local,6,mixed,20,0.1,9,46,blockage,False,0,0,0,0,0,0.035750039387494326
density,0.1,local,6,mixed,20,0.1,10,53,blockage,False,5,5,0,1,49,59.45420899661258
density,0.1,local,6,mixed,20,0.1,11,55,blockage,False,2,2,0,1,36,17.483083007391542
density,0.1,local,6,mixed,20,0.1,12,56,blockage,True,2,2,0,1,4,2.2907500388100743
density,0.1,local,6,mixed,20,0.1,13,56,blockage,False,2,2,0,1,26,56.549959001131356
density,0.1,local,6,mixed,20,0.1,14,62,blockage,True,2,2,0,1,3,21.42841601744294
density,0.1,local,6,mixed,20,0.1,15,62,emergency,True,1,1,0,1,78,291.80641600396484
density,0.1,local,6,mixed,20,0.1,16,64,blockage,False,4,4,0,1,125,178.31033398397267
density,0.1,local,6,mixed,20,0.1,17,67,blockage,False,1,1,0,1,3,0.5968750338070095
density,0.1,local,6,mixed,20,0.1,18,67,breakdown,False,3,4,1,2,67,25.444041995797306
density,0.1,local,6,mixed,20,0.1,19,72,blockage,False,2,2,0,1,51,12.35199999064207
density,0.1,local,6,mixed,20,0.1,20,72,blockage,False,1,1,0,1,2,0.9886249899864197
density,0.1,local,6,mixed,20,0.1,21,75,blockage,False,2,2,0,1,8,4.07991703832522
density,0.1,local,6,mixed,20,0.1,22,76,blockage,False,0,0,0,0,0,0.15179195906966925
density,0.1,local,6,mixed,20,0.1,23,86,blockage,False,5,5,0,1,75,24.129915982484818
density,0.1,local,6,mixed,20,0.1,24,88,blockage,False,2,2,0,1,54,12.45075004408136
density,0.1,local,6,mixed,20,0.1,25,89,blockage,True,4,4,0,1,32,24.500166007783264
density,0.1,local,6,mixed,20,0.1,26,92,blockage,False,0,0,0,0,0,0.05608302308246493
density,0.1,local,6,mixed,20,0.1,27,96,breakdown,True,4,4,0,1,48,6.363334017805755
density,0.1,local,6,mixed,20,0.1,28,97,blockage,False,1,1,0,1,1,1.7443749820813537
density,0.1,local,6,mixed,20,0.1,29,97,blockage,True,2,2,0,1,30,2.756166970357299
density,0.1,local,6,mixed,20,0.1,30,99,blockage,False,4,4,0,1,15,16.28466695547104
density,0.1,solo,0,mixed,20,0.1,0,11,blockage,False,1,1,0,1,5,25.66762495553121
density,0.1,solo,0,mixed,20,0.1,1,12,blockage,False,0,0,0,0,0,0.04904199158772826
density,0.1,solo,0,mixed,20,0.1,2,24,emergency,True,1,1,0,1,5,9.189457981847227
density,0.1,solo,0,mixed,20,0.1,3,28,blockage,False,3,3,0,1,11,10.431915987282991
density,0.1,solo,0,mixed,20,0.1,4,33,blockage,False,0,0,0,0,0,0.09537499863654375
density,0.1,solo,0,mixed,20,0.1,5,37,blockage,False,2,2,0,1,7,21.838208951521665
density,0.1,solo,0,mixed,20,0.1,6,37,blockage,False,1,1,0,1,4,13.906959036830813
density,0.1,solo,0,mixed,20,0.1,7,38,blockage,False,1,1,0,1,5,4.745790967717767
density,0.1,solo,0,mixed,20,0.1,8,39,blockage,False,3,3,0,1,12,54.33283402817324
density,0.1,solo,0,mixed,20,0.1,9,46,blockage,False,4,4,0,1,8,26.883708022069186
density,0.1,solo,0,mixed,20,0.1,10,47,blockage,False,2,2,0,1,3,6.9788749678991735
density,0.1,solo,0,mixed,20,0.1,11,62,blockage,False,0,0,0,0,0,0.04841695772483945
density,0.1,solo,0,mixed,20,0.1,12,66,blockage,False,2,2,0,1,5,1.9886670052073896
density,0.1,solo,0,mixed,20,0.1,13,73,blockage,True,7,7,0,1,14,16.146167006809264
density,0.1,solo,0,mixed,20,0.1,14,74,blockage,False,3,3,0,1,6,11.713291984051466
density,0.1,solo,0,mixed,20,0.1,15,81,blockage,False,0,0,0,0,0,0.04241697024554014
density,0.1,solo,0,mixed,20,0.1,16,83,blockage,False,4,4,0,1,6,17.034500022418797
density,0.1,solo,0,mixed,20,0.1,17,93,emergency,True,1,1,0,1,2,1.2037089909426868
density,0.1,solo,0,mixed,20,0.1,18,99,blockage,False,0,0,0,0,0,0.040417013224214315
density,0.1,solo,0,mixed,20,0.1,19,100,blockage,False,0,0,0,0,0,0.03187498077750206
density,0.1,solo,0,mixed,20,0.1,20,102,blockage,True,3,3,0,1,5,6.170084001496434
density,0.1,solo,0,mixed,20,0.1,21,107,blockage,True,0,0,0,0,0,0.21470797946676612
density,0.1,solo,0,mixed,20,0.1,22,108,blockage,False,0,0,0,0,0,0.03416696563363075
density,0.1,solo,0,mixed,20,0.1,23,110,blockage,False,0,0,0,0,0,0.03291695611551404
density,0.1,solo,0,mixed,20,0.1,24,111,blockage,False,4,4,0,1,5,16.457916994113475
density,0.1,solo,0,mixed,20,0.1,25,111,blockage,False,7,7,0,1,20,6.747416977304965
density,0.1,solo,0,mixed,20,0.1,26,114,breakdown,False,2,2,0,1,3,0.8618750143796206
density,0.1,solo,0,mixed,20,0.1,27,116,blockage,True,1,1,0,1,2,0.9844169835560024
density,0.1,solo,0,mixed,20,0.1,28,117,blockage,False,0,0,0,0,0,0.03654096508398652
density,0.1,solo,0,mixed,20,0.1,29,117,breakdown,False,2,2,0,1,4,1.7380419885739684
density,0.1,solo,0,mixed,20,0.1,30,119,blockage,False,1,1,0,1,2,0.8410420268774033
density,0.1,solo,2,mixed,20,0.1,0,7,emergency,True,1,1,0,1,3,5.7305420050397515
density,0.1,solo,2,mixed,20,0.1,1,10,blockage,False,1,1,0,1,1,0.9241250227205455
density,0.1,solo,2,mixed,20,0.1,2,12,blockage,False,0,0,0,0,0,0.034374999813735485
density,0.1,solo,2,mixed,20,0.1,3,15,blockage,False,3,3,0,1,7,12.162375031039119
density,0.1,solo,2,mixed,20,0.1,4,15,blockage,False,1,1,0,1,3,8.263249997980893
density,0.1,solo,2,mixed,20,0.1,5,18,blockage,False,2,2,0,1,8,4.647916997782886
density,0.1,solo,2,mixed,20,0.1,6,20,blockage,False,1,1,0,1,0,2.452625019941479
density,0.1,solo,2,mixed,20,0.1,7,20,blockage,False,0,0,0,0,0,0.03579095937311649
density,0.1,solo,2,mixed,20,0.1,8,22,breakdown,False,2,2,0,1,5,11.075874965172261
density,0.1,solo,2,mixed,20,0.1,9,26,blockage,False,0,0,0,0,0,0.04416698357090354
density,0.1,solo,2,mixed,20,0.1,10,27,blockage,False,1,1,0,1,2,2.079790981952101
density,0.1,solo,2,mixed,20,0.1,11,27,blockage,False,1,1,0,1,3,2.2044999641366303
density,0.1,solo,2,mixed,20,0.1,12,29,blockage,False,5,5,0,1,13,46.25695903087035
density,0.1,solo,2,mixed,20,0.1,13,30,breakdown,False,3,3,0,1,3,11.018041986972094
density,0.1,solo,2,mixed,20,0.1,14,32,blockage,False,0,0,0,0,0,0.04754198016598821
density,0.1,solo,2,mixed,20,0.1,15,43,blockage,False,3,3,0,1,5,40.0495840003714
density,0.1,solo,2,mixed,20,0.1,16,57,blockage,False,1,1,0,1,3,1.1562079889699817
density,0.1,solo,2,mixed,20,0.1,17,65,blockage,False,0,0,0,0,0,0.03408303018659353
density,0.1,solo,2,mixed,20,0.1,18,69,blockage,True,0,0,0,0,0,0.12316700303927064
density,0.1,solo,2,mixed,20,0.1,19,71,blockage,True,6,6,0,1,13,12.159083969891071
density,0.1,solo,2,mixed,20,0.1,20,73,blockage,False,2,2,0,1,8,1.5453330124728382
density,0.1,solo,2,mixed,20,0.1,21,74,blockage,False,1,1,0,1,1,1.1111670173704624
density,0.1,solo,2,mixed,20,0.1,22,75,blockage,False,2,2,0,1,2,4.300125001464039
density,0.1,solo,2,mixed,20,0.1,23,78,blockage,False,1,1,0,1,2,0.6451249937526882
density,0.1,solo,2,mixed,20,0.1,24,83,blockage,False,1,1,0,1,0,2.651125018019229
density,0.1,solo,2,mixed,20,0.1,25,86,blockage,False,0,0,0,0,0,0.037792022339999676
density,0.1,solo,2,mixed,20,0.1,26,90,blockage,True,4,4,0,1,11,20.39008296560496
density,0.1,solo,2,mixed,20,0.1,27,91,emergency,True,1,1,0,1,2,7.695417036302388
density,0.1,solo,2,mixed,20,0.1,28,94,blockage,True,9,9,0,1,19,53.12699999194592
density,0.1,solo,2,mixed,20,0.1,29,97,blockage,False,0,0,0,0,0,0.05183299072086811
density,0.1,solo,2,mixed,20,0.1,30,99,blockage,False,1,1,0,1,2,2.86100001540035
density,0.1,local,4,mixed,20,0.1,0,11,breakdown,False,1,1,0,1,1,1.2979580205865204
density,0.1,local,4,mixed,20,0.1,1,12,blockage,False,1,1,0,1,5,1.0440420010127127
density,0.1,local,4,mixed,20,0.1,2,13,blockage,True,8,10,2,2,81,210.66320897080004
density,0.1,local,4,mixed,20,0.1,3,14,blockage,False,2,4,2,2,29,77.08462496520951
density,0.1,local,4,mixed,20,0.1,4,19,blockage,False,1,1,0,1,3,1.100042019970715
density,0.1,local,4,mixed,20,0.1,5,21,blockage,False,2,2,0,1,92,257.54837499698624
density,0.1,local,4,mixed,20,0.1,6,24,blockage,True,5,5,0,1,51,87.42233295924962
density,0.1,local,4,mixed,20,0.1,7,35,blockage,False,0,0,0,0,0,0.04612503107637167
density,0.1,local,4,mixed,20,0.1,8,36,blockage,False,0,0,0,0,0,0.030707975383847952
density,0.1,local,4,mixed,20,0.1,9,44,blockage,False,2,2,0,1,47,59.260709036607295
density,0.1,local,4,mixed,20,0.1,10,52,blockage,True,9,9,0,1,248,396.44595904974267
density,0.1,local,4,mixed,20,0.1,11,54,blockage,False,3,3,0,1,88,187.86462501157075
density,0.1,local,4,mixed,20,0.1,12,57,blockage,False,3,3,0,1,38,29.240625037346035
density,0.1,local,4,mixed,20,0.1,13,60,blockage,False,1,1,0,1,1,2.6407080003991723
density,0.1,local,4,mixed,20,0.1,14,66,blockage,False,0,0,0,0,0,0.04125002305954695
density,0.1,local,4,mixed,20,0.1,15,68,blockage,False,1,1,0,1,23,9.813459008000791
density,0.1,local,4,mixed,20,0.1,16,68,blockage,True,9,9,0,1,148,254.37429099110886
density,0.1,local,4,mixed,20,0.1,17,69,blockage,False,0,0,0,0,0,0.04891701973974705
density,0.1,local,4,mixed,20,0.1,18,70,blockage,False,1,1,0,1,58,40.607707982417196
density,0.1,local,4,mixed,20,0.1,19,72,breakdown,True,7,8,1,3,105,297.5071250111796
density,0.1,local,4,mixed,20,0.1,20,77,blockage,False,0,0,0,0,0,0.09720894740894437
density,0.1,local,4,mixed,20,0.1,21,79,emergency,True,1,2,1,2,10,44.92045898223296
density,0.1,local,4,mixed,20,0.1,22,85,blockage,True,3,3,0,1,13,55.53599999984726
density,0.1,local,4,mixed,20,0.1,23,88,blockage,True,10,10,0,1,75,96.55324998311698
density,0.1,local,4,mixed,20,0.1,24,94,blockage,False,0,0,0,0,0,0.05020800745114684
density,0.1,local,4,mixed,20,0.1,25,98,blockage,False,2,2,0,1,20,15.598708996549249
density,0.1,local,4,mixed,20,0.1,26,99,blockage,True,3,4,1,2,34,112.78108297847211
density,0.1,local,4,mixed,20,0.1,27,100,emergency,True,1,1,0,1,25,6.89262495143339
density,0.1,local,4,mixed,20,0.1,28,102,blockage,False,0,0,0,0,0,0.0509590026922524
density,0.1,local,4,mixed,20,0.1,29,103,blockage,False,0,0,0,0,0,0.03825000021606684
density,0.1,local,4,mixed,20,0.1,30,105,blockage,False,1,1,0,1,3,0.49029203364625573
density,0.1,solo,3,mixed,20,0.1,0,9,blockage,False,3,3,0,1,12,52.51791700720787
density,0.1,solo,3,mixed,20,0.1,1,9,blockage,False,2,2,0,1,5,57.52116598887369
density,0.1,solo,3,mixed,20,0.1,2,18,blockage,False,1,1,0,1,1,2.729125029873103
density,0.1,solo,3,mixed,20,0.1,3,21,blockage,False,2,2,0,1,6,11.97537500411272
density,0.1,solo,3,mixed,20,0.1,4,32,blockage,False,0,0,0,0,0,0.10950001887977123
density,0.1,solo,3,mixed,20,0.1,5,32,blockage,False,1,1,0,1,4,2.9017499764449894
density,0.1,solo,3,mixed,20,0.1,6,42,blockage,False,1,1,0,1,0,4.054749966599047
density,0.1,solo,3,mixed,20,0.1,7,44,blockage,False,1,1,0,1,1,2.159833034966141
density,0.1,solo,3,mixed,20,0.1,8,51,blockage,False,4,4,0,1,15,11.993749998509884
density,0.1,solo,3,mixed,20,0.1,9,54,breakdown,False,2,2,0,1,8,7.019707991275936
density,0.1,solo,3,mixed,20,0.1,10,56,blockage,False,0,0,0,0,0,0.04141597310081124
density,0.1,solo,3,mixed,20,0.1,11,56,breakdown,False,3,3,0,1,9,17.507708980701864
density,0.1,solo,3,mixed,20,0.1,12,58,blockage,False,2,2,0,1,3,3.549458982888609
density,0.1,solo,3,mixed,20,0.1,13,59,blockage,True,9,9,0,1,18,30.448833014816046
density,0.1,solo,3,mixed,20,0.1,14,65,blockage,False,4,4,0,1,11,15.918958990368992
density,0.1,solo,3,mixed,20,0.1,15,65,blockage,False,3,3,0,1,9,9.083416021894664
density,0.1,solo,3,mixed,20,0.1,16,68,blockage,False,0,0,0,0,0,0.04020897904410958
density,0.1,solo,3,mixed,20,0.1,17,69,blockage,False,0,0,0,0,0,0.03229198046028614
density,0.1,solo,3,mixed,20,0.1,18,69,blockage,False,3,3,0,1,7,5.141791014466435
density,0.1,solo,3,mixed,20,0.1,19,69,emergency,True,1,1,0,1,4,1.7702500335872173
density,0.1,solo,3,mixed,20,0.1,20,71,blockage,False,0,0,0,0,0,0.04533299943432212
density,0.1,solo,3,mixed,20,0.1,21,73,blockage,False,1,1,0,1,3,0.7632910273969173
density,0.1,solo,3,mixed,20,0.1,22,74,blockage,False,2,2,0,1,4,1.5131660038605332
density,0.1,solo,3,mixed,20,0.1,23,90,emergency,True,1,1,0,1,1,9.695707994978875
density,0.1,solo,3,mixed,20,0.1,24,93,blockage,False,5,5,0,1,66,19.989874970633537
density,0.1,solo,3,mixed,20,0.1,25,97,blockage,False,1,1,0,1,0,1.8067089840769768
density,0.1,solo,3,mixed,20,0.1,26,98,blockage,False,2,2,0,1,2,5.38591603981331
density,0.1,solo,3,mixed,20,0.1,27,100,blockage,False,2,2,0,1,8,1.9935830496251583
density,0.1,solo,3,mixed,20,0.1,28,103,blockage,True,1,1,0,1,1,4.6848750207573175
density,0.1,solo,3,mixed,20,0.1,29,103,blockage,True,6,6,0,1,15,25.43737494852394
density,0.1,solo,3,mixed,20,0.1,30,104,blockage,False,1,1,0,1,1,0.3836670075543225
density,0.1,solo,6,mixed,20,0.1,0,9,blockage,False,4,4,0,1,13,62.41412501549348
density,0.1,solo,6,mixed,20,0.1,1,9,blockage,False,2,2,0,1,6,14.683165994938463
density,0.1,solo,6,mixed,20,0.1,2,11,blockage,False,1,1,0,1,6,4.417958029080182
density,0.1,solo,6,mixed,20,0.1,3,13,blockage,False,0,0,0,0,0,0.04091602750122547
density,0.1,solo,6,mixed,20,0.1,4,14,blockage,False,3,3,0,1,11,22.63220801251009
density,0.1,solo,6,mixed,20,0.1,5,24,emergency,True,1,1,0,1,1,2.1048750495538116
density,0.1,solo,6,mixed,20,0.1,6,27,blockage,False,0,0,0,0,0,0.041499966755509377
density,0.1,solo,6,mixed,20,0.1,7,38,blockage,False,0,0,0,0,0,0.11554197408258915
density,0.1,solo,6,mixed,20,0.1,8,41,blockage,False,3,3,0,1,16,21.38762501999736
density,0.1,solo,6,mixed,20,0.1,9,46,blockage,False,0,0,0,0,0,0.09095895802602172
density,0.1,solo,6,mixed,20,0.1,10,53,blockage,False,6,6,0,1,9,53.09370800387114
density,0.1,solo,6,mixed,20,0.1,11,55,blockage,False,2,2,0,1,4,3.345959004946053
density,0.1,solo,6,mixed,20,0.1,12,56,blockage,True,2,2,0,1,4,1.5762910479679704
density,0.1,solo,6,mixed,20,0.1,13,56,blockage,False,3,3,0,1,4,12.299499998334795
density,0.1,solo,6,mixed,20,0.1,14,62,blockage,True,2,2,0,1,3,13.504041999112815
density,0.1,solo,6,mixed,20,0.1,15,62,emergency,True,1,1,0,1,2,3.224249987397343
density,0.1,solo,6,mixed,20,0.1,16,64,blockage,False,4,4,0,1,13,11.843832966405898
density,0.1,solo,6,mixed,20,0.1,17,67,blockage,False,1,1,0,1,3,0.5109580233693123
density,0.1,solo,6,mixed,20,0.1,18,67,breakdown,False,2,2,0,1,5,2.9811669955961406
density,0.1,solo,6,mixed,20,0.1,19,72,blockage,False,1,1,0,1,2,7.189333962742239
density,0.1,solo,6,mixed,20,0.1,20,72,blockage,False,1,1,0,1,2,0.944000028539449
density,0.1,solo,6,mixed,20,0.1,21,75,blockage,False,2,2,0,1,9,2.0938750240020454
density,0.1,solo,6,mixed,20,0.1,22,76,blockage,False,0,0,0,0,0,0.03470899537205696
density,0.1,solo,6,mixed,20,0.1,23,86,blockage,False,5,5,0,1,16,6.573208956979215
density,0.1,solo,6,mixed,20,0.1,24,88,blockage,False,2,2,0,1,10,7.626415987033397
density,0.1,solo,6,mixed,20,0.1,25,89,blockage,True,4,4,0,1,14,13.982250005938113
density,0.1,solo,6,mixed,20,0.1,26,92,blockage,False,0,0,0,0,0,0.053875031881034374
density,0.1,solo,6,mixed,20,0.1,27,96,breakdown,True,6,6,0,1,18,33.108500007074326
density,0.1,solo,6,mixed,20,0.1,28,97,blockage,False,1,1,0,1,2,2.7883750153705478
density,0.1,solo,6,mixed,20,0.1,29,97,blockage,True,2,2,0,1,9,2.4332079919986427
density,0.1,solo,6,mixed,20,0.1,30,99,blockage,False,4,4,0,1,17,15.880084014497697
density,0.1,solo,4,mixed,20,0.1,0,11,breakdown,False,1,1,0,1,1,1.0657919920049608
density,0.1,solo,4,mixed,20,0.1,1,12,blockage,False,1,1,0,1,5,0.8779999916441739
density,0.1,solo,4,mixed,20,0.1,2,13,blockage,True,8,8,0,1,23,90.72570799617097
density,0.1,solo,4,mixed,20,0.1,3,14,blockage,False,2,2,0,1,7,10.90308401035145
density,0.1,solo,4,mixed,20,0.1,4,19,blockage,False,1,1,0,1,3,1.108208962250501
density,0.1,solo,4,mixed,20,0.1,5,21,blockage,False,2,2,0,1,4,3.900374984368682
density,0.1,solo,4,mixed,20,0.1,6,24,blockage,True,5,5,0,1,13,67.90483399527147
density,0.1,solo,4,mixed,20,0.1,7,35,blockage,False,0,0,0,0,0,0.043665990233421326
density,0.1,solo,4,mixed,20,0.1,8,36,blockage,False,0,0,0,0,0,0.031041970942169428
density,0.1,solo,4,mixed,20,0.1,9,44,blockage,False,3,3,0,1,10,41.54154198477045
density,0.1,solo,4,mixed,20,0.1,10,52,blockage,True,9,9,0,1,26,103.1603750307113
density,0.1,solo,4,mixed,20,0.1,11,54,blockage,False,3,3,0,1,6,28.518666978925467
density,0.1,solo,4,mixed,20,0.1,12,57,blockage,False,2,2,0,1,3,2.4378750240430236
density,0.1,solo,4,mixed,20,0.1,13,60,blockage,False,1,1,0,1,0,1.758707978297025
density,0.1,solo,4,mixed,20,0.1,14,66,blockage,False,0,0,0,0,0,0.10370899690315127
density,0.1,solo,4,mixed,20,0.1,15,68,blockage,False,2,2,0,1,3,6.005208007991314
density,0.1,solo,4,mixed,20,0.1,16,68,blockage,True,4,4,0,1,8,59.72374998964369
density,0.1,solo,4,mixed,20,0.1,17,69,blockage,False,2,2,0,1,5,2.6270829839631915
density,0.1,solo,4,mixed,20,0.1,18,70,blockage,False,1,1,0,1,6,3.522709012031555
density,0.1,solo,4,mixed,20,0.1,19,72,breakdown,True,11,13,2,4,128,273.6790409544483
density,0.1,solo,4,mixed,20,0.1,20,77,blockage,False,1,1,0,1,4,0.7303329766727984
density,0.1,solo,4,mixed,20,0.1,21,79,emergency,True,1,1,0,1,3,11.633665999397635
density,0.1,solo,4,mixed,20,0.1,22,85,blockage,True,2,2,0,1,9,11.542959022335708
density,0.1,solo,4,mixed,20,0.1,23,88,blockage,True,10,10,0,1,34,43.977416993584484
density,0.1,solo,4,mixed,20,0.1,24,94,blockage,False,0,0,0,0,0,0.05241698818281293
density,0.1,solo,4,mixed,20,0.1,25,98,blockage,False,2,2,0,1,4,11.891999980434775
density,0.1,solo,4,mixed,20,0.1,26,99,blockage,True,0,0,0,0,0,0.13837497681379318
density,0.1,solo,4,mixed,20,0.1,27,100,emergency,True,1,1,0,1,1,17.784791998565197
density,0.1,solo,4,mixed,20,0.1,28,102,blockage,False,1,1,0,1,5,17.833125020843
density,0.1,solo,4,mixed,20,0.1,29,103,blockage,False,0,0,0,0,0,0.13054098235443234
density,0.1,solo,4,mixed,20,0.1,30,105,blockage,False,1,1,0,1,1,1.987457973882556
density,0.1,solo,5,mixed,20,0.1,0,14,blockage,False,0,0,0,0,0,0.04012498538941145
density,0.1,solo,5,mixed,20,0.1,1,15,blockage,True,9,9,0,1,20,132.65229103853926
density,0.1,solo,5,mixed,20,0.1,2,15,blockage,True,13,13,0,1,35,286.10533295432106
density,0.1,solo,5,mixed,20,0.1,3,26,blockage,False,6,8,2,1,65,226.19495796971023
density,0.1,solo,5,mixed,20,0.1,4,26,emergency,True,1,1,0,1,5,22.893750050570816
density,0.1,solo,5,mixed,20,0.1,5,36,blockage,False,1,1,0,1,2,20.860916993115097
density,0.1,solo,5,mixed,20,0.1,6,40,blockage,True,1,1,0,1,1,1.2829579645767808
density,0.1,solo,5,mixed,20,0.1,7,44,blockage,True,0,0,0,0,0,0.12179202167317271
density,0.1,solo,5,mixed,20,0.1,8,49,blockage,False,1,1,0,1,4,6.255249958485365
density,0.1,solo,5,mixed,20,0.1,9,49,blockage,False,0,0,0,0,0,0.09287497960031033
density,0.1,solo,5,mixed,20,0.1,10,52,emergency,True,1,1,0,1,4,31.456207972951233
density,0.1,solo,5,mixed,20,0.1,11,54,blockage,False,0,0,0,0,0,0.05412503378465772
density,0.1,solo,5,mixed,20,0.1,12,55,blockage,False,0,0,0,0,0,0.03241701051592827
density,0.1,solo,5,mixed,20,0.1,13,55,blockage,False,0,0,0,0,0,0.030374969355762005
density,0.1,solo,5,mixed,20,0.1,14,60,blockage,True,7,7,0,1,20,98.18995802197605
density,0.1,solo,5,mixed,20,0.1,15,61,blockage,True,1,1,0,1,4,15.395166003145278
density,0.1,solo,5,mixed,20,0.1,16,62,blockage,False,3,3,0,1,10,20.413209043908864
density,0.1,solo,5,mixed,20,0.1,17,64,blockage,False,2,2,0,1,6,6.919750012457371
density,0.1,solo,5,mixed,20,0.1,18,65,blockage,False,7,7,0,1,25,76.45033398875967
density,0.1,solo,5,mixed,20,0.1,19,65,blockage,True,6,6,0,1,14,155.43516696197912
density,0.1,solo,5,mixed,20,0.1,20,65,breakdown,False,1,1,0,1,3,3.911083040293306
density,0.1,solo,5,mixed,20,0.1,21,68,blockage,False,1,1,0,1,1,1.5703750541433692
density,0.1,solo,5,mixed,20,0.1,22,68,blockage,False,0,0,0,0,0,0.03804202424362302
density,0.1,solo,5,mixed,20,0.1,23,71,breakdown,True,2,2,0,1,5,185.91624998953193
density,0.1,solo,5,mixed,20,0.1,24,76,blockage,False,2,2,0,1,4,9.075040987227112
density,0.1,solo,5,mixed,20,0.1,25,78,blockage,False,1,1,0,1,2,1.0389999952167273
density,0.1,solo,5,mixed,20,0.1,26,81,blockage,False,1,1,0,1,0,39.216125034727156
density,0.1,solo,5,mixed,20,0.1,27,86,blockage,False,1,1,0,1,1,10.5188749730587
density,0.1,solo,5,mixed,20,0.1,28,91,blockage,False,1,1,0,1,1,2.083499974105507
density,0.1,solo,5,mixed,20,0.1,29,95,blockage,True,2,2,0,1,10,1.055500004440546
density,0.1,solo,5,mixed,20,0.1,30,104,blockage,False,0,0,0,0,0,0.037041958421468735
density,0.1,solo,7,mixed,20,0.1,0,17,blockage,False,0,0,0,0,0,0.039457983803004026
density,0.1,solo,7,mixed,20,0.1,1,17,blockage,False,1,1,0,1,7,4.193208995275199
density,0.1,solo,7,mixed,20,0.1,2,20,blockage,False,2,2,0,1,9,35.73949995916337
density,0.1,solo,7,mixed,20,0.1,3,23,blockage,False,1,1,0,1,6,1.806416956242174
density,0.1,solo,7,mixed,20,0.1,4,25,blockage,False,2,6,4,2,39,72.69674993585795
density,0.1,solo,7,mixed,20,0.1,5,26,blockage,False,2,2,0,1,1,11.846832989249378
density,0.1,solo,7,mixed,20,0.1,6,29,blockage,False,2,2,0,1,11,21.215250017121434
density,0.1,solo,7,mixed,20,0.1,7,31,blockage,False,3,3,0,1,11,14.114457997493446
density,0.1,solo,7,mixed,20,0.1,8,33,blockage,False,0,0,0,0,0,0.04675000673159957
density,0.1,solo,7,mixed,20,0.1,9,33,breakdown,False,1,1,0,1,3,3.552249982021749
density,0.1,solo,7,mixed,20,0.1,10,40,blockage,False,0,0,0,0,0,0.03875000402331352
density,0.1,solo,7,mixed,20,0.1,11,44,blockage,False,2,2,0,1,7,42.80016600387171
density,0.1,solo,7,mixed,20,0.1,12,48,emergency,True,1,1,0,1,0,2.458832983393222
density,0.1,solo,7,mixed,20,0.1,13,51,breakdown,True,7,7,0,1,22,54.53887500334531
density,0.1,solo,7,mixed,20,0.1,14,58,blockage,False,3,3,0,1,5,10.925250011496246
density,0.1,solo,7,mixed,20,0.1,15,63,blockage,False,2,2,0,1,7,37.859875010326505
density,0.1,solo,7,mixed,20,0.1,16,63,blockage,False,0,0,0,0,0,0.05083298310637474
density,0.1,solo,7,mixed,20,0.1,17,64,emergency,True,1,1,0,1,2,1.8316669738851488
density,0.1,solo,7,mixed,20,0.1,18,65,blockage,False,2,2,0,1,6,3.218333004042506
density,0.1,solo,7,mixed,20,0.1,19,69,blockage,True,0,0,0,0,0,0.15320797683671117
density,0.1,solo,7,mixed,20,0.1,20,77,blockage,True,3,3,0,1,11,25.963667023461312
density,0.1,solo,7,mixed,20,0.1,21,82,blockage,False,4,4,0,1,14,18.363500013947487
density,0.1,solo,7,mixed,20,0.1,22,86,blockage,False,3,3,0,1,10,18.924834032077342
density,0.1,solo,7,mixed,20,0.1,23,87,blockage,True,6,6,0,1,13,249.21841599280015
density,0.1,solo,7,mixed,20,0.1,24,90,blockage,True,0,0,0,0,0,0.1504579558968544
density,0.1,solo,7,mixed,20,0.1,25,90,blockage,False,2,2,0,1,5,166.6337909991853
density,0.1,solo,7,mixed,20,0.1,26,93,blockage,False,1,1,0,1,3,2.897333004511893
density,0.1,solo,7,mixed,20,0.1,27,93,blockage,False,1,1,0,1,3,1.2086249771527946
density,0.1,solo,7,mixed,20,0.1,28,95,blockage,False,2,2,0,1,5,10.260333016049117
density,0.1,solo,7,mixed,20,0.1,29,99,blockage,False,1,1,0,1,1,3.4502920461818576
density,0.1,solo,7,mixed,20,0.1,30,112,blockage,True,4,4,0,1,12,5.656292021740228
density,0.1,local,9,mixed,20,0.1,0,11,blockage,True,12,14,2,3,491,1547.907582949847
density,0.1,local,9,mixed,20,0.1,1,15,blockage,True,3,4,1,2,145,229.29824999300763
density,0.1,local,9,mixed,20,0.1,2,15,blockage,False,4,6,2,3,183,370.96916703740135
density,0.1,local,9,mixed,20,0.1,3,16,blockage,False,0,0,0,0,0,0.10254204971715808
density,0.1,local,9,mixed,20,0.1,4,19,blockage,False,3,10,7,4,343,354.0834999876097
density,0.1,local,9,mixed,20,0.1,5,22,blockage,False,0,0,0,0,0,0.05237502045929432
density,0.1,local,9,mixed,20,0.1,6,26,blockage,False,2,2,0,1,18,6.759000010788441
density,0.1,local,9,mixed,20,0.1,7,26,blockage,False,0,0,0,0,0,0.12179103214293718
density,0.1,local,9,mixed,20,0.1,8,29,breakdown,False,6,6,0,1,139,64.25799999851733
density,0.1,local,9,mixed,20,0.1,9,33,blockage,True,0,0,0,0,0,0.13683299766853452
density,0.1,local,9,mixed,20,0.1,10,35,blockage,False,2,2,0,1,37,25.1127079827711
density,0.1,local,9,mixed,20,0.1,11,37,blockage,False,0,0,0,0,0,0.0468750367872417
density,0.1,local,9,mixed,20,0.1,12,42,blockage,True,8,9,1,3,83,44.32325001107529
density,0.1,local,9,mixed,20,0.1,13,47,blockage,False,0,0,0,0,0,0.046250002924352884
density,0.1,local,9,mixed,20,0.1,14,52,blockage,False,1,1,0,1,3,0.8619170403108001
density,0.1,local,9,mixed,20,0.1,15,58,blockage,False,2,3,1,3,135,156.1740000033751
density,0.1,local,9,mixed,20,0.1,16,59,blockage,False,0,0,0,0,0,0.04570902092382312
density,0.1,local,9,mixed,20,0.1,17,72,blockage,True,8,8,0,1,111,98.90579199418426
density,0.1,local,9,mixed,20,0.1,18,75,blockage,False,2,2,0,1,1,1.4272499829530716
density,0.1,local,9,mixed,20,0.1,19,79,blockage,False,1,1,0,1,1,0.6049160147085786
density,0.1,local,9,mixed,20,0.1,20,82,blockage,False,2,5,3,2,99,8.900750079192221
density,0.1,local,9,mixed,20,0.1,21,84,blockage,False,1,1,0,1,27,23.904375033453107
density,0.1,local,9,mixed,20,0.1,22,85,blockage,True,1,1,0,1,4,1.2607499957084656
density,0.1,local,9,mixed,20,0.1,23,87,blockage,False,1,1,0,1,1,2.7716250042431056
density,0.1,local,9,mixed,20,0.1,24,96,emergency,True,1,1,0,1,16,24.14541697362438
density,0.1,local,9,mixed,20,0.1,25,108,blockage,False,1,1,0,1,2,0.8013329934328794
density,0.1,local,9,mixed,20,0.1,26,108,breakdown,True,7,7,0,1,127,24.222166975960135
density,0.1,local,9,mixed,20,0.1,27,109,blockage,False,1,2,1,2,7,3.8066250272095203
density,0.1,local,9,mixed,20,0.1,28,109,emergency,True,1,1,0,1,14,20.442500011995435
density,0.1,local,9,mixed,20,0.1,29,114,blockage,False,3,5,2,3,172,141.23249996919185
density,0.1,local,9,mixed,20,0.1,30,120,blockage,True,3,3,0,1,42,5.843499966431409
density,0.1,solo,1,mixed,20,0.1,0,9,blockage,False,2,2,0,1,3,27.108624984975904
density,0.1,solo,1,mixed,20,0.1,1,9,blockage,False,1,1,0,1,4,5.665250006131828
density,0.1,solo,1,mixed,20,0.1,2,11,blockage,True,5,5,0,1,16,97.39379095844924
density,0.1,solo,1,mixed,20,0.1,3,12,blockage,False,3,3,0,1,6,15.556083002593368
density,0.1,solo,1,mixed,20,0.1,4,16,blockage,True,10,10,0,1,17,222.13795798597857
density,0.1,solo,1,mixed,20,0.1,5,19,emergency,True,1,1,0,1,2,17.945958010386676
density,0.1,solo,1,mixed,20,0.1,6,21,blockage,True,6,6,0,1,13,135.41116600390524
density,0.1,solo,1,mixed,20,0.1,7,21,blockage,True,12,12,0,1,25,209.58716596942395
density,0.1,solo,1,mixed,20,0.1,8,29,blockage,False,0,0,0,0,0,0.058542005717754364
density,0.1,solo,1,mixed,20,0.1,9,32,blockage,False,0,0,0,0,0,0.03524997737258673
density,0.1,solo,1,mixed,20,0.1,10,35,blockage,False,0,0,0,0,0,0.03166700480505824
density,0.1,solo,1,mixed,20,0.1,11,36,blockage,False,3,3,0,1,7,39.38266698969528
density,0.1,solo,1,mixed,20,0.1,12,43,blockage,False,1,1,0,1,3,2.871000033337623
density,0.1,solo,1,mixed,20,0.1,13,44,breakdown,True,11,11,0,1,52,226.03287495439872
density,0.1,solo,1,mixed,20,0.1,14,48,blockage,True,11,11,0,1,17,280.88704094989225
density,0.1,solo,1,mixed,20,0.1,15,51,breakdown,False,1,1,0,1,1,13.337082986254245
density,0.1,solo,1,mixed,20,0.1,16,71,blockage,False,0,0,0,0,0,0.10641705011948943
density,0.1,solo,1,mixed,20,0.1,17,77,blockage,False,4,11,7,1,33,145.36983199650422
density,0.1,solo,1,mixed,20,0.1,18,80,blockage,False,1,1,0,1,2,48.71570796240121
density,0.1,solo,1,mixed,20,0.1,19,83,blockage,False,2,4,2,1,151,1395.139415981248
density,0.1,solo,1,mixed,20,0.1,20,83,blockage,False,1,1,0,1,1,23.092333984095603
density,0.1,solo,1,mixed,20,0.1,21,85,blockage,True,7,7,0,1,8,111.70758301159367
density,0.1,solo,1,mixed,20,0.1,22,89,blockage,False,4,4,0,1,12,42.746499995701015
density,0.1,solo,1,mixed,20,0.1,23,91,blockage,False,1,1,0,1,3,26.135041960515082
density,0.1,solo,1,mixed,20,0.1,24,95,blockage,False,1,1,0,1,0,13.053999980911613
density,0.1,solo,1,mixed,20,0.1,25,107,blockage,False,2,2,0,1,3,16.92687498871237
density,0.1,solo,1,mixed,20,0.1,26,108,blockage,False,0,0,0,0,0,0.10991597082465887
density,0.1,solo,1,mixed,20,0.1,27,109,blockage,False,1,1,0,1,2,6.369750015437603
density,0.1,solo,1,mixed,20,0.1,28,112,blockage,False,0,0,0,0,0,0.2828339929692447
density,0.1,solo,1,mixed,20,0.1,29,114,emergency,True,1,1,0,1,0,6.827374978456646
density,0.1,solo,1,mixed,20,0.1,30,115,blockage,False,1,1,0,1,1,6.2340000295080245
density,0.1,solo,8,mixed,20,0.1,0,7,blockage,False,0,0,0,0,0,0.044417043682187796
density,0.1,solo,8,mixed,20,0.1,1,9,blockage,True,12,12,0,1,28,365.75658299261704
density,0.1,solo,8,mixed,20,0.1,2,13,emergency,True,1,1,0,1,3,62.85466701956466
density,0.1,solo,8,mixed,20,0.1,3,14,blockage,False,0,0,0,0,0,0.049083027988672256
density,0.1,solo,8,mixed,20,0.1,4,14,breakdown,False,1,1,0,1,2,1.195250020828098
density,0.1,solo,8,mixed,20,0.1,5,18,blockage,True,7,7,0,1,19,183.32266696961597
density,0.1,solo,8,mixed,20,0.1,6,21,blockage,True,10,10,0,1,29,235.55049998685718
density,0.1,solo,8,mixed,20,0.1,7,22,blockage,False,1,1,0,1,3,8.24649998685345
density,0.1,solo,8,mixed,20,0.1,8,22,blockage,False,4,4,0,1,9,113.27800003346056
density,0.1,solo,8,mixed,20,0.1,9,24,blockage,False,0,0,0,0,0,0.05312502617016435
density,0.1,solo,8,mixed,20,0.1,10,25,blockage,True,12,12,0,1,42,367.89345799479634
density,0.1,solo,8,mixed,20,0.1,11,26,blockage,False,2,2,0,1,8,9.247624955605716
density,0.1,solo,8,mixed,20,0.1,12,26,emergency,True,1,1,0,1,6,16.745250031817704
density,0.1,solo,8,mixed,20,0.1,13,27,blockage,False,4,4,0,1,19,147.40666601574048
density,0.1,solo,8,mixed,20,0.1,14,32,blockage,False,2,2,0,1,5,34.62654195027426
density,0.1,solo,8,mixed,20,0.1,15,36,blockage,False,5,8,3,2,59,613.5726249776781
density,0.1,solo,8,mixed,20,0.1,16,44,blockage,False,0,0,0,0,0,0.11712498962879181
density,0.1,solo,8,mixed,20,0.1,17,48,breakdown,False,1,1,0,1,2,83.52779201231897
density,0.1,solo,8,mixed,20,0.1,18,61,blockage,True,4,4,0,1,12,122.01649998314679
density,0.1,solo,8,mixed,20,0.1,19,63,blockage,False,0,0,0,0,0,0.04962499951943755
density,0.1,solo,8,mixed,20,0.1,20,64,blockage,False,0,0,0,0,0,0.032708048820495605
density,0.1,solo,8,mixed,20,0.1,21,64,blockage,False,4,4,0,1,10,79.09625000320375
density,0.1,solo,8,mixed,20,0.1,22,67,blockage,False,2,2,0,1,4,18.854167021345347
density,0.1,solo,8,mixed,20,0.1,23,71,blockage,False,1,1,0,1,2,26.882957958150655
density,0.1,solo,8,mixed,20,0.1,24,80,blockage,False,3,3,0,1,5,36.82920796563849
density,0.1,solo,8,mixed,20,0.1,25,83,blockage,True,3,3,0,1,8,123.20487498072907
density,0.1,solo,8,mixed,20,0.1,26,89,blockage,False,1,1,0,1,1,6.971290975343436
density,0.1,solo,8,mixed,20,0.1,27,92,blockage,False,3,3,0,1,12,34.779417037498206
density,0.1,solo,8,mixed,20,0.1,28,95,blockage,False,1,1,0,1,1,77.43191602639854
density,0.1,solo,8,mixed,20,0.1,29,97,blockage,False,1,1,0,1,4,37.62300004018471
density,0.1,solo,8,mixed,20,0.1,30,102,blockage,False,2,2,0,1,8,19.732374988961965
density,0.1,full,0,mixed,20,0.1,0,11,blockage,False,1,14,13,5,40,160.3240420226939
density,0.1,full,0,mixed,20,0.1,1,12,blockage,False,0,0,0,5,40,194.72766597755253
density,0.1,full,0,mixed,20,0.1,2,24,emergency,True,1,18,17,5,40,134.07591701252386
density,0.1,full,0,mixed,20,0.1,3,28,blockage,False,3,16,13,5,40,147.2895410261117
density,0.1,full,0,mixed,20,0.1,4,33,blockage,False,0,0,0,5,40,110.48116703750566
density,0.1,full,0,mixed,20,0.1,5,37,blockage,False,1,5,4,5,40,85.7577919960022
density,0.1,full,0,mixed,20,0.1,6,37,blockage,False,2,2,0,5,40,89.34800000861287
density,0.1,full,0,mixed,20,0.1,7,38,blockage,False,1,2,1,5,40,111.90779198659584
density,0.1,full,0,mixed,20,0.1,8,39,blockage,False,4,15,11,5,40,59.07625000691041
density,0.1,full,0,mixed,20,0.1,9,46,blockage,False,2,11,9,5,40,61.36512500233948
density,0.1,full,0,mixed,20,0.1,10,47,blockage,False,2,6,4,5,40,58.29037504736334
density,0.1,full,0,mixed,20,0.1,11,62,blockage,False,0,10,10,5,40,32.6131249894388
density,0.1,full,0,mixed,20,0.1,12,66,blockage,False,0,0,0,5,40,30.617833021096885
density,0.1,full,0,mixed,20,0.1,13,73,blockage,True,10,14,4,5,40,39.63158302940428
density,0.1,full,0,mixed,20,0.1,14,74,blockage,False,4,5,1,5,40,41.42245900584385
density,0.1,full,0,mixed,20,0.1,15,81,blockage,False,0,0,0,5,40,44.35058397939429
density,0.1,full,0,mixed,20,0.1,16,83,blockage,False,3,4,1,5,40,41.73383297165856
density,0.1,full,0,mixed,20,0.1,17,93,emergency,True,1,5,4,5,40,21.982792008202523
density,0.1,full,0,mixed,20,0.1,18,99,blockage,False,1,3,2,5,40,33.13666599569842
density,0.1,full,0,mixed,20,0.1,19,100,blockage,False,0,0,0,5,40,19.81195801636204
density,0.1,full,0,mixed,20,0.1,20,102,blockage,True,4,6,2,5,40,33.90429198043421
density,0.1,full,0,mixed,20,0.1,21,107,blockage,True,2,5,3,5,40,28.470041987020522
density,0.1,full,0,mixed,20,0.1,22,108,blockage,False,0,3,3,5,40,39.05949997715652
density,0.1,full,0,mixed,20,0.1,23,110,blockage,False,0,2,2,5,40,22.464208013843745
density,0.1,full,0,mixed,20,0.1,24,111,blockage,False,5,18,13,5,40,59.511917002964765
density,0.1,full,0,mixed,20,0.1,25,111,blockage,False,3,18,15,5,40,51.50916601996869
density,0.1,full,0,mixed,20,0.1,26,114,breakdown,False,2,16,14,5,40,23.062916996423155
density,0.1,full,0,mixed,20,0.1,27,116,blockage,True,1,1,0,5,40,15.736082976218313
density,0.1,full,0,mixed,20,0.1,28,117,blockage,False,0,0,0,5,40,18.619749986100942
density,0.1,full,0,mixed,20,0.1,29,117,breakdown,False,3,7,4,5,40,16.096875013317913
density,0.1,full,0,mixed,20,0.1,30,119,blockage,False,0,0,0,5,40,14.488208980765194
density,0.1,solo,9,mixed,20,0.1,0,11,blockage,True,12,12,0,1,51,121.48525001248345
density,0.1,solo,9,mixed,20,0.1,1,15,blockage,True,3,3,0,1,17,66.5679580415599
density,0.1,solo,9,mixed,20,0.1,2,15,blockage,False,4,4,0,1,18,26.412707986310124
density,0.1,solo,9,mixed,20,0.1,3,16,blockage,False,0,0,0,0,0,0.09045802289620042
density,0.1,solo,9,mixed,20,0.1,4,19,blockage,False,3,17,14,2,198,1837.0034160325304
density,0.1,solo,9,mixed,20,0.1,5,22,blockage,False,0,0,0,0,0,0.09700004011392593
density,0.1,solo,9,mixed,20,0.1,6,26,blockage,False,2,2,0,1,6,9.940541989635676
density,0.1,solo,9,mixed,20,0.1,7,26,blockage,False,0,0,0,0,0,0.0468340003862977
density,0.1,solo,9,mixed,20,0.1,8,29,breakdown,False,6,6,0,1,17,39.901999989524484
density,0.1,solo,9,mixed,20,0.1,9,33,blockage,True,0,0,0,0,0,0.1415410079061985
density,0.1,solo,9,mixed,20,0.1,10,35,blockage,False,2,2,0,1,7,5.918332957662642
density,0.1,solo,9,mixed,20,0.1,11,37,blockage,False,0,0,0,0,0,0.09612500434741378
density,0.1,solo,9,mixed,20,0.1,12,42,blockage,True,9,9,0,1,38,39.89141702186316
density,0.1,solo,9,mixed,20,0.1,13,47,blockage,False,0,0,0,0,0,0.051332986913621426
density,0.1,solo,9,mixed,20,0.1,14,52,blockage,False,2,2,0,1,6,3.56308399932459
density,0.1,solo,9,mixed,20,0.1,15,58,blockage,False,6,6,0,1,21,46.67754203546792
density,0.1,solo,9,mixed,20,0.1,16,59,blockage,False,1,1,0,1,5,3.06029204512015
density,0.1,solo,9,mixed,20,0.1,17,72,blockage,True,8,8,0,1,30,24.591666995547712
density,0.1,solo,9,mixed,20,0.1,18,75,blockage,False,1,1,0,1,2,0.659832963719964
density,0.1,solo,9,mixed,20,0.1,19,79,blockage,False,0,0,0,0,0,0.0391670037060976
density,0.1,solo,9,mixed,20,0.1,20,82,blockage,False,1,1,0,1,3,1.6130000003613532
density,0.1,solo,9,mixed,20,0.1,21,84,blockage,False,1,1,0,1,1,1.7282080370932817
density,0.1,solo,9,mixed,20,0.1,22,85,blockage,True,7,7,0,1,28,13.888999994378537
density,0.1,solo,9,mixed,20,0.1,23,87,blockage,False,1,1,0,1,2,3.2202909933403134
density,0.1,solo,9,mixed,20,0.1,24,96,emergency,True,1,1,0,1,1,4.936959012411535
density,0.1,solo,9,mixed,20,0.1,25,108,blockage,False,1,1,0,1,5,2.04679201124236
density,0.1,solo,9,mixed,20,0.1,26,108,breakdown,True,2,2,0,1,9,6.8138749920763075
density,0.1,solo,9,mixed,20,0.1,27,109,blockage,False,3,3,0,1,13,4.181916010566056
density,0.1,solo,9,mixed,20,0.1,28,109,emergency,True,1,1,0,1,4,8.7575419456698
density,0.1,solo,9,mixed,20,0.1,29,114,blockage,False,3,3,0,1,19,1.9902079948224127
density,0.1,solo,9,mixed,20,0.1,30,120,blockage,True,2,2,0,1,8,2.2592080058529973
density,0.1,local,7,mixed,20,0.1,0,17,blockage,False,0,0,0,0,0,0.09120901813730597
density,0.1,local,7,mixed,20,0.1,1,17,blockage,False,1,1,0,1,61,72.46312499046326
density,0.1,local,7,mixed,20,0.1,2,20,blockage,False,2,2,0,1,205,748.9608329487965
density,0.1,local,7,mixed,20,0.1,3,23,blockage,False,1,1,0,1,56,50.84608297329396
density,0.1,local,7,mixed,20,0.1,4,25,blockage,False,2,6,4,3,466,1880.2746249712072
density,0.1,local,7,mixed,20,0.1,5,26,blockage,False,1,1,0,1,2,4.744875011965632
density,0.1,local,7,mixed,20,0.1,6,29,blockage,False,2,3,1,2,95,202.59804098168388
density,0.1,local,7,mixed,20,0.1,7,31,blockage,False,2,5,3,2,28,58.13775002025068
density,0.1,local,7,mixed,20,0.1,8,33,blockage,False,0,0,0,0,0,0.052332994528114796
density,0.1,local,7,mixed,20,0.1,9,33,breakdown,False,1,1,0,1,3,2.7366250287741423
density,0.1,local,7,mixed,20,0.1,10,40,blockage,False,0,0,0,0,0,0.039583013858646154
density,0.1,local,7,mixed,20,0.1,11,44,blockage,False,2,2,0,1,65,58.14541701693088
density,0.1,local,7,mixed,20,0.1,12,48,emergency,True,1,1,0,1,2,4.331332980655134
density,0.1,local,7,mixed,20,0.1,13,51,breakdown,True,8,8,0,1,106,204.37516696983948
density,0.1,local,7,mixed,20,0.1,14,58,blockage,False,3,4,1,2,48,35.70758400019258
density,0.1,local,7,mixed,20,0.1,15,63,blockage,False,1,1,0,1,42,84.31795798242092
density,0.1,local,7,mixed,20,0.1,16,63,blockage,False,0,0,0,0,0,0.05308300023898482
density,0.1,local,7,mixed,20,0.1,17,64,emergency,True,1,1,0,1,1,1.3755830004811287
density,0.1,local,7,mixed,20,0.1,18,65,blockage,False,2,2,0,1,4,1.1887080036103725
density,0.1,local,7,mixed,20,0.1,19,69,blockage,True,0,0,0,0,0,0.11979200644418597
density,0.1,local,7,mixed,20,0.1,20,77,blockage,True,4,6,2,3,81,47.49783396255225
density,0.1,local,7,mixed,20,0.1,21,82,blockage,False,4,5,1,3,127,51.804790971800685
density,0.1,local,7,mixed,20,0.1,22,86,blockage,False,4,4,0,2,148,269.8764579836279
density,0.1,local,7,mixed,20,0.1,23,87,blockage,True,7,9,2,3,236,1979.592124989722
density,0.1,local,7,mixed,20,0.1,24,90,blockage,True,1,1,0,1,2,1.845165970735252
density,0.1,local,7,mixed,20,0.1,25,90,blockage,False,2,2,0,1,33,607.7681250171736
density,0.1,local,7,mixed,20,0.1,26,93,blockage,False,1,1,0,1,17,4.253582970704883
density,0.1,local,7,mixed,20,0.1,27,93,blockage,False,2,2,0,1,23,7.7213330077938735
density,0.1,local,7,mixed,20,0.1,28,95,blockage,False,2,2,0,1,28,5.857125041075051
density,0.1,local,7,mixed,20,0.1,29,99,blockage,False,1,1,0,1,1,0.9756250074133277
density,0.1,local,7,mixed,20,0.1,30,112,blockage,True,2,3,1,3,18,19.67841701116413
density,0.1,full,2,mixed,20,0.1,0,7,emergency,True,1,20,19,5,40,83.35420896764845
density,0.1,full,2,mixed,20,0.1,1,10,blockage,False,1,9,8,5,40,68.36808298248798
density,0.1,full,2,mixed,20,0.1,2,12,blockage,False,0,8,8,5,40,72.77554197935387
density,0.1,full,2,mixed,20,0.1,3,15,blockage,False,2,3,1,5,40,86.55258297221735
density,0.1,full,2,mixed,20,0.1,4,15,blockage,False,1,1,0,5,40,102.46758302673697
density,0.1,full,2,mixed,20,0.1,5,18,blockage,False,2,19,17,5,40,73.99279199307784
density,0.1,full,2,mixed,20,0.1,6,20,blockage,False,1,2,1,5,40,81.22766599990427
density,0.1,full,2,mixed,20,0.1,7,20,blockage,False,1,1,0,5,40,125.24491699878126
density,0.1,full,2,mixed,20,0.1,8,22,breakdown,False,1,13,12,5,40,73.14716605469584
density,0.1,full,2,mixed,20,0.1,9,26,blockage,False,0,0,0,5,40,100.98587500397116
density,0.1,full,2,mixed,20,0.1,10,27,blockage,False,0,0,0,5,40,85.89495799969882
density,0.1,full,2,mixed,20,0.1,11,27,blockage,False,1,1,0,5,40,54.577625007368624
density,0.1,full,2,mixed,20,0.1,12,29,blockage,False,3,8,5,5,40,86.00604202365503
density,0.1,full,2,mixed,20,0.1,13,30,breakdown,False,2,17,15,5,40,79.07279202481732
density,0.1,full,2,mixed,20,0.1,14,32,blockage,False,1,4,3,5,40,68.43975000083447
density,0.1,full,2,mixed,20,0.1,15,43,blockage,False,2,14,12,5,40,57.96166602522135
density,0.1,full,2,mixed,20,0.1,16,57,blockage,False,0,16,16,5,40,37.21112495986745
density,0.1,full,2,mixed,20,0.1,17,65,blockage,False,2,4,2,5,40,27.740208024624735
density,0.1,full,2,mixed,20,0.1,18,69,blockage,True,1,1,0,5,40,25.246167031582445
density,0.1,full,2,mixed,20,0.1,19,71,blockage,True,4,7,3,5,40,36.49820800637826
density,0.1,full,2,mixed,20,0.1,20,73,blockage,False,1,2,1,5,40,38.798042049165815
density,0.1,full,2,mixed,20,0.1,21,74,blockage,False,1,1,0,5,40,24.487916962243617
density,0.1,full,2,mixed,20,0.1,22,75,blockage,False,2,6,4,5,40,31.204542028717697
density,0.1,full,2,mixed,20,0.1,23,78,blockage,False,2,2,0,5,40,30.774792016018182
density,0.1,full,2,mixed,20,0.1,24,83,blockage,False,0,6,6,5,40,14.931167010217905
density,0.1,full,2,mixed,20,0.1,25,86,blockage,False,0,3,3,5,40,24.977958004456013
density,0.1,full,2,mixed,20,0.1,26,90,blockage,True,4,13,9,5,40,23.724000027868897
density,0.1,full,2,mixed,20,0.1,27,91,emergency,True,1,5,4,5,40,39.62579200742766
density,0.1,full,2,mixed,20,0.1,28,94,blockage,True,11,13,2,5,40,42.520874994806945
density,0.1,full,2,mixed,20,0.1,29,97,blockage,False,0,3,3,5,40,44.548415986355394
density,0.1,full,2,mixed,20,0.1,30,99,blockage,False,1,1,0,5,40,44.177791045513004
density,0.1,full,3,mixed,20,0.1,0,9,blockage,False,3,11,8,5,40,161.37387498747557
density,0.1,full,3,mixed,20,0.1,1,9,blockage,False,2,7,5,5,40,100.18966702045873
density,0.1,full,3,mixed,20,0.1,2,18,blockage,False,2,13,11,5,40,78.74870800878853
density,0.1,full,3,mixed,20,0.1,3,21,blockage,False,3,8,5,5,40,84.42733297124505
density,0.1,full,3,mixed,20,0.1,4,32,blockage,False,0,7,7,5,40,55.58641697280109
density,0.1,full,3,mixed,20,0.1,5,32,blockage,False,1,5,4,5,40,53.052333008963615
density,0.1,full,3,mixed,20,0.1,6,42,blockage,False,0,2,2,5,40,51.10437504481524
density,0.1,full,3,mixed,20,0.1,7,44,blockage,False,1,4,3,5,40,60.78391597839072
density,0.1,full,3,mixed,20,0.1,8,51,blockage,False,2,10,8,5,40,27.09237497765571
density,0.1,full,3,mixed,20,0.1,9,54,breakdown,False,3,12,9,5,40,20.52370796445757
density,0.1,full,3,mixed,20,0.1,10,56,blockage,False,1,2,1,5,40,29.436707962304354
density,0.1,full,3,mixed,20,0.1,11,56,breakdown,False,2,15,13,5,40,41.51295899646357
density,0.1,full,3,mixed,20,0.1,12,58,blockage,False,3,9,6,5,40,34.60716595873237
density,0.1,full,3,mixed,20,0.1,13,59,blockage,True,7,10,3,5,40,43.96533401450142
density,0.1,full,3,mixed,20,0.1,14,65,blockage,False,4,11,7,5,40,41.587332962080836
density,0.1,full,3,mixed,20,0.1,15,65,blockage,False,0,0,0,5,40,35.75070801889524
density,0.1,full,3,mixed,20,0.1,16,68,blockage,False,0,5,5,5,40,36.03337501408532
density,0.1,full,3,mixed,20,0.1,17,69,blockage,False,0,0,0,5,40,27.68925001146272
density,0.1,full,3,mixed,20,0.1,18,69,blockage,False,2,4,2,5,40,28.236957965418696
density,0.1,full,3,mixed,20,0.1,19,69,emergency,True,1,11,10,5,40,34.02704099426046
density,0.1,full,3,mixed,20,0.1,20,71,blockage,False,0,8,8,5,40,29.66137498151511
density,0.1,full,3,mixed,20,0.1,21,73,blockage,False,2,5,3,5,40,29.8566659912467
density,0.1,full,3,mixed,20,0.1,22,74,blockage,False,1,1,0,5,40,26.426041033118963
density,0.1,full,3,mixed,20,0.1,23,90,emergency,True,1,13,12,5,40,17.694666981697083
density,0.1,full,3,mixed,20,0.1,24,93,blockage,False,1,1,0,5,40,15.326625027228147
density,0.1,full,3,mixed,20,0.1,25,97,blockage,False,1,1,0,5,40,9.725665964651853
density,0.1,full,3,mixed,20,0.1,26,98,blockage,False,1,1,0,5,40,19.674375012982637
density,0.1,full,3,mixed,20,0.1,27,100,blockage,False,2,3,1,5,40,11.331208981573582
density,0.1,full,3,mixed,20,0.1,28,103,blockage,True,2,13,11,5,40,12.425291002728045
density,0.1,full,3,mixed,20,0.1,29,103,blockage,True,6,12,6,5,40,26.864791987463832
density,0.1,full,3,mixed,20,0.1,30,104,blockage,False,1,1,0,5,40,19.397041003685445
density,0.1,full,7,mixed,20,0.1,0,17,blockage,False,0,17,17,5,40,100.13891698326916
density,0.1,full,7,mixed,20,0.1,1,17,blockage,False,1,20,19,5,40,142.43449998321012
density,0.1,full,7,mixed,20,0.1,2,20,blockage,False,5,20,15,5,40,117.99704097211361
density,0.1,full,7,mixed,20,0.1,3,23,blockage,False,1,20,19,5,40,95.66483402159065
density,0.1,full,7,mixed,20,0.1,4,25,blockage,False,2,19,17,5,40,57.82016704324633
density,0.1,full,7,mixed,20,0.1,5,26,blockage,False,1,1,0,5,40,97.4771250039339
density,0.1,full,7,mixed,20,0.1,6,29,blockage,False,1,1,0,5,40,63.393999997060746
density,0.1,full,7,mixed,20,0.1,7,31,blockage,False,3,14,11,5,40,92.56904100766405
density,0.1,full,7,mixed,20,0.1,8,33,blockage,False,0,0,0,5,40,67.22104200161994
density,0.1,full,7,mixed,20,0.1,9,33,breakdown,False,3,16,13,5,40,109.80616603046656
density,0.1,full,7,mixed,20,0.1,10,40,blockage,False,4,16,12,5,40,45.19112501293421
density,0.1,full,7,mixed,20,0.1,11,44,blockage,False,2,11,9,5,40,62.7474170178175
density,0.1,full,7,mixed,20,0.1,12,48,emergency,True,1,14,13,5,40,100.47545901034027
density,0.1,full,7,mixed,20,0.1,13,51,breakdown,True,6,13,7,5,56,87.2280839830637
density,0.1,full,7,mixed,20,0.1,14,58,blockage,False,2,13,11,5,38,72.6035000407137
density,0.1,full,7,mixed,20,0.1,15,63,blockage,False,3,11,8,5,38,67.4035000265576
density,0.1,full,7,mixed,20,0.1,16,63,blockage,False,1,10,9,5,38,74.1974160191603
density,0.1,full,7,mixed,20,0.1,17,64,emergency,True,1,13,12,5,38,40.269042016007006
density,0.1,full,7,mixed,20,0.1,18,65,blockage,False,3,7,4,5,38,39.27158302394673
density,0.1,full,7,mixed,20,0.1,19,69,blockage,True,0,0,0,5,38,41.662167001049966
density,0.1,full,7,mixed,20,0.1,20,77,blockage,True,2,2,0,5,38,39.75891700247303
density,0.1,full,7,mixed,20,0.1,21,82,blockage,False,2,9,7,5,38,47.484499984420836
density,0.1,full,7,mixed,20,0.1,22,86,blockage,False,0,0,0,5,38,32.413207984063774
density,0.1,full,7,mixed,20,0.1,23,87,blockage,True,1,1,0,5,38,21.283999958541244
density,0.1,full,7,mixed,20,0.1,24,90,blockage,True,6,7,1,5,38,26.861708029173315
density,0.1,full,7,mixed,20,0.1,25,90,blockage,False,3,4,1,5,38,51.6441660001874
density,0.1,full,7,mixed,20,0.1,26,93,blockage,False,0,3,3,5,38,27.293083956465125
density,0.1,full,7,mixed,20,0.1,27,93,blockage,False,2,8,6,5,38,25.290042045526206
density,0.1,full,7,mixed,20,0.1,28,95,blockage,False,2,4,2,5,38,29.1264170082286
density,0.1,full,7,mixed,20,0.1,29,99,blockage,False,2,3,1,5,38,13.387708982918411
density,0.1,full,7,mixed,20,0.1,30,112,blockage,True,2,7,5,5,38,13.110917003359646
density,0.1,full,4,mixed,20,0.1,0,11,breakdown,False,1,15,14,5,40,108.7878750404343
density,0.1,full,4,mixed,20,0.1,1,12,blockage,False,1,1,0,5,40,98.35237497463822
density,0.1,full,4,mixed,20,0.1,2,13,blockage,True,7,13,6,5,40,112.18645796179771
density,0.1,full,4,mixed,20,0.1,3,14,blockage,False,2,5,3,5,40,104.03783398214728
density,0.1,full,4,mixed,20,0.1,4,19,blockage,False,1,6,5,5,40,138.3292080136016
density,0.1,full,4,mixed,20,0.1,5,21,blockage,False,1,1,0,5,40,113.05254197213799
density,0.1,full,4,mixed,20,0.1,6,24,blockage,True,6,18,12,5,40,124.363542010542
density,0.1,full,4,mixed,20,0.1,7,35,blockage,False,0,0,0,5,40,105.10149999754503
density,0.1,full,4,mixed,20,0.1,8,36,blockage,False,1,9,8,5,40,111.58054100815207
density,0.1,full,4,mixed,20,0.1,9,44,blockage,False,3,16,13,5,40,102.33854199759662
density,0.1,full,4,mixed,20,0.1,10,52,blockage,True,7,18,11,5,40,81.38150000013411
density,0.1,full,4,mixed,20,0.1,11,54,blockage,False,2,7,5,5,40,60.98812504205853
density,0.1,full,4,mixed,20,0.1,12,57,blockage,False,4,10,6,5,40,61.65700004203245
density,0.1,full,4,mixed,20,0.1,13,60,blockage,False,1,2,1,5,40,60.904875048436224
density,0.1,full,4,mixed,20,0.1,14,66,blockage,False,1,4,3,5,40,48.08370897080749
density,0.1,full,4,mixed,20,0.1,15,68,blockage,False,1,7,6,5,40,55.69495802046731
density,0.1,full,4,mixed,20,0.1,16,68,blockage,True,4,16,12,5,40,50.229791027959436
density,0.1,full,4,mixed,20,0.1,17,69,blockage,False,2,12,10,5,40,57.55729100201279
density,0.1,full,4,mixed,20,0.1,18,70,blockage,False,1,1,0,5,40,60.07908302126452
density,0.1,full,4,mixed,20,0.1,19,72,breakdown,True,9,19,10,5,52,137.06224999623373
density,0.1,full,4,mixed,20,0.1,20,77,blockage,False,4,15,11,5,38,119.2716250079684
density,0.1,full,4,mixed,20,0.1,21,79,emergency,True,1,15,14,5,38,92.70320797804743
density,0.1,full,4,mixed,20,0.1,22,85,blockage,True,3,13,10,5,38,115.76891702134162
density,0.1,full,4,mixed,20,0.1,23,88,blockage,True,3,6,3,5,38,105.60762498062104
density,0.1,full,4,mixed,20,0.1,24,94,blockage,False,1,7,6,5,38,122.2867090255022
density,0.1,full,4,mixed,20,0.1,25,98,blockage,False,3,12,9,5,38,96.0307500208728
density,0.1,full,4,mixed,20,0.1,26,99,blockage,True,0,0,0,5,38,86.01775002898648
density,0.1,full,4,mixed,20,0.1,27,100,emergency,True,1,8,7,5,38,94.28995900088921
density,0.1,full,4,mixed,20,0.1,28,102,blockage,False,0,0,0,5,38,107.64608299359679
density,0.1,full,4,mixed,20,0.1,29,103,blockage,False,0,0,0,5,38,88.56875001220033
density,0.1,full,4,mixed,20,0.1,30,105,blockage,False,2,2,0,5,38,80.62899997457862
density,0.1,local,5,mixed,20,0.1,0,14,blockage,False,0,0,0,0,0,0.04083302337676287
density,0.1,local,5,mixed,20,0.1,1,15,blockage,True,9,9,0,1,180,860.2368750143796
density,0.1,local,5,mixed,20,0.1,2,15,blockage,True,13,13,0,1,379,3164.534458948765
density,0.1,local,5,mixed,20,0.1,3,26,blockage,False,6,8,2,3,390,1869.3867910187691
density,0.1,local,5,mixed,20,0.1,4,26,emergency,True,1,1,0,1,95,616.3891250034794
density,0.1,local,5,mixed,20,0.1,5,36,blockage,False,1,1,0,1,18,79.32600000640377
density,0.1,local,5,mixed,20,0.1,6,40,blockage,True,1,1,0,1,1,1.3034589937888086
density,0.1,local,5,mixed,20,0.1,7,44,blockage,True,0,0,0,0,0,0.1194580108858645
density,0.1,local,5,mixed,20,0.1,8,49,blockage,False,1,1,0,1,18,19.54037498217076
density,0.1,local,5,mixed,20,0.1,9,49,blockage,False,0,0,0,0,0,0.04654197255149484
density,0.1,local,5,mixed,20,0.1,10,52,emergency,True,1,2,1,2,22,138.92495800973848
density,0.1,local,5,mixed,20,0.1,11,54,blockage,False,0,0,0,0,0,0.04274997627362609
density,0.1,local,5,mixed,20,0.1,12,55,blockage,False,0,0,0,0,0,0.0316659570671618
density,0.1,local,5,mixed,20,0.1,13,55,blockage,False,0,0,0,0,0,0.026083027478307486
density,0.1,local,5,mixed,20,0.1,14,60,blockage,True,8,9,1,2,161,317.17120797839016
density,0.1,local,5,mixed,20,0.1,15,61,blockage,True,2,2,0,1,59,44.92083302466199
density,0.1,local,5,mixed,20,0.1,16,62,blockage,False,4,5,1,3,182,753.7356670363806
density,0.1,local,5,mixed,20,0.1,17,64,blockage,False,1,1,0,1,26,44.914750033058226
density,0.1,local,5,mixed,20,0.1,18,65,blockage,False,4,5,1,3,130,201.03549998020753
density,0.1,local,5,mixed,20,0.1,19,65,blockage,True,7,10,3,3,151,603.2724580145441
density,0.1,local,5,mixed,20,0.1,20,65,breakdown,False,1,1,0,1,5,1.1997080291621387
density,0.1,local,5,mixed,20,0.1,21,68,blockage,False,1,1,0,1,1,1.6037080204114318
density,0.1,local,5,mixed,20,0.1,22,68,blockage,False,0,0,0,0,0,0.03566598752513528
density,0.1,local,5,mixed,20,0.1,23,71,breakdown,True,5,6,1,2,45,83.31270900089294
density,0.1,local,5,mixed,20,0.1,24,76,blockage,False,2,3,1,3,28,17.4650420085527
density,0.1,local,5,mixed,20,0.1,25,78,blockage,False,2,2,0,1,5,3.5471669980324805
density,0.1,local,5,mixed,20,0.1,26,81,blockage,False,1,1,0,1,0,1.6080000204965472
density,0.1,local,5,mixed,20,0.1,27,86,blockage,False,1,2,1,3,33,93.70908397249877
density,0.1,local,5,mixed,20,0.1,28,91,blockage,False,1,1,0,1,3,0.9270409937016666
density,0.1,local,5,mixed,20,0.1,29,95,blockage,True,1,1,0,1,4,0.4830419784411788
density,0.1,local,5,mixed,20,0.1,30,104,blockage,False,1,1,0,1,1,20.92616696609184
density,0.1,full,6,mixed,20,0.1,0,9,blockage,False,4,13,9,5,40,118.42795799020678
density,0.1,full,6,mixed,20,0.1,1,9,blockage,False,3,10,7,5,40,142.04495796002448
density,0.1,full,6,mixed,20,0.1,2,11,blockage,False,1,11,10,5,40,147.02037500683218
density,0.1,full,6,mixed,20,0.1,3,13,blockage,False,0,0,0,5,40,199.37500002561137
density,0.1,full,6,mixed,20,0.1,4,14,blockage,False,3,16,13,5,40,62.16758402297273
density,0.1,full,6,mixed,20,0.1,5,24,emergency,True,1,17,16,5,40,114.80966705130413
density,0.1,full,6,mixed,20,0.1,6,27,blockage,False,0,9,9,5,40,114.59562502568588
density,0.1,full,6,mixed,20,0.1,7,38,blockage,False,0,0,0,5,40,75.3040419658646
density,0.1,full,6,mixed,20,0.1,8,41,blockage,False,4,6,2,5,40,84.2821670230478
density,0.1,full,6,mixed,20,0.1,9,46,blockage,False,0,12,12,5,40,64.08562499564141
density,0.1,full,6,mixed,20,0.1,10,53,blockage,False,3,3,0,5,40,51.06637498829514
density,0.1,full,6,mixed,20,0.1,11,55,blockage,False,1,2,1,5,40,40.80691700801253
density,0.1,full,6,mixed,20,0.1,12,56,blockage,True,4,4,0,5,40,35.58708302443847
density,0.1,full,6,mixed,20,0.1,13,56,blockage,False,1,1,0,5,40,34.66395800933242
density,0.1,full,6,mixed,20,0.1,14,62,blockage,True,4,13,9,5,40,72.89750000927597
density,0.1,full,6,mixed,20,0.1,15,62,emergency,True,1,14,13,5,40,62.393250002060086
density,0.1,full,6,mixed,20,0.1,16,64,blockage,False,4,18,14,5,40,91.86608396703377
density,0.1,full,6,mixed,20,0.1,17,67,blockage,False,2,12,10,5,40,108.1943340250291
density,0.1,full,6,mixed,20,0.1,18,67,breakdown,False,3,11,8,5,40,125.68495800951496
density,0.1,full,6,mixed,20,0.1,19,72,blockage,False,0,12,12,5,40,58.94254200393334
density,0.1,full,6,mixed,20,0.1,20,72,blockage,False,1,1,0,5,40,49.81645796215162
density,0.1,full,6,mixed,20,0.1,21,75,blockage,False,1,16,15,5,40,85.32212499994785
density,0.1,full,6,mixed,20,0.1,22,76,blockage,False,1,1,0,5,40,40.249957994092256
density,0.1,full,6,mixed,20,0.1,23,86,blockage,False,4,13,9,5,40,30.766458017751575
density,0.1,full,6,mixed,20,0.1,24,88,blockage,False,4,12,8,5,40,20.516499993391335
density,0.1,full,6,mixed,20,0.1,25,89,blockage,True,3,5,2,5,40,27.73558400804177
density,0.1,full,6,mixed,20,0.1,26,92,blockage,False,0,0,0,5,40,28.264042048249394
density,0.1,full,6,mixed,20,0.1,27,96,breakdown,True,3,5,2,5,45,27.274209016468376
density,0.1,full,6,mixed,20,0.1,28,97,blockage,False,2,11,9,5,38,29.686666966881603
density,0.1,full,6,mixed,20,0.1,29,97,blockage,True,1,4,3,5,38,28.815041994675994
density,0.1,full,6,mixed,20,0.1,30,99,blockage,False,0,0,0,5,38,15.032541996333748
density,0.1,local,1,mixed,20,0.1,0,9,blockage,False,2,2,0,1,91,377.9052500030957
density,0.1,local,1,mixed,20,0.1,1,9,blockage,False,1,1,0,1,38,43.42099995119497
density,0.1,local,1,mixed,20,0.1,2,11,blockage,True,5,6,1,3,150,547.4562920280732
density,0.1,local,1,mixed,20,0.1,3,12,blockage,False,3,3,0,1,30,29.52629199717194
density,0.1,local,1,mixed,20,0.1,4,16,blockage,True,10,13,3,3,144,1180.2747080218978
density,0.1,local,1,mixed,20,0.1,5,19,emergency,True,1,1,0,1,56,246.04816600913182
density,0.1,local,1,mixed,20,0.1,6,21,blockage,True,5,7,2,2,105,508.4506249986589
density,0.1,local,1,mixed,20,0.1,7,21,blockage,True,11,12,1,3,237,1074.0949159953743
density,0.1,local,1,mixed,20,0.1,8,29,blockage,False,0,0,0,0,0,0.13025000225752592
density,0.1,local,1,mixed,20,0.1,9,32,blockage,False,0,0,0,0,0,0.07679202826693654
density,0.1,local,1,mixed,20,0.1,10,35,blockage,False,0,0,0,0,0,0.07116695633158088
density,0.1,local,1,mixed,20,0.1,11,36,blockage,False,4,4,0,1,174,627.4100000155158
density,0.1,local,1,mixed,20,0.1,12,43,blockage,False,1,1,0,1,45,95.42725002393126
density,0.1,local,1,mixed,20,0.1,13,44,breakdown,True,8,10,2,3,139,674.6074999682605
density,0.1,local,1,mixed,20,0.1,14,48,blockage,True,10,14,4,3,243,1702.5630000280216
density,0.1,local,1,mixed,20,0.1,15,51,breakdown,False,1,1,0,1,1,19.955625000875443
density,0.1,local,1,mixed,20,0.1,16,71,blockage,False,0,0,0,0,0,0.09595800656825304
density,0.1,local,1,mixed,20,0.1,17,77,blockage,False,4,7,3,4,253,551.6855829628184
density,0.1,local,1,mixed,20,0.1,18,80,blockage,False,1,1,0,1,3,3.1553340377286077
density,0.1,local,1,mixed,20,0.1,19,83,blockage,False,1,1,0,1,84,984.3829579767771
density,0.1,local,1,mixed,20,0.1,20,83,blockage,False,1,1,0,1,37,57.70695902174339
density,0.1,local,1,mixed,20,0.1,21,85,blockage,True,5,5,0,1,120,561.6520409821533
density,0.1,local,1,mixed,20,0.1,22,89,blockage,False,4,5,1,3,75,486.471124982927
density,0.1,local,1,mixed,20,0.1,23,91,blockage,False,1,1,0,1,29,302.2989580058493
density,0.1,local,1,mixed,20,0.1,24,95,blockage,False,1,1,0,1,16,20.618374983314425
density,0.1,local,1,mixed,20,0.1,25,107,blockage,False,4,5,1,3,114,388.8702919939533
density,0.1,local,1,mixed,20,0.1,26,108,blockage,False,2,2,0,1,51,45.86333397310227
density,0.1,local,1,mixed,20,0.1,27,109,blockage,False,1,1,0,1,18,5.116375046782196
density,0.1,local,1,mixed,20,0.1,28,112,blockage,False,0,0,0,0,0,0.04549999721348286
density,0.1,local,1,mixed,20,0.1,29,114,emergency,True,1,1,0,1,22,12.907625001389533
density,0.1,local,1,mixed,20,0.1,30,115,blockage,False,1,1,0,1,2,0.7917500333860517
density,0.1,full,9,mixed,20,0.1,0,11,blockage,True,12,16,4,5,40,132.86054198397323
density,0.1,full,9,mixed,20,0.1,1,15,blockage,True,6,11,5,5,40,110.88166700210422
density,0.1,full,9,mixed,20,0.1,2,15,blockage,False,4,11,7,5,40,214.1080829896964
density,0.1,full,9,mixed,20,0.1,3,16,blockage,False,0,0,0,5,40,216.504292038735
density,0.1,full,9,mixed,20,0.1,4,19,blockage,False,3,17,14,5,40,77.99008401343599
density,0.1,full,9,mixed,20,0.1,5,22,blockage,False,0,8,8,5,40,98.54229196207598
density,0.1,full,9,mixed,20,0.1,6,26,blockage,False,1,9,8,5,40,69.50295902788639
density,0.1,full,9,mixed,20,0.1,7,26,blockage,False,1,3,2,5,40,81.31412498187274
density,0.1,full,9,mixed,20,0.1,8,29,breakdown,False,5,19,14,5,40,65.91266597388312
density,0.1,full,9,mixed,20,0.1,9,33,blockage,True,0,9,9,5,40,68.73991701286286
density,0.1,full,9,mixed,20,0.1,10,35,blockage,False,1,19,18,5,40,86.99137502117082
density,0.1,full,9,mixed,20,0.1,11,37,blockage,False,0,19,19,5,40,92.23354101413861
density,0.1,full,9,mixed,20,0.1,12,42,blockage,True,5,17,12,5,40,95.96320905257016
density,0.1,full,9,mixed,20,0.1,13,47,blockage,False,0,18,18,5,40,73.66258295951411
density,0.1,full,9,mixed,20,0.1,14,52,blockage,False,4,15,11,5,40,57.18291603261605
density,0.1,full,9,mixed,20,0.1,15,58,blockage,False,6,10,4,5,40,47.40145802497864
density,0.1,full,9,mixed,20,0.1,16,59,blockage,False,0,2,2,5,40,72.32491701142862
density,0.1,full,9,mixed,20,0.1,17,72,blockage,True,8,11,3,5,40,34.98320799553767
density,0.1,full,9,mixed,20,0.1,18,75,blockage,False,1,5,4,5,40,37.140750035177916
density,0.1,full,9,mixed,20,0.1,19,79,blockage,False,2,10,8,5,40,31.050083984155208
density,0.1,full,9,mixed,20,0.1,20,82,blockage,False,3,10,7,5,40,44.36845803866163
density,0.1,full,9,mixed,20,0.1,21,84,blockage,False,1,3,2,5,40,35.82770796492696
density,0.1,full,9,mixed,20,0.1,22,85,blockage,True,6,11,5,5,40,48.400582978501916
density,0.1,full,9,mixed,20,0.1,23,87,blockage,False,1,9,8,5,40,27.5218749884516
density,0.1,full,9,mixed,20,0.1,24,96,emergency,True,1,9,8,5,40,22.131624980829656
density,0.1,full,9,mixed,20,0.1,25,108,blockage,False,2,7,5,5,40,27.106082998216152
density,0.1,full,9,mixed,20,0.1,26,108,breakdown,True,4,8,4,5,41,31.339250039309263
density,0.1,full,9,mixed,20,0.1,27,109,blockage,False,2,2,0,5,38,16.412583994679153
density,0.1,full,9,mixed,20,0.1,28,109,emergency,True,1,11,10,5,38,15.124458004720509
density,0.1,full,9,mixed,20,0.1,29,114,blockage,False,0,0,0,5,38,15.028249996248633
density,0.1,full,9,mixed,20,0.1,30,120,blockage,True,3,9,6,5,38,22.136667044833302
density,0.1,full,1,mixed,20,0.1,0,9,blockage,False,2,17,15,5,40,163.2805839763023
density,0.1,full,1,mixed,20,0.1,1,9,blockage,False,1,1,0,5,40,124.09737496636808
density,0.1,full,1,mixed,20,0.1,2,11,blockage,True,6,18,12,5,40,174.7616659849882
density,0.1,full,1,mixed,20,0.1,3,12,blockage,False,3,11,8,5,40,172.63520800042897
density,0.1,full,1,mixed,20,0.1,4,16,blockage,True,10,20,10,5,40,254.50579199241474
density,0.1,full,1,mixed,20,0.1,5,19,emergency,True,1,20,19,5,40,492.9055829998106
density,0.1,full,1,mixed,20,0.1,6,21,blockage,True,5,19,14,5,40,765.9177919849753
density,0.1,full,1,mixed,20,0.1,7,21,blockage,True,14,19,5,5,40,592.4719579634257
density,0.1,full,1,mixed,20,0.1,8,29,blockage,False,2,19,17,5,40,280.77025001402944
density,0.1,full,1,mixed,20,0.1,9,32,blockage,False,0,0,0,5,40,262.63395801652223
density,0.1,full,1,mixed,20,0.1,10,35,blockage,False,0,0,0,5,40,276.687832956668
density,0.1,full,1,mixed,20,0.1,11,36,blockage,False,4,4,0,5,40,181.41558300703764
density,0.1,full,1,mixed,20,0.1,12,43,blockage,False,0,10,10,5,40,210.83404100500047
density,0.1,full,1,mixed,20,0.1,13,44,breakdown,True,10,14,4,5,52,150.54816601332277
density,0.1,full,1,mixed,20,0.1,14,48,blockage,True,12,19,7,5,38,302.8919579810463
density,0.1,full,1,mixed,20,0.1,15,51,breakdown,False,2,16,14,5,38,216.6489590308629
density,0.1,full,1,mixed,20,0.1,16,71,blockage,False,3,18,15,5,38,299.8590830247849
density,0.1,full,1,mixed,20,0.1,17,77,blockage,False,3,19,16,5,38,342.1542920405045
density,0.1,full,1,mixed,20,0.1,18,80,blockage,False,2,5,3,5,38,247.90079204831272
density,0.1,full,1,mixed,20,0.1,19,83,blockage,False,1,9,8,5,38,151.03020798414946
density,0.1,full,1,mixed,20,0.1,20,83,blockage,False,2,11,9,5,38,191.41404196852818
density,0.1,full,1,mixed,20,0.1,21,85,blockage,True,5,7,2,5,38,225.83608399145305
density,0.1,full,1,mixed,20,0.1,22,89,blockage,False,2,10,8,5,38,197.4474170128815
density,0.1,full,1,mixed,20,0.1,23,91,blockage,False,1,3,2,5,38,164.83058303128928
density,0.1,full,1,mixed,20,0.1,24,95,blockage,False,1,7,6,5,38,150.29541699914262
density,0.1,full,1,mixed,20,0.1,25,107,blockage,False,2,12,10,5,38,61.1432499717921
density,0.1,full,1,mixed,20,0.1,26,108,blockage,False,3,3,0,5,38,117.2449589939788
density,0.1,full,1,mixed,20,0.1,27,109,blockage,False,0,0,0,5,38,88.71699997689575
density,0.1,full,1,mixed,20,0.1,28,112,blockage,False,0,0,0,5,38,86.47333300905302
density,0.1,full,1,mixed,20,0.1,29,114,emergency,True,1,9,8,5,38,90.58708400698379
density,0.1,full,1,mixed,20,0.1,30,115,blockage,False,1,8,7,5,38,72.38020800286904
density,0.15,local,2,mixed,20,0.15,0,10,blockage,False,1,1,0,1,1,0.993583002127707
density,0.15,local,2,mixed,20,0.15,1,12,blockage,False,0,0,0,0,0,0.03670802107080817
density,0.15,local,2,mixed,20,0.15,2,14,blockage,False,1,1,0,1,4,3.060457995161414
density,0.15,local,2,mixed,20,0.15,3,15,blockage,False,4,4,0,1,142,481.66320798918605
density,0.15,local,2,mixed,20,0.15,4,15,blockage,False,1,2,1,3,50,93.02633302286267
density,0.15,local,2,mixed,20,0.15,5,18,blockage,False,2,2,0,1,40,44.464083039201796
density,0.15,local,2,mixed,20,0.15,6,20,blockage,False,1,1,0,1,0,2.2598340292461216
density,0.15,local,2,mixed,20,0.15,7,20,blockage,False,0,0,0,0,0,0.03662501694634557
density,0.15,local,2,mixed,20,0.15,8,26,blockage,False,0,0,0,0,0,0.032333016861230135
density,0.15,local,2,mixed,20,0.15,9,27,blockage,False,1,2,1,2,10,7.757499988656491
density,0.15,local,2,mixed,20,0.15,10,27,blockage,False,1,2,1,3,57,55.42687501292676
density,0.15,local,2,mixed,20,0.15,11,29,blockage,False,5,5,0,1,75,126.14920898340642
density,0.15,local,2,mixed,20,0.15,12,29,blockage,False,1,1,0,1,5,1.0118330246768892
density,0.15,local,2,mixed,20,0.15,13,32,blockage,False,0,0,0,0,0,0.036999990697950125
density,0.15,local,2,mixed,20,0.15,14,36,blockage,False,2,2,0,1,65,81.51470799930394
density,0.15,local,2,mixed,20,0.15,15,40,emergency,True,1,1,0,1,57,192.7904580370523
density,0.15,local,2,mixed,20,0.15,16,41,breakdown,False,1,1,0,1,1,12.6484579523094
density,0.15,local,2,mixed,20,0.15,17,43,blockage,False,4,9,5,2,291,496.61762500181794
density,0.15,local,2,mixed,20,0.15,18,44,blockage,False,2,2,0,1,5,4.142833990044892
density,0.15,local,2,mixed,20,0.15,19,46,blockage,False,0,0,0,0,0,0.05208299262449145
density,0.15,local,2,mixed,20,0.15,20,49,blockage,False,5,6,1,3,120,78.43416702235118
density,0.15,local,2,mixed,20,0.15,21,51,blockage,False,1,1,0,1,28,39.03866704786196
density,0.15,local,2,mixed,20,0.15,22,57,blockage,False,0,0,0,0,0,0.052916991990059614
density,0.15,local,2,mixed,20,0.15,23,57,emergency,True,1,2,1,3,29,32.646625011693686
density,0.15,local,2,mixed,20,0.15,24,63,blockage,True,4,5,1,3,62,42.62995894532651
density,0.15,local,2,mixed,20,0.15,25,65,blockage,False,1,1,0,1,2,4.262125003151596
density,0.15,local,2,mixed,20,0.15,26,69,blockage,True,5,6,1,3,110,29.55329103861004
density,0.15,local,2,mixed,20,0.15,27,71,blockage,True,7,8,1,3,155,106.91208398202434
density,0.15,local,2,mixed,20,0.15,28,72,blockage,True,3,4,1,3,52,103.98370801704004
density,0.15,local,2,mixed,20,0.15,29,73,blockage,False,2,2,0,1,5,3.497375000733882
density,0.15,local,2,mixed,20,0.15,30,73,blockage,True,4,5,1,3,289,154.87066598143429
density,0.15,local,2,mixed,20,0.15,31,74,blockage,False,1,1,0,1,18,4.986374988220632
density,0.15,local,2,mixed,20,0.15,32,75,blockage,False,0,0,0,0,0,0.04416698357090354
density,0.15,local,2,mixed,20,0.15,33,75,blockage,False,0,0,0,0,0,0.03333395579829812
density,0.15,local,2,mixed,20,0.15,34,78,blockage,False,2,2,0,1,5,10.756250005215406
density,0.15,local,2,mixed,20,0.15,35,78,blockage,False,1,1,0,1,3,1.671540958341211
density,0.15,local,2,mixed,20,0.15,36,78,breakdown,False,6,7,1,3,400,369.9203340220265
density,0.15,local,2,mixed,20,0.15,37,80,blockage,False,0,0,0,0,0,0.14112499775364995
density,0.15,local,2,mixed,20,0.15,38,83,blockage,False,0,0,0,0,0,0.10245799785479903
density,0.15,local,2,mixed,20,0.15,39,86,blockage,False,1,1,0,1,3,5.135749990586191
density,0.15,local,2,mixed,20,0.15,40,90,blockage,True,4,4,0,1,129,298.99500001920387
density,0.15,local,2,mixed,20,0.15,41,90,blockage,False,2,2,0,1,38,71.25145802274346
density,0.15,local,2,mixed,20,0.15,42,94,blockage,True,8,8,0,2,139,144.54208395909518
density,0.15,local,2,mixed,20,0.15,43,97,blockage,False,0,0,0,0,0,0.056999968364834785
density,0.15,local,2,mixed,20,0.15,44,99,blockage,False,0,0,0,0,0,0.04412501584738493
density,0.1,full,5,mixed,20,0.1,0,14,blockage,False,0,18,18,5,40,141.91870798822492
density,0.1,full,5,mixed,20,0.1,1,15,blockage,True,7,13,6,5,40,144.8626249912195
density,0.1,full,5,mixed,20,0.1,2,15,blockage,True,11,18,7,5,40,314.5598330302164
density,0.1,full,5,mixed,20,0.1,3,26,blockage,False,4,15,11,5,40,209.25091701792553
density,0.1,full,5,mixed,20,0.1,4,26,emergency,True,1,16,15,5,40,251.90258299699053
density,0.1,full,5,mixed,20,0.1,5,36,blockage,False,2,14,12,5,40,209.8019999684766
density,0.1,full,5,mixed,20,0.1,6,40,blockage,True,1,15,14,5,40,225.88345903204754
density,0.1,full,5,mixed,20,0.1,7,44,blockage,True,0,0,0,5,40,196.3395409984514
density,0.1,full,5,mixed,20,0.1,8,49,blockage,False,1,5,4,5,40,212.3509999946691
density,0.1,full,5,mixed,20,0.1,9,49,blockage,False,0,0,0,5,40,177.81612498220056
density,0.1,full,5,mixed,20,0.1,10,52,emergency,True,1,13,12,5,40,146.34208398638293
density,0.1,full,5,mixed,20,0.1,11,54,blockage,False,0,0,0,5,40,122.60937498649582
density,0.1,full,5,mixed,20,0.1,12,55,blockage,False,0,0,0,5,40,141.1359580233693
density,0.1,full,5,mixed,20,0.1,13,55,blockage,False,0,0,0,5,40,132.81587499659508
density,0.1,full,5,mixed,20,0.1,14,60,blockage,True,3,10,7,5,40,115.76408398104832
density,0.1,full,5,mixed,20,0.1,15,61,blockage,True,1,1,0,5,40,92.78616600204259
density,0.1,full,5,mixed,20,0.1,16,62,blockage,False,5,15,10,5,40,110.21062498912215
density,0.1,full,5,mixed,20,0.1,17,64,blockage,False,2,2,0,5,40,110.39095796877518
density,0.1,full,5,mixed,20,0.1,18,65,blockage,False,3,19,16,5,40,504.82945900876075
density,0.1,full,5,mixed,20,0.1,19,65,blockage,True,7,19,12,5,40,122.71500000497326
density,0.1,full,5,mixed,20,0.1,20,65,breakdown,False,1,18,17,5,40,133.27266700798646
density,0.1,full,5,mixed,20,0.1,21,68,blockage,False,1,1,0,5,40,86.81966701988131
density,0.1,full,5,mixed,20,0.1,22,68,blockage,False,1,2,1,5,40,120.83854200318456
density,0.1,full,5,mixed,20,0.1,23,71,breakdown,True,9,13,4,5,45,370.5875829909928
density,0.1,full,5,mixed,20,0.1,24,76,blockage,False,1,5,4,5,38,300.43820902938023
density,0.1,full,5,mixed,20,0.1,25,78,blockage,False,1,2,1,5,38,337.96037500724196
density,0.1,full,5,mixed,20,0.1,26,81,blockage,False,2,3,1,5,38,326.6802909784019
density,0.1,full,5,mixed,20,0.1,27,86,blockage,False,1,11,10,5,38,307.83270800020546
density,0.1,full,5,mixed,20,0.1,28,91,blockage,False,1,13,12,5,38,376.9869999960065
density,0.1,full,5,mixed,20,0.1,29,95,blockage,True,2,5,3,5,38,388.37687502382323
density,0.1,full,5,mixed,20,0.1,30,104,blockage,False,0,0,0,5,38,286.1093750107102
density,0.15,local,3,mixed,20,0.15,0,9,blockage,False,3,4,1,3,118,315.50258299103007
density,0.15,local,3,mixed,20,0.15,1,9,blockage,False,2,2,0,2,33,91.63258399348706
density,0.15,local,3,mixed,20,0.15,2,12,breakdown,True,9,10,1,2,269,622.3581249942072
density,0.15,local,3,mixed,20,0.15,3,18,blockage,False,1,1,0,1,20,16.780791978817433
density,0.15,local,3,mixed,20,0.15,4,18,blockage,False,0,0,0,0,0,0.04999997327104211
density,0.15,local,3,mixed,20,0.15,5,20,blockage,False,2,3,1,3,38,107.24754194961861
density,0.15,local,3,mixed,20,0.15,6,20,emergency,True,1,1,0,1,95,559.7538749570958
density,0.15,local,3,mixed,20,0.15,7,21,blockage,False,1,1,0,1,25,12.382375018205494
density,0.15,local,3,mixed,20,0.15,8,22,blockage,False,2,2,0,1,2,5.749708041548729
density,0.15,local,3,mixed,20,0.15,9,22,blockage,False,0,0,0,0,0,0.12658396735787392
density,0.15,local,3,mixed,20,0.15,10,24,blockage,False,4,6,2,2,161,525.3210000228137
density,0.15,local,3,mixed,20,0.15,11,32,blockage,False,2,2,0,1,45,88.38441601255909
density,0.15,local,3,mixed,20,0.15,12,32,blockage,False,1,1,0,1,15,31.12341702217236
density,0.15,local,3,mixed,20,0.15,13,34,blockage,False,3,3,0,1,70,134.08216700190678
density,0.15,local,3,mixed,20,0.15,14,34,blockage,True,1,1,0,1,26,84.64779099449515
density,0.15,local,3,mixed,20,0.15,15,42,blockage,False,0,0,0,0,0,0.0494579435326159
density,0.15,local,3,mixed,20,0.15,16,44,blockage,False,3,3,0,1,15,6.331250013317913
density,0.15,local,3,mixed,20,0.15,17,48,blockage,False,3,3,0,1,71,51.53141700429842
density,0.15,local,3,mixed,20,0.15,18,51,blockage,False,1,1,0,1,145,215.3091249638237
density,0.15,local,3,mixed,20,0.15,19,52,blockage,True,0,0,0,0,0,0.3527089720591903
density,0.15,local,3,mixed,20,0.15,20,53,blockage,True,8,8,0,1,61,19.62095795897767
density,0.15,local,3,mixed,20,0.15,21,56,blockage,False,0,0,0,0,0,0.10420795297250152
density,0.15,local,3,mixed,20,0.15,22,58,blockage,False,3,4,1,3,80,65.86804200196639
density,0.15,local,3,mixed,20,0.15,23,59,blockage,True,8,9,1,3,131,184.6198330167681
density,0.15,local,3,mixed,20,0.15,24,65,blockage,False,2,2,0,1,18,11.016958975233138
density,0.15,local,3,mixed,20,0.15,25,65,blockage,False,0,0,0,0,0,0.04733400419354439
density,0.15,local,3,mixed,20,0.15,26,65,blockage,False,6,6,0,3,149,153.4970830543898
density,0.15,local,3,mixed,20,0.15,27,68,blockage,False,0,0,0,0,0,0.14720798935741186
density,0.15,local,3,mixed,20,0.15,28,69,blockage,False,0,0,0,0,0,0.12258300557732582
density,0.15,local,3,mixed,20,0.15,29,69,blockage,False,1,2,1,3,51,20.824915962293744
density,0.15,local,3,mixed,20,0.15,30,69,blockage,False,2,3,1,3,70,49.14524999912828
density,0.15,local,3,mixed,20,0.15,31,71,blockage,False,1,1,0,1,13,7.462499954272062
density,0.15,local,3,mixed,20,0.15,32,73,blockage,False,1,1,0,1,27,19.20204097405076
density,0.15,local,3,mixed,20,0.15,33,74,blockage,False,0,0,0,0,0,0.05187495844438672
density,0.15,local,3,mixed,20,0.15,34,74,blockage,False,0,0,0,0,0,0.03629201091825962
density,0.15,local,3,mixed,20,0.15,35,87,emergency,True,1,1,0,1,22,5.380249989684671
density,0.15,local,3,mixed,20,0.15,36,93,blockage,False,2,2,0,1,38,2.9616670217365026
density,0.15,local,3,mixed,20,0.15,37,93,blockage,False,3,3,0,1,48,25.679124984890223
density,0.15,local,3,mixed,20,0.15,38,94,breakdown,True,2,2,0,1,38,2.7556660352274776
density,0.15,local,3,mixed,20,0.15,39,97,blockage,False,1,1,0,1,6,0.5395000334829092
density,0.15,local,3,mixed,20,0.15,40,98,blockage,False,1,1,0,1,12,6.480166979599744
density,0.15,local,3,mixed,20,0.15,41,100,blockage,False,2,2,0,1,5,3.793208976276219
density,0.15,local,3,mixed,20,0.15,42,103,blockage,True,4,4,0,1,14,8.612375007942319
density,0.15,local,3,mixed,20,0.15,43,103,blockage,True,5,5,0,1,90,82.46958302333951
density,0.15,local,3,mixed,20,0.15,44,104,blockage,False,0,0,0,0,0,0.11500000255182385
density,0.15,local,7,mixed,20,0.15,0,8,breakdown,False,2,2,0,1,30,14.495500014163554
density,0.15,local,7,mixed,20,0.15,1,16,blockage,False,0,0,0,0,0,0.08925003930926323
density,0.15,local,7,mixed,20,0.15,2,17,blockage,False,0,0,0,0,0,0.06170803681015968
density,0.15,local,7,mixed,20,0.15,3,17,blockage,False,1,1,0,1,63,104.35587499523535
density,0.15,local,7,mixed,20,0.15,4,20,blockage,False,1,1,0,1,113,293.3367909863591
density,0.15,local,7,mixed,20,0.15,5,23,blockage,False,1,1,0,1,56,101.85391700360924
density,0.15,local,7,mixed,20,0.15,6,25,blockage,False,2,9,7,3,382,960.2881250320934
density,0.15,local,7,mixed,20,0.15,7,26,blockage,False,3,4,1,3,79,240.73083302937448
density,0.15,local,7,mixed,20,0.15,8,29,blockage,False,3,4,1,2,114,122.07708403002471
density,0.15,local,7,mixed,20,0.15,9,31,blockage,False,2,3,1,2,73,146.19137498084456
density,0.15,local,7,mixed,20,0.15,10,33,blockage,False,0,0,0,0,0,0.05549995694309473
density,0.15,local,7,mixed,20,0.15,11,33,blockage,False,3,5,2,3,102,311.3859160221182
density,0.15,local,7,mixed,20,0.15,12,39,blockage,False,0,0,0,0,0,0.04562496906146407
density,0.15,local,7,mixed,20,0.15,13,40,blockage,False,1,1,0,1,2,0.7765420014038682
density,0.15,local,7,mixed,20,0.15,14,44,blockage,False,2,3,1,3,63,111.3434589933604
density,0.15,local,7,mixed,20,0.15,15,46,blockage,False,3,3,0,1,38,21.234832995105535
density,0.15,local,7,mixed,20,0.15,16,53,blockage,False,0,0,0,0,0,0.05383300594985485
density,0.15,local,7,mixed,20,0.15,17,55,blockage,False,1,1,0,1,21,20.743125001899898
density,0.15,local,7,mixed,20,0.15,18,55,blockage,False,3,3,0,1,19,22.866749961394817
density,0.15,local,7,mixed,20,0.15,19,58,blockage,False,3,4,1,3,79,45.566874963697046
density,0.15,local,7,mixed,20,0.15,20,62,breakdown,False,2,2,0,1,41,30.63045797171071
density,0.15,local,7,mixed,20,0.15,21,63,blockage,False,2,2,0,1,30,20.782124949619174
density,0.15,local,7,mixed,20,0.15,22,63,blockage,False,1,1,0,1,29,11.835290992166847
density,0.15,local,7,mixed,20,0.15,23,65,blockage,False,3,3,0,1,4,2.5381659506820142
density,0.15,local,7,mixed,20,0.15,24,69,blockage,True,0,0,0,0,0,0.13875000877305865
density,0.15,local,7,mixed,20,0.15,25,72,emergency,True,1,1,0,1,40,52.50154103850946
density,0.15,local,7,mixed,20,0.15,26,73,blockage,False,0,0,0,0,0,0.0475830165669322
density,0.15,local,7,mixed,20,0.15,27,77,blockage,True,5,5,0,1,110,191.63379102246836
density,0.15,local,7,mixed,20,0.15,28,82,blockage,False,3,3,0,1,11,12.652292032726109
density,0.15,local,7,mixed,20,0.15,29,84,blockage,False,1,1,0,1,62,74.86437499755993
density,0.15,local,7,mixed,20,0.15,30,84,emergency,True,1,1,0,1,30,17.609999980777502
density,0.15,local,7,mixed,20,0.15,31,85,blockage,False,2,3,1,2,22,24.338292016182095
density,0.15,local,7,mixed,20,0.15,32,86,blockage,False,3,3,0,1,66,11.710916995070875
density,0.15,local,7,mixed,20,0.15,33,87,blockage,True,4,5,1,2,29,39.79850001633167
density,0.15,local,7,mixed,20,0.15,34,90,blockage,True,6,6,0,1,42,27.050083968788385
density,0.15,local,7,mixed,20,0.15,35,90,blockage,False,2,3,1,2,29,12.641333043575287
density,0.15,local,7,mixed,20,0.15,36,91,blockage,False,0,0,0,0,0,0.04758295835927129
density,0.15,local,7,mixed,20,0.15,37,93,blockage,False,0,0,0,0,0,0.03787502646446228
density,0.15,local,7,mixed,20,0.15,38,93,blockage,False,1,1,0,1,1,0.8772499859333038
density,0.15,local,7,mixed,20,0.15,39,95,blockage,False,0,0,0,0,0,0.041041988879442215
density,0.15,local,7,mixed,20,0.15,40,99,blockage,False,1,1,0,1,2,0.9381250129081309
density,0.15,local,7,mixed,20,0.15,41,102,blockage,False,2,6,4,2,216,195.3140830155462
density,0.15,local,7,mixed,20,0.15,42,105,blockage,False,0,0,0,0,0,0.04958402132615447
density,0.15,local,7,mixed,20,0.15,43,106,blockage,False,0,0,0,0,0,0.04025001544505358
density,0.15,local,7,mixed,20,0.15,44,112,blockage,True,2,2,0,1,3,7.272791990544647
density,0.15,local,4,mixed,20,0.15,0,12,blockage,False,1,1,0,1,5,1.050333958119154
density,0.15,local,4,mixed,20,0.15,1,13,blockage,True,8,10,2,2,113,261.51679101167247
density,0.15,local,4,mixed,20,0.15,2,14,blockage,False,2,4,2,2,29,70.67395903868601
density,0.15,local,4,mixed,20,0.15,3,15,blockage,True,3,3,0,1,93,629.5180410379544
density,0.15,local,4,mixed,20,0.15,4,16,blockage,False,3,3,0,1,52,157.01395901851356
density,0.15,local,4,mixed,20,0.15,5,18,breakdown,False,1,1,0,1,1,42.7180000115186
density,0.15,local,4,mixed,20,0.15,6,19,blockage,False,1,1,0,1,35,205.06175002083182
density,0.15,local,4,mixed,20,0.15,7,21,blockage,False,2,4,2,3,74,129.88116597989574
density,0.15,local,4,mixed,20,0.15,8,24,blockage,True,8,8,0,1,144,623.9272090024315
density,0.15,local,4,mixed,20,0.15,9,24,blockage,False,0,0,0,0,0,0.052374962251633406
density,0.15,local,4,mixed,20,0.15,10,29,blockage,False,1,1,0,1,4,0.944750034250319
density,0.15,local,4,mixed,20,0.15,11,29,blockage,False,1,1,0,1,24,173.2965839910321
density,0.15,local,4,mixed,20,0.15,12,35,blockage,False,0,0,0,0,0,0.049875001423060894
density,0.15,local,4,mixed,20,0.15,13,35,blockage,False,4,4,0,1,163,756.2023749924265
density,0.15,local,4,mixed,20,0.15,14,36,blockage,False,0,0,0,0,0,0.053916999604552984
density,0.15,local,4,mixed,20,0.15,15,41,blockage,True,5,7,2,3,123,374.559165968094
density,0.15,local,4,mixed,20,0.15,16,43,blockage,False,0,0,0,0,0,0.13379199663177133
density,0.15,local,4,mixed,20,0.15,17,44,blockage,False,1,1,0,1,25,108.15008304780349
density,0.15,local,4,mixed,20,0.15,18,44,breakdown,False,2,2,0,1,38,29.860041046049446
density,0.15,local,4,mixed,20,0.15,19,51,blockage,False,0,0,0,0,0,0.047250010538846254
density,0.15,local,4,mixed,20,0.15,20,52,blockage,True,7,8,1,3,261,506.4120419556275
density,0.15,local,4,mixed,20,0.15,21,54,blockage,False,6,7,1,3,238,566.0959579981863
density,0.15,local,4,mixed,20,0.15,22,56,blockage,False,0,0,0,0,0,0.10404200293123722
density,0.15,local,4,mixed,20,0.15,23,57,blockage,False,3,3,0,1,62,15.567124995868653
density,0.15,local,4,mixed,20,0.15,24,60,blockage,False,1,2,1,3,50,79.70433298032731
density,0.15,local,4,mixed,20,0.15,25,61,blockage,False,0,0,0,0,0,0.05141698056831956
density,0.15,local,4,mixed,20,0.15,26,66,blockage,False,3,3,0,1,136,228.76508400077
density,0.15,local,4,mixed,20,0.15,27,68,blockage,False,1,1,0,1,10,3.0221249908208847
density,0.15,local,4,mixed,20,0.15,28,68,blockage,True,6,6,0,1,134,266.80695899995044
density,0.15,local,4,mixed,20,0.15,29,69,blockage,False,3,4,1,3,95,58.7390839937143
density,0.15,local,4,mixed,20,0.15,30,70,blockage,False,1,2,1,2,28,23.656416044104844
density,0.15,local,4,mixed,20,0.15,31,70,blockage,True,0,0,0,0,0,0.15016604447737336
density,0.15,local,4,mixed,20,0.15,32,75,blockage,False,1,1,0,1,0,3.388624987564981
density,0.15,local,4,mixed,20,0.15,33,77,blockage,False,1,1,0,1,3,8.033540972974151
density,0.15,local,4,mixed,20,0.15,34,85,blockage,True,4,4,0,1,57,304.07474999083206
density,0.15,local,4,mixed,20,0.15,35,88,blockage,True,8,8,0,1,173,291.66929196799174
density,0.15,local,4,mixed,20,0.15,36,89,blockage,False,4,4,0,2,65,116.21779203414917
density,0.15,local,4,mixed,20,0.15,37,94,blockage,False,2,2,0,1,45,77.20958301797509
density,0.15,local,4,mixed,20,0.15,38,98,blockage,False,0,0,0,0,0,0.12666697148233652
density,0.15,local,4,mixed,20,0.15,39,99,blockage,True,0,0,0,0,0,0.3373749786987901
density,0.15,local,4,mixed,20,0.15,40,99,emergency,True,1,1,0,1,25,2.850749995559454
density,0.15,local,4,mixed,20,0.15,41,100,emergency,True,1,1,0,1,25,66.481624962762
density,0.15,local,4,mixed,20,0.15,42,102,blockage,False,0,0,0,0,0,0.05670799873769283
density,0.15,local,4,mixed,20,0.15,43,103,blockage,False,0,0,0,0,0,0.04008301766589284
density,0.15,local,4,mixed,20,0.15,44,105,blockage,False,1,1,0,1,27,1.7135839443653822
density,0.15,solo,0,mixed,20,0.15,0,8,blockage,False,1,1,0,1,2,13.513292011339217
density,0.15,solo,0,mixed,20,0.15,1,9,blockage,False,3,3,0,1,10,49.5948750176467
density,0.15,solo,0,mixed,20,0.15,2,11,blockage,False,1,1,0,1,5,16.31270901998505
density,0.15,solo,0,mixed,20,0.15,3,11,blockage,False,2,2,0,1,5,26.497333019506186
density,0.15,solo,0,mixed,20,0.15,4,12,blockage,False,0,0,0,0,0,0.045874970965087414
density,0.15,solo,0,mixed,20,0.15,5,21,breakdown,True,12,12,0,1,57,267.1648749965243
density,0.15,solo,0,mixed,20,0.15,6,28,blockage,False,3,3,0,1,13,50.863874959759414
density,0.15,solo,0,mixed,20,0.15,7,33,blockage,False,1,1,0,1,2,6.171709042973816
density,0.15,solo,0,mixed,20,0.15,8,35,emergency,True,1,1,0,1,1,23.577415966428816
density,0.15,solo,0,mixed,20,0.15,9,37,blockage,False,1,1,0,1,3,2.7169579989276826
density,0.15,solo,0,mixed,20,0.15,10,37,blockage,False,3,3,0,1,10,100.7777500199154
density,0.15,solo,0,mixed,20,0.15,11,38,blockage,False,2,2,0,1,5,42.37870895303786
density,0.15,solo,0,mixed,20,0.15,12,39,blockage,False,2,2,0,1,2,29.899207991547883
density,0.15,solo,0,mixed,20,0.15,13,39,blockage,False,3,3,0,1,5,156.7329170065932
density,0.15,solo,0,mixed,20,0.15,14,45,blockage,False,2,2,0,1,4,12.525000027380884
density,0.15,solo,0,mixed,20,0.15,15,46,blockage,False,1,1,0,1,7,13.86362500488758
density,0.15,solo,0,mixed,20,0.15,16,47,blockage,False,0,0,0,0,0,0.04908395931124687
density,0.15,solo,0,mixed,20,0.15,17,48,blockage,False,0,0,0,0,0,0.03408297197893262
density,0.15,solo,0,mixed,20,0.15,18,50,blockage,True,6,6,0,1,14,122.29470902821049
density,0.15,solo,0,mixed,20,0.15,19,53,blockage,False,2,2,0,1,1,39.02124997694045
density,0.15,solo,0,mixed,20,0.15,20,61,blockage,True,6,6,0,1,23,44.85170805128291
density,0.15,solo,0,mixed,20,0.15,21,62,blockage,False,0,0,0,0,0,0.04991702735424042
density,0.15,solo,0,mixed,20,0.15,22,63,blockage,False,0,0,0,0,0,0.03616698086261749
density,0.15,solo,0,mixed,20,0.15,23,66,blockage,False,0,0,0,0,0,0.03349996404722333
density,0.15,solo,0,mixed,20,0.15,24,68,breakdown,False,1,1,0,1,2,1.8017919501289725
density,0.15,solo,0,mixed,20,0.15,25,71,blockage,False,0,0,0,0,0,0.03591598942875862
density,0.15,solo,0,mixed,20,0.15,26,73,blockage,True,9,9,0,1,31,43.86416700435802
density,0.15,solo,0,mixed,20,0.15,27,73,blockage,True,1,1,0,1,3,8.004750008694828
density,0.15,solo,0,mixed,20,0.15,28,74,blockage,False,1,1,0,1,3,3.5444580134935677
density,0.15,solo,0,mixed,20,0.15,29,81,blockage,False,1,1,0,1,4,8.047791023273021
density,0.15,solo,0,mixed,20,0.15,30,83,blockage,False,2,2,0,1,1,11.45708403782919
density,0.15,solo,0,mixed,20,0.15,31,85,blockage,False,1,1,0,1,0,7.159999979194254
density,0.15,solo,0,mixed,20,0.15,32,87,blockage,False,3,3,0,1,11,20.977665961254388
density,0.15,solo,0,mixed,20,0.15,33,99,blockage,False,2,2,0,1,5,3.4233330516144633
density,0.15,solo,0,mixed,20,0.15,34,100,blockage,False,1,1,0,1,4,2.837457985151559
density,0.15,solo,0,mixed,20,0.15,35,102,blockage,True,4,4,0,1,17,30.266874993685633
density,0.15,solo,0,mixed,20,0.15,36,107,blockage,True,4,4,0,1,13,14.638207969255745
density,0.15,solo,0,mixed,20,0.15,37,108,blockage,False,1,1,0,1,0,3.6497089895419776
density,0.15,solo,0,mixed,20,0.15,38,110,blockage,False,0,0,0,0,0,0.0464579788967967
density,0.15,solo,0,mixed,20,0.15,39,111,blockage,False,4,4,0,1,9,24.54745798604563
density,0.15,solo,0,mixed,20,0.15,40,111,blockage,False,0,0,0,0,0,0.06649998249486089
density,0.15,solo,0,mixed,20,0.15,41,113,emergency,True,1,1,0,1,2,1.4790829736739397
density,0.15,solo,0,mixed,20,0.15,42,116,blockage,True,5,8,3,2,34,43.40754100121558
density,0.15,solo,0,mixed,20,0.15,43,117,blockage,False,0,0,0,0,0,0.049875001423060894
density,0.15,solo,0,mixed,20,0.15,44,119,blockage,False,2,2,0,1,9,10.252790991216898
density,0.15,local,0,mixed,20,0.15,0,8,blockage,False,1,1,0,1,20,41.92558297654614
density,0.15,local,0,mixed,20,0.15,1,9,blockage,False,3,5,2,3,176,1438.849750033114
density,0.15,local,0,mixed,20,0.15,2,11,blockage,False,0,0,0,0,0,0.047250010538846254
density,0.15,local,0,mixed,20,0.15,3,11,blockage,False,2,2,0,1,61,265.35287499427795
density,0.15,local,0,mixed,20,0.15,4,12,blockage,False,0,0,0,0,0,0.09608396794646978
density,0.15,local,0,mixed,20,0.15,5,21,breakdown,True,12,14,2,3,464,4463.58754101675
density,0.15,local,0,mixed,20,0.15,6,28,blockage,False,3,3,0,2,101,654.4890410150401
density,0.15,local,0,mixed,20,0.15,7,33,blockage,False,1,1,0,1,26,104.3931670137681
density,0.15,local,0,mixed,20,0.15,8,35,emergency,True,1,1,0,1,51,303.03800001274794
density,0.15,local,0,mixed,20,0.15,9,37,blockage,False,1,1,0,1,5,3.628999984357506
density,0.15,local,0,mixed,20,0.15,10,37,blockage,False,1,1,0,1,5,2.3424579994753003
density,0.15,local,0,mixed,20,0.15,11,38,blockage,False,1,1,0,1,45,261.939958028961
density,0.15,local,0,mixed,20,0.15,12,39,blockage,False,4,6,2,3,125,486.2415830139071
density,0.15,local,0,mixed,20,0.15,13,39,blockage,False,0,0,0,0,0,0.05287496605888009
density,0.15,local,0,mixed,20,0.15,14,45,blockage,False,1,1,0,1,0,1.0104579851031303
density,0.15,local,0,mixed,20,0.15,15,46,blockage,False,3,5,2,3,111,294.79808401083574
density,0.15,local,0,mixed,20,0.15,16,47,blockage,False,2,4,2,2,38,123.53858398273587
density,0.15,local,0,mixed,20,0.15,17,48,blockage,False,0,0,0,0,0,0.04766695201396942
density,0.15,local,0,mixed,20,0.15,18,50,blockage,True,6,8,2,3,92,228.32179203396663
density,0.15,local,0,mixed,20,0.15,19,53,blockage,False,4,5,1,3,76,204.18025000253692
density,0.15,local,0,mixed,20,0.15,20,61,blockage,True,6,6,0,1,98,164.37312500784174
density,0.15,local,0,mixed,20,0.15,21,62,blockage,False,1,2,1,3,30,121.85937503818423
density,0.15,local,0,mixed,20,0.15,22,63,blockage,False,1,1,0,1,21,26.462541020009667
density,0.15,local,0,mixed,20,0.15,23,66,blockage,False,1,1,0,1,3,1.1146669858135283
density,0.15,local,0,mixed,20,0.15,24,68,breakdown,False,5,5,0,1,250,526.8509999732487
density,0.15,local,0,mixed,20,0.15,25,71,blockage,False,0,0,0,0,0,0.10704202577471733
density,0.15,local,0,mixed,20,0.15,26,73,blockage,True,7,7,0,1,141,57.93458299012855
density,0.15,local,0,mixed,20,0.15,27,73,blockage,True,0,0,0,0,0,0.1383750350214541
density,0.15,local,0,mixed,20,0.15,28,74,blockage,False,3,4,1,2,183,721.5950419777073
density,0.15,local,0,mixed,20,0.15,29,81,blockage,False,1,1,0,1,27,3.1974579906091094
density,0.15,local,0,mixed,20,0.15,30,83,blockage,False,2,2,0,1,36,21.786084049381316
density,0.15,local,0,mixed,20,0.15,31,85,blockage,False,1,1,0,1,3,3.360375005286187
density,0.15,local,0,mixed,20,0.15,32,87,blockage,False,3,3,0,2,120,224.04637496219948
density,0.15,local,0,mixed,20,0.15,33,99,blockage,False,1,1,0,1,2,4.2660420294851065
density,0.15,local,0,mixed,20,0.15,34,100,blockage,False,1,1,0,1,3,2.5935840094462037
density,0.15,local,0,mixed,20,0.15,35,102,blockage,True,2,2,0,1,71,23.144250037148595
density,0.15,local,0,mixed,20,0.15,36,107,blockage,True,3,3,0,1,96,44.196999981068075
density,0.15,local,0,mixed,20,0.15,37,108,blockage,False,1,1,0,1,1,3.4675829811021686
density,0.15,local,0,mixed,20,0.15,38,110,blockage,False,0,0,0,0,0,0.055541982874274254
density,0.15,local,0,mixed,20,0.15,39,111,blockage,False,6,6,0,1,180,92.08562498679385
density,0.15,local,0,mixed,20,0.15,40,111,blockage,False,0,0,0,0,0,0.05508301546797156
density,0.15,local,0,mixed,20,0.15,41,113,emergency,True,1,1,0,1,15,10.743374994490296
density,0.15,local,0,mixed,20,0.15,42,116,blockage,True,2,3,1,2,18,6.954541953746229
density,0.15,local,0,mixed,20,0.15,43,117,blockage,False,0,0,0,0,0,0.051042006816715
density,0.15,local,0,mixed,20,0.15,44,119,blockage,False,1,1,0,1,38,62.88733397377655
density,0.15,local,6,mixed,20,0.15,0,9,blockage,False,4,5,1,3,118,247.03516601584852
density,0.15,local,6,mixed,20,0.15,1,9,blockage,False,2,2,0,1,26,12.851541978307068
density,0.15,local,6,mixed,20,0.15,2,10,blockage,False,5,6,1,2,186,870.0029999599792
density,0.15,local,6,mixed,20,0.15,3,11,blockage,False,1,1,0,1,54,44.782540993765
density,0.15,local,6,mixed,20,0.15,4,11,blockage,False,0,0,0,0,0,0.04837499000132084
density,0.15,local,6,mixed,20,0.15,5,13,blockage,False,0,0,0,0,0,0.032999960239976645
density,0.15,local,6,mixed,20,0.15,6,14,blockage,False,3,3,0,1,131,457.8385840286501
density,0.15,local,6,mixed,20,0.15,7,19,blockage,True,6,7,1,2,182,695.7084159948863
density,0.15,local,6,mixed,20,0.15,8,21,emergency,True,1,2,1,2,22,32.690374995581806
density,0.15,local,6,mixed,20,0.15,9,25,breakdown,True,8,8,0,1,217,321.2728750077076
density,0.15,local,6,mixed,20,0.15,10,27,blockage,False,0,0,0,0,0,0.049291993491351604
density,0.15,local,6,mixed,20,0.15,11,29,blockage,False,0,0,0,0,0,0.03512500552460551
density,0.15,local,6,mixed,20,0.15,12,37,blockage,False,4,14,10,3,751,2336.2274169921875
density,0.15,local,6,mixed,20,0.15,13,38,blockage,False,0,0,0,0,0,0.04629202885553241
density,0.15,local,6,mixed,20,0.15,14,41,blockage,False,2,4,2,3,58,67.50450003892183
density,0.15,local,6,mixed,20,0.15,15,46,blockage,False,0,0,0,0,0,0.0475000124424696
density,0.15,local,6,mixed,20,0.15,16,53,blockage,False,3,5,2,3,60,76.90012501552701
density,0.15,local,6,mixed,20,0.15,17,55,blockage,False,3,3,0,1,36,9.859209007117897
density,0.15,local,6,mixed,20,0.15,18,56,blockage,True,6,6,0,1,32,46.83050001040101
density,0.15,local,6,mixed,20,0.15,19,56,blockage,False,0,0,0,0,0,0.05483301356434822
density,0.15,local,6,mixed,20,0.15,20,62,blockage,True,2,2,0,3,22,94.79958401061594
density,0.15,local,6,mixed,20,0.15,21,64,blockage,False,5,9,4,4,166,146.3285419740714
density,0.15,local,6,mixed,20,0.15,22,64,breakdown,False,3,3,0,1,15,84.01408296776935
density,0.15,local,6,mixed,20,0.15,23,66,blockage,False,0,0,0,0,0,0.11150003410875797
density,0.15,local,6,mixed,20,0.15,24,67,blockage,False,1,1,0,1,5,2.514542022254318
density,0.15,local,6,mixed,20,0.15,25,67,emergency,True,1,2,1,2,10,23.448499967344105
density,0.15,local,6,mixed,20,0.15,26,71,blockage,False,1,1,0,1,11,57.918458012863994
density,0.15,local,6,mixed,20,0.15,27,72,blockage,False,5,9,4,3,500,478.94458402879536
density,0.15,local,6,mixed,20,0.15,28,72,blockage,False,0,0,0,0,0,0.05329097621142864
density,0.15,local,6,mixed,20,0.15,29,75,blockage,False,1,1,0,1,0,0.6457919953390956
density,0.15,local,6,mixed,20,0.15,30,76,blockage,False,1,1,0,1,76,76.96366700110957
density,0.15,local,6,mixed,20,0.15,31,76,blockage,True,5,5,0,1,149,263.9194999355823
density,0.15,local,6,mixed,20,0.15,32,83,blockage,False,3,3,0,1,133,120.17129198648036
density,0.15,local,6,mixed,20,0.15,33,86,blockage,False,6,6,0,1,64,12.069999997038394
density,0.15,local,6,mixed,20,0.15,34,88,blockage,False,0,0,0,0,0,0.04533299943432212
density,0.15,local,6,mixed,20,0.15,35,89,blockage,True,6,9,3,3,311,643.3156249695458
density,0.15,local,6,mixed,20,0.15,36,89,blockage,True,5,5,0,1,105,59.27687499206513
density,0.15,local,6,mixed,20,0.15,37,92,blockage,False,0,0,0,0,0,0.05137501284480095
density,0.15,local,6,mixed,20,0.15,38,93,blockage,False,2,2,0,1,1,13.677791983354837
density,0.15,local,6,mixed,20,0.15,39,93,blockage,False,1,1,0,1,1,2.100124955177307
density,0.15,local,6,mixed,20,0.15,40,97,blockage,False,1,1,0,1,3,0.5174169782549143
density,0.15,local,6,mixed,20,0.15,41,97,blockage,True,0,0,0,0,0,0.1347920042462647
density,0.15,local,6,mixed,20,0.15,42,97,blockage,True,8,11,3,3,214,372.44183401344344
density,0.15,local,6,mixed,20,0.15,43,98,blockage,False,0,0,0,0,0,0.054916017688810825
density,0.15,local,6,mixed,20,0.15,44,99,blockage,False,3,5,2,3,99,94.47654202813283
density,0.15,solo,2,mixed,20,0.15,0,10,blockage,False,1,1,0,1,1,0.9578749886713922
density,0.15,solo,2,mixed,20,0.15,1,12,blockage,False,0,0,0,0,0,0.037457968574017286
density,0.15,solo,2,mixed,20,0.15,2,14,blockage,False,1,1,0,1,4,3.0913330265320837
density,0.15,solo,2,mixed,20,0.15,3,15,blockage,False,4,4,0,1,10,31.29524999530986
density,0.15,solo,2,mixed,20,0.15,4,15,blockage,False,1,1,0,1,3,12.033000006340444
density,0.15,solo,2,mixed,20,0.15,5,18,blockage,False,2,2,0,1,8,8.23437498183921
density,0.15,solo,2,mixed,20,0.15,6,20,blockage,False,1,1,0,1,0,2.265417017042637
density,0.15,solo,2,mixed,20,0.15,7,20,blockage,False,0,0,0,0,0,0.03424996975809336
density,0.15,solo,2,mixed,20,0.15,8,26,blockage,False,0,0,0,0,0,0.03249995643272996
density,0.15,solo,2,mixed,20,0.15,9,27,blockage,False,1,1,0,1,2,1.8360419780947268
density,0.15,solo,2,mixed,20,0.15,10,27,blockage,False,1,1,0,1,4,3.424916008953005
density,0.15,solo,2,mixed,20,0.15,11,29,blockage,False,5,5,0,1,12,25.554291962180287
density,0.15,solo,2,mixed,20,0.15,12,29,blockage,False,1,1,0,1,6,0.8360419888049364
density,0.15,solo,2,mixed,20,0.15,13,32,blockage,False,0,0,0,0,0,0.03791600465774536
density,0.15,solo,2,mixed,20,0.15,14,36,blockage,False,2,2,0,1,5,6.116165954153985
density,0.15,solo,2,mixed,20,0.15,15,40,emergency,True,1,1,0,1,4,7.178374973591417
density,0.15,solo,2,mixed,20,0.15,16,41,breakdown,False,1,1,0,1,1,9.630292013753206
density,0.15,solo,2,mixed,20,0.15,17,43,blockage,False,4,9,5,2,39,85.0229180068709
density,0.15,solo,2,mixed,20,0.15,18,44,blockage,False,2,2,0,1,5,15.461624949239194
density,0.15,solo,2,mixed,20,0.15,19,46,blockage,False,0,0,0,0,0,0.11424999684095383
density,0.15,solo,2,mixed,20,0.15,20,49,blockage,False,6,6,0,1,32,30.651749984826893
density,0.15,solo,2,mixed,20,0.15,21,51,blockage,False,1,1,0,1,2,2.3680829908698797
density,0.15,solo,2,mixed,20,0.15,22,57,blockage,False,0,0,0,0,0,0.04070799332112074
density,0.15,solo,2,mixed,20,0.15,23,57,emergency,True,1,1,0,1,1,5.822792008984834
density,0.15,solo,2,mixed,20,0.15,24,63,blockage,True,12,12,0,1,24,64.33349999133497
density,0.15,solo,2,mixed,20,0.15,25,65,blockage,False,0,0,0,0,0,0.047459034249186516
density,0.15,solo,2,mixed,20,0.15,26,69,blockage,True,3,3,0,1,7,6.325875001493841
density,0.15,solo,2,mixed,20,0.15,27,71,blockage,True,7,7,0,1,18,47.42337501375005
density,0.15,solo,2,mixed,20,0.15,28,72,blockage,True,3,3,0,1,4,4.273541970178485
density,0.15,solo,2,mixed,20,0.15,29,73,blockage,False,3,3,0,1,16,27.666457986924797
density,0.15,solo,2,mixed,20,0.15,30,73,blockage,True,7,7,0,1,24,68.9301670063287
density,0.15,solo,2,mixed,20,0.15,31,74,blockage,False,1,1,0,1,1,1.9820419838652015
density,0.15,solo,2,mixed,20,0.15,32,75,blockage,False,0,0,0,0,0,0.044290965888649225
density,0.15,solo,2,mixed,20,0.15,33,75,blockage,False,0,0,0,0,0,0.03404199378564954
density,0.15,solo,2,mixed,20,0.15,34,78,blockage,False,1,1,0,1,3,2.6938749942928553
density,0.15,solo,2,mixed,20,0.15,35,78,blockage,False,2,2,0,1,3,4.102750041056424
density,0.15,solo,2,mixed,20,0.15,36,78,breakdown,False,2,2,0,1,9,55.262875044718385
density,0.15,solo,2,mixed,20,0.15,37,80,blockage,False,1,1,0,1,0,0.6704170373268425
density,0.15,solo,2,mixed,20,0.15,38,83,blockage,False,1,1,0,1,1,1.7192080267705023
density,0.15,solo,2,mixed,20,0.15,39,86,blockage,False,0,0,0,0,0,0.04174996865913272
density,0.15,solo,2,mixed,20,0.15,40,90,blockage,True,5,5,0,1,13,32.61612501228228
density,0.15,solo,2,mixed,20,0.15,41,90,blockage,False,2,2,0,1,3,4.0285830036737025
density,0.15,solo,2,mixed,20,0.15,42,94,blockage,True,6,6,0,1,17,172.76816599769518
density,0.15,solo,2,mixed,20,0.15,43,97,blockage,False,1,1,0,1,1,11.466374970041215
density,0.15,solo,2,mixed,20,0.15,44,99,blockage,False,0,0,0,0,0,0.05466601578518748
density,0.1,full,8,mixed,20,0.1,0,7,blockage,False,0,5,5,5,40,91.31675004027784
density,0.1,full,8,mixed,20,0.1,1,9,blockage,True,11,18,7,5,40,202.96416600467637
density,0.1,full,8,mixed,20,0.1,2,13,emergency,True,1,19,18,5,40,368.6743750004098
density,0.1,full,8,mixed,20,0.1,3,14,blockage,False,1,1,0,5,40,337.6531249959953
density,0.1,full,8,mixed,20,0.1,4,14,breakdown,False,1,15,14,5,40,228.11787499813363
density,0.1,full,8,mixed,20,0.1,5,18,blockage,True,5,15,10,5,40,448.08874995214865
density,0.1,full,8,mixed,20,0.1,6,21,blockage,True,11,19,8,5,40,942.8039169870317
density,0.1,full,8,mixed,20,0.1,7,22,blockage,False,0,19,19,5,40,416.8095409986563
density,0.1,full,8,mixed,20,0.1,8,22,blockage,False,2,2,0,5,40,450.00195800093934
density,0.1,full,8,mixed,20,0.1,9,24,blockage,False,0,2,2,5,40,431.5589580219239
density,0.1,full,8,mixed,20,0.1,10,25,blockage,True,15,20,5,5,40,1292.1687910566106
density,0.1,full,8,mixed,20,0.1,11,26,blockage,False,2,19,17,5,40,764.9686660151929
density,0.1,full,8,mixed,20,0.1,12,26,emergency,True,1,20,19,5,40,717.3374170088209
density,0.1,full,8,mixed,20,0.1,13,27,blockage,False,6,19,13,5,40,764.8852090351284
density,0.1,full,8,mixed,20,0.1,14,32,blockage,False,2,20,18,5,40,851.3475829968229
density,0.1,full,8,mixed,20,0.1,15,36,blockage,False,5,19,14,5,40,929.3333329842426
density,0.1,full,8,mixed,20,0.1,16,44,blockage,False,0,17,17,5,40,687.3623749706894
density,0.1,full,8,mixed,20,0.1,17,48,breakdown,False,2,18,16,5,40,383.62266594776884
density,0.1,full,8,mixed,20,0.1,18,61,blockage,True,5,15,10,5,40,365.4490830376744
density,0.1,full,8,mixed,20,0.1,19,63,blockage,False,2,19,17,5,40,414.3801670288667
density,0.1,full,8,mixed,20,0.1,20,64,blockage,False,2,17,15,5,40,402.542750001885
density,0.1,full,8,mixed,20,0.1,21,64,blockage,False,0,0,0,5,40,331.90516696777195
density,0.1,full,8,mixed,20,0.1,22,67,blockage,False,3,8,5,5,40,375.32420799834654
density,0.1,full,8,mixed,20,0.1,23,71,blockage,False,2,4,2,5,40,301.5733329812065
density,0.1,full,8,mixed,20,0.1,24,80,blockage,False,1,3,2,5,40,242.3234999878332
density,0.1,full,8,mixed,20,0.1,25,83,blockage,True,2,19,17,5,40,455.88154101278633
density,0.1,full,8,mixed,20,0.1,26,89,blockage,False,0,19,19,5,40,148.4809999819845
density,0.1,full,8,mixed,20,0.1,27,92,blockage,False,1,11,10,5,40,118.85879200417548
density,0.1,full,8,mixed,20,0.1,28,95,blockage,False,3,12,9,5,40,142.6193749648519
density,0.1,full,8,mixed,20,0.1,29,97,blockage,False,3,16,13,5,40,155.77950002625585
density,0.1,full,8,mixed,20,0.1,30,102,blockage,False,1,11,10,5,40,107.1487910230644
density,0.15,solo,3,mixed,20,0.15,0,9,blockage,False,3,3,0,1,12,40.32725002616644
density,0.15,solo,3,mixed,20,0.15,1,9,blockage,False,2,2,0,1,5,48.66570798913017
density,0.15,solo,3,mixed,20,0.15,2,12,breakdown,True,9,9,0,1,46,144.86141700763255
density,0.15,solo,3,mixed,20,0.15,3,18,blockage,False,1,1,0,1,2,19.01512499898672
density,0.15,solo,3,mixed,20,0.15,4,18,blockage,False,0,0,0,0,0,0.049250025767832994
density,0.15,solo,3,mixed,20,0.15,5,20,blockage,False,2,2,0,1,7,15.236292034387589
density,0.15,solo,3,mixed,20,0.15,6,20,emergency,True,1,1,0,1,3,21.786166995298117
density,0.15,solo,3,mixed,20,0.15,7,21,blockage,False,1,1,0,1,2,18.650125013664365
density,0.15,solo,3,mixed,20,0.15,8,22,blockage,False,2,2,0,1,2,1.8813750357367098
density,0.15,solo,3,mixed,20,0.15,9,22,blockage,False,0,0,0,0,0,0.036375015042722225
density,0.15,solo,3,mixed,20,0.15,10,24,blockage,False,4,4,0,1,12,69.22291597584262
density,0.15,solo,3,mixed,20,0.15,11,32,blockage,False,2,2,0,1,2,33.28866697847843
density,0.15,solo,3,mixed,20,0.15,12,32,blockage,False,1,1,0,1,1,26.601332996506244
density,0.15,solo,3,mixed,20,0.15,13,34,blockage,False,3,3,0,1,8,32.82662498531863
density,0.15,solo,3,mixed,20,0.15,14,34,blockage,True,2,2,0,1,3,27.63429202605039
density,0.15,solo,3,mixed,20,0.15,15,42,blockage,False,0,0,0,0,0,0.049708003643900156
density,0.15,solo,3,mixed,20,0.15,16,44,blockage,False,1,1,0,1,2,10.629082971718162
density,0.15,solo,3,mixed,20,0.15,17,48,blockage,False,3,3,0,1,6,3.879791998770088
density,0.15,solo,3,mixed,20,0.15,18,51,blockage,False,1,1,0,1,2,2.564124995842576
density,0.15,solo,3,mixed,20,0.15,19,52,blockage,True,0,0,0,0,0,0.13262499123811722
density,0.15,solo,3,mixed,20,0.15,20,53,blockage,True,7,7,0,1,19,11.17308298125863
density,0.15,solo,3,mixed,20,0.15,21,56,blockage,False,0,0,0,0,0,0.05237502045929432
density,0.15,solo,3,mixed,20,0.15,22,58,blockage,False,2,2,0,1,3,7.42687500314787
density,0.15,solo,3,mixed,20,0.15,23,59,blockage,True,7,7,0,1,13,38.12654200010002
density,0.15,solo,3,mixed,20,0.15,24,65,blockage,False,3,3,0,1,5,7.9565420164726675
density,0.15,solo,3,mixed,20,0.15,25,65,blockage,False,0,0,0,0,0,0.11487497249618173
density,0.15,solo,3,mixed,20,0.15,26,65,blockage,False,6,6,0,1,23,34.11583398701623
density,0.15,solo,3,mixed,20,0.15,27,68,blockage,False,0,0,0,0,0,0.04895799793303013
density,0.15,solo,3,mixed,20,0.15,28,69,blockage,False,0,0,0,0,0,0.03779196413233876
density,0.15,solo,3,mixed,20,0.15,29,69,blockage,False,1,1,0,1,1,2.115042007062584
density,0.15,solo,3,mixed,20,0.15,30,69,blockage,False,1,1,0,1,6,10.181999998167157
density,0.15,solo,3,mixed,20,0.15,31,71,blockage,False,0,0,0,0,0,0.05591596709564328
density,0.15,solo,3,mixed,20,0.15,32,73,blockage,False,1,1,0,1,2,0.7046249811537564
density,0.15,solo,3,mixed,20,0.15,33,74,blockage,False,1,1,0,1,5,1.163707987871021
density,0.15,solo,3,mixed,20,0.15,34,74,blockage,False,0,0,0,0,0,0.038583006244152784
density,0.15,solo,3,mixed,20,0.15,35,87,emergency,True,1,1,0,1,3,1.595208013895899
density,0.15,solo,3,mixed,20,0.15,36,93,blockage,False,2,2,0,1,8,2.8071660199202597
density,0.15,solo,3,mixed,20,0.15,37,93,blockage,False,4,4,0,1,16,5.811458977404982
density,0.15,solo,3,mixed,20,0.15,38,94,breakdown,True,9,9,0,1,25,46.55616695526987
density,0.15,solo,3,mixed,20,0.15,39,97,blockage,False,0,0,0,0,0,0.05666696233674884
density,0.15,solo,3,mixed,20,0.15,40,98,blockage,False,2,2,0,1,7,12.178874982055277
density,0.15,solo,3,mixed,20,0.15,41,100,blockage,False,2,2,0,1,5,3.0677909962832928
density,0.15,solo,3,mixed,20,0.15,42,103,blockage,True,4,4,0,1,5,7.630917010828853
density,0.15,solo,3,mixed,20,0.15,43,103,blockage,True,7,7,0,1,10,155.2857089554891
density,0.15,solo,3,mixed,20,0.15,44,104,blockage,False,0,0,0,0,0,0.05312502617016435
density,0.15,solo,4,mixed,20,0.15,0,12,blockage,False,1,1,0,1,5,2.4777909857220948
density,0.15,solo,4,mixed,20,0.15,1,13,blockage,True,8,8,0,1,23,101.89387499121949
density,0.15,solo,4,mixed,20,0.15,2,14,blockage,False,2,2,0,1,7,24.120791000314057
density,0.15,solo,4,mixed,20,0.15,3,15,blockage,True,3,3,0,1,5,50.86520797340199
density,0.15,solo,4,mixed,20,0.15,4,16,blockage,False,3,3,0,1,6,88.40479201171547
density,0.15,solo,4,mixed,20,0.15,5,18,breakdown,False,1,1,0,1,1,41.951749997679144
density,0.15,solo,4,mixed,20,0.15,6,19,blockage,False,1,1,0,1,3,1.129708020016551
density,0.15,solo,4,mixed,20,0.15,7,21,blockage,False,2,2,0,1,4,10.167957982048392
density,0.15,solo,4,mixed,20,0.15,8,24,blockage,True,6,6,0,1,16,104.94162503164262
density,0.15,solo,4,mixed,20,0.15,9,24,blockage,False,1,1,0,1,3,2.915541990660131
density,0.15,solo,4,mixed,20,0.15,10,29,blockage,False,2,2,0,1,5,2.5633330224081874
density,0.15,solo,4,mixed,20,0.15,11,29,blockage,False,2,2,0,1,7,46.62845900747925
density,0.15,solo,4,mixed,20,0.15,12,35,blockage,False,0,0,0,0,0,0.06020901491865516
density,0.15,solo,4,mixed,20,0.15,13,35,blockage,False,5,5,0,1,15,45.34941696329042
density,0.15,solo,4,mixed,20,0.15,14,36,blockage,False,1,1,0,1,5,10.566749959252775
density,0.15,solo,4,mixed,20,0.15,15,41,blockage,True,7,7,0,1,22,72.88833300117403
density,0.15,solo,4,mixed,20,0.15,16,43,blockage,False,0,0,0,0,0,0.050749978981912136
density,0.15,solo,4,mixed,20,0.15,17,44,blockage,False,2,2,0,1,6,53.4935420146212
density,0.15,solo,4,mixed,20,0.15,18,44,breakdown,False,2,2,0,1,11,19.210958038456738
density,0.15,solo,4,mixed,20,0.15,19,51,blockage,False,0,0,0,0,0,0.049749971367418766
density,0.15,solo,4,mixed,20,0.15,20,52,blockage,True,6,6,0,1,16,90.86029202444479
density,0.15,solo,4,mixed,20,0.15,21,54,blockage,False,4,4,0,1,7,29.269457969348878
density,0.15,solo,4,mixed,20,0.15,22,56,blockage,False,0,0,0,0,0,0.0512079568579793
density,0.15,solo,4,mixed,20,0.15,23,57,blockage,False,3,3,0,1,7,12.522417004220188
density,0.15,solo,4,mixed,20,0.15,24,60,blockage,False,1,1,0,1,4,11.82974997209385
density,0.15,solo,4,mixed,20,0.15,25,61,blockage,False,0,0,0,0,0,0.05075003718957305
density,0.15,solo,4,mixed,20,0.15,26,66,blockage,False,2,2,0,1,8,18.324124976061285
density,0.15,solo,4,mixed,20,0.15,27,68,blockage,False,1,1,0,1,0,3.7835839902982116
density,0.15,solo,4,mixed,20,0.15,28,68,blockage,True,6,6,0,1,21,80.37158299703151
density,0.15,solo,4,mixed,20,0.15,29,69,blockage,False,0,0,0,0,0,0.053916010074317455
density,0.15,solo,4,mixed,20,0.15,30,70,blockage,False,1,1,0,1,6,4.308125004172325
density,0.15,solo,4,mixed,20,0.15,31,70,blockage,True,0,0,0,0,0,0.16187498113140464
density,0.15,solo,4,mixed,20,0.15,32,75,blockage,False,4,4,0,1,12,12.67412502784282
density,0.15,solo,4,mixed,20,0.15,33,77,blockage,False,4,4,0,1,15,32.60958299506456
density,0.15,solo,4,mixed,20,0.15,34,85,blockage,True,5,5,0,1,10,62.178082996979356
density,0.15,solo,4,mixed,20,0.15,35,88,blockage,True,5,5,0,1,12,15.684875019360334
density,0.15,solo,4,mixed,20,0.15,36,89,blockage,False,1,1,0,1,2,0.7038750336505473
density,0.15,solo,4,mixed,20,0.15,37,94,blockage,False,2,2,0,1,6,7.075875008013099
density,0.15,solo,4,mixed,20,0.15,38,98,blockage,False,2,2,0,1,1,4.061416024342179
density,0.15,solo,4,mixed,20,0.15,39,99,blockage,True,0,0,0,0,0,0.15058298595249653
density,0.15,solo,4,mixed,20,0.15,40,99,emergency,True,1,1,0,1,4,1.538999960757792
density,0.15,solo,4,mixed,20,0.15,41,100,emergency,True,1,1,0,1,3,11.630958004388958
density,0.15,solo,4,mixed,20,0.15,42,102,blockage,False,0,0,0,0,0,0.054333009757101536
density,0.15,solo,4,mixed,20,0.15,43,103,blockage,False,0,0,0,0,0,0.04250003257766366
density,0.15,solo,4,mixed,20,0.15,44,105,blockage,False,1,1,0,1,0,1.0040419874712825
density,0.15,solo,5,mixed,20,0.15,0,11,blockage,False,0,0,0,0,0,0.046833010856062174
density,0.15,solo,5,mixed,20,0.15,1,14,blockage,False,0,0,0,0,0,0.033334014005959034
density,0.15,solo,5,mixed,20,0.15,2,15,blockage,True,9,9,0,1,20,119.4464159780182
density,0.15,solo,5,mixed,20,0.15,3,15,blockage,True,13,13,0,1,35,306.1462910263799
density,0.15,solo,5,mixed,20,0.15,4,16,blockage,False,4,4,0,1,16,100.75129196047783
density,0.15,solo,5,mixed,20,0.15,5,19,emergency,True,1,1,0,1,1,39.55225000390783
density,0.15,solo,5,mixed,20,0.15,6,26,blockage,False,4,4,0,1,12,57.75616702158004
density,0.15,solo,5,mixed,20,0.15,7,29,blockage,False,0,0,0,0,0,0.045666005462408066
density,0.15,solo,5,mixed,20,0.15,8,33,breakdown,False,3,3,0,1,12,87.23108400590718
density,0.15,solo,5,mixed,20,0.15,9,36,blockage,False,1,1,0,1,2,29.048750002402812
density,0.15,solo,5,mixed,20,0.15,10,38,breakdown,False,1,1,0,1,2,1.0713330120779574
density,0.15,solo,5,mixed,20,0.15,11,40,blockage,True,2,2,0,1,6,3.3214170252904296
density,0.15,solo,5,mixed,20,0.15,12,42,blockage,False,2,2,0,1,5,32.601958024315536
density,0.15,solo,5,mixed,20,0.15,13,43,blockage,False,4,4,0,1,14,46.68941698037088
density,0.15,solo,5,mixed,20,0.15,14,44,blockage,True,1,1,0,1,3,0.8243339834734797
density,0.15,solo,5,mixed,20,0.15,15,49,blockage,False,0,0,0,0,0,0.12320897076278925
density,0.15,solo,5,mixed,20,0.15,16,49,blockage,False,0,0,0,0,0,0.07662497228011489
density,0.15,solo,5,mixed,20,0.15,17,51,blockage,False,2,2,0,1,4,26.201167027466
density,0.15,solo,5,mixed,20,0.15,18,53,blockage,False,3,3,0,1,6,24.29333300096914
density,0.15,solo,5,mixed,20,0.15,19,54,blockage,False,0,0,0,0,0,0.048833026085048914
density,0.15,solo,5,mixed,20,0.15,20,55,blockage,False,0,0,0,0,0,0.036375015042722225
density,0.15,solo,5,mixed,20,0.15,21,55,blockage,False,0,0,0,0,0,0.0292909680865705
density,0.15,solo,5,mixed,20,0.15,22,56,blockage,False,1,1,0,1,1,13.766250049229711
density,0.15,solo,5,mixed,20,0.15,23,60,blockage,True,2,2,0,1,7,30.250624986365438
density,0.15,solo,5,mixed,20,0.15,24,61,blockage,True,1,1,0,1,3,5.219082988332957
density,0.15,solo,5,mixed,20,0.15,25,62,blockage,False,2,2,0,1,5,16.612458042800426
density,0.15,solo,5,mixed,20,0.15,26,63,blockage,False,0,0,0,0,0,0.05145900649949908
density,0.15,solo,5,mixed,20,0.15,27,64,blockage,False,3,3,0,1,2,59.720750025007874
density,0.15,solo,5,mixed,20,0.15,28,65,blockage,False,5,5,0,1,24,41.92095895996317
density,0.15,solo,5,mixed,20,0.15,29,65,blockage,True,7,7,0,1,40,147.62337499996647
density,0.15,solo,5,mixed,20,0.15,30,65,blockage,False,0,0,0,0,0,0.05929201142862439
density,0.15,solo,5,mixed,20,0.15,31,66,blockage,False,2,2,0,1,7,8.239374961704016
density,0.15,solo,5,mixed,20,0.15,32,68,blockage,False,2,2,0,1,4,7.940458017401397
density,0.15,solo,5,mixed,20,0.15,33,68,blockage,False,0,0,0,0,0,0.06816699169576168
density,0.15,solo,5,mixed,20,0.15,34,74,blockage,False,0,0,0,0,0,0.043625012040138245
density,0.15,solo,5,mixed,20,0.15,35,75,blockage,True,3,3,0,1,3,13.652541965711862
density,0.15,solo,5,mixed,20,0.15,36,76,blockage,False,0,0,0,0,0,0.05791697185486555
density,0.15,solo,5,mixed,20,0.15,37,78,blockage,False,3,3,0,1,6,43.38016704423353
density,0.15,solo,5,mixed,20,0.15,38,81,blockage,False,0,0,0,0,0,0.056374992709606886
density,0.15,solo,5,mixed,20,0.15,39,85,emergency,True,1,1,0,1,3,2.2756250109523535
density,0.15,solo,5,mixed,20,0.15,40,86,blockage,False,3,3,0,1,5,16.495625022798777
density,0.15,solo,5,mixed,20,0.15,41,91,blockage,False,1,1,0,1,3,22.945082979276776
density,0.15,solo,5,mixed,20,0.15,42,92,blockage,False,1,1,0,1,1,7.157207990530878
density,0.15,solo,5,mixed,20,0.15,43,95,blockage,True,1,1,0,1,3,7.7176669728942215
density,0.15,solo,5,mixed,20,0.15,44,104,blockage,False,1,1,0,1,3,0.6685000262223184
density,0.15,solo,7,mixed,20,0.15,0,8,breakdown,False,2,2,0,1,6,7.176999992225319
density,0.15,solo,7,mixed,20,0.15,1,16,blockage,False,0,0,0,0,0,0.038375030271708965
density,0.15,solo,7,mixed,20,0.15,2,17,blockage,False,0,0,0,0,0,0.029082992114126682
density,0.15,solo,7,mixed,20,0.15,3,17,blockage,False,1,1,0,1,7,5.111458944156766
density,0.15,solo,7,mixed,20,0.15,4,20,blockage,False,1,1,0,1,5,7.838750025257468
density,0.15,solo,7,mixed,20,0.15,5,23,blockage,False,1,1,0,1,6,7.100625021848828
density,0.15,solo,7,mixed,20,0.15,6,25,blockage,False,2,6,4,2,44,129.0275829960592
density,0.15,solo,7,mixed,20,0.15,7,26,blockage,False,3,3,0,1,2,29.01075000409037
density,0.15,solo,7,mixed,20,0.15,8,29,blockage,False,3,3,0,1,10,38.991416979115456
density,0.15,solo,7,mixed,20,0.15,9,31,blockage,False,3,3,0,1,11,6.89245795365423
density,0.15,solo,7,mixed,20,0.15,10,33,blockage,False,0,0,0,0,0,0.04087499110028148
density,0.15,solo,7,mixed,20,0.15,11,33,blockage,False,4,4,0,1,15,65.52350003039464
density,0.15,solo,7,mixed,20,0.15,12,39,blockage,False,0,0,0,0,0,0.05054200300946832
density,0.15,solo,7,mixed,20,0.15,13,40,blockage,False,0,0,0,0,0,0.03287498839199543
density,0.15,solo,7,mixed,20,0.15,14,44,blockage,False,2,2,0,1,6,18.739583028946072
density,0.15,solo,7,mixed,20,0.15,15,46,blockage,False,1,1,0,1,1,5.7222500327043235
density,0.15,solo,7,mixed,20,0.15,16,53,blockage,False,1,1,0,1,2,21.770416002254933
density,0.15,solo,7,mixed,20,0.15,17,55,blockage,False,0,0,0,0,0,0.05891697946935892
density,0.15,solo,7,mixed,20,0.15,18,55,blockage,False,3,3,0,1,8,13.157583016436547
density,0.15,solo,7,mixed,20,0.15,19,58,blockage,False,3,3,0,1,8,4.9128750106319785
density,0.15,solo,7,mixed,20,0.15,20,62,breakdown,False,2,2,0,1,3,1.6375419800169766
density,0.15,solo,7,mixed,20,0.15,21,63,blockage,False,1,1,0,1,3,2.737458038609475
density,0.15,solo,7,mixed,20,0.15,22,63,blockage,False,0,0,0,0,0,0.039040984120219946
density,0.15,solo,7,mixed,20,0.15,23,65,blockage,False,3,3,0,1,5,2.03066598623991
density,0.15,solo,7,mixed,20,0.15,24,69,blockage,True,0,0,0,0,0,0.13149995356798172
density,0.15,solo,7,mixed,20,0.15,25,72,emergency,True,1,1,0,1,3,3.9992090314626694
density,0.15,solo,7,mixed,20,0.15,26,73,blockage,False,0,0,0,0,0,0.03704102709889412
density,0.15,solo,7,mixed,20,0.15,27,77,blockage,True,5,5,0,1,7,31.23820904875174
density,0.15,solo,7,mixed,20,0.15,28,82,blockage,False,3,3,0,1,7,10.97308297175914
density,0.15,solo,7,mixed,20,0.15,29,84,blockage,False,1,1,0,1,1,4.033542005345225
density,0.15,solo,7,mixed,20,0.15,30,84,emergency,True,1,1,0,1,3,1.0586249991320074
density,0.15,solo,7,mixed,20,0.15,31,85,blockage,False,2,2,0,1,5,6.765791971702129
density,0.15,solo,7,mixed,20,0.15,32,86,blockage,False,2,2,0,1,5,3.0872499919496477
density,0.15,solo,7,mixed,20,0.15,33,87,blockage,True,3,3,0,1,9,6.026499962899834
density,0.15,solo,7,mixed,20,0.15,34,90,blockage,True,5,5,0,1,15,10.635207989253104
density,0.15,solo,7,mixed,20,0.15,35,90,blockage,False,4,4,0,1,7,4.693457973189652
density,0.15,solo,7,mixed,20,0.15,36,91,blockage,False,0,0,0,0,0,0.046250002924352884
density,0.15,solo,7,mixed,20,0.15,37,93,blockage,False,0,0,0,0,0,0.039041973650455475
density,0.15,solo,7,mixed,20,0.15,38,93,blockage,False,1,1,0,1,3,1.554375048726797
density,0.15,solo,7,mixed,20,0.15,39,95,blockage,False,2,3,1,1,24,49.47237501619384
density,0.15,solo,7,mixed,20,0.15,40,99,blockage,False,1,1,0,1,1,1.8162500346079469
density,0.15,solo,7,mixed,20,0.15,41,102,blockage,False,1,1,0,1,0,3.1634579645469785
density,0.15,solo,7,mixed,20,0.15,42,105,blockage,False,0,0,0,0,0,0.051042006816715
density,0.15,solo,7,mixed,20,0.15,43,106,blockage,False,2,2,0,1,8,2.6185830356553197
density,0.15,solo,7,mixed,20,0.15,44,112,blockage,True,5,5,0,1,14,28.513875033240765
density,0.15,solo,1,mixed,20,0.15,0,9,blockage,False,2,2,0,1,3,22.925249999389052
density,0.15,solo,1,mixed,20,0.15,1,9,blockage,False,1,1,0,1,4,3.9469169569201767
density,0.15,solo,1,mixed,20,0.15,2,10,emergency,True,1,1,0,1,4,20.02583397552371
density,0.15,solo,1,mixed,20,0.15,3,11,blockage,True,5,5,0,1,14,97.62058302294463
density,0.15,solo,1,mixed,20,0.15,4,12,blockage,False,4,4,0,1,8,19.746208970900625
density,0.15,solo,1,mixed,20,0.15,5,14,blockage,False,1,1,0,1,1,24.084167031105608
density,0.15,solo,1,mixed,20,0.15,6,16,blockage,True,10,10,0,1,17,255.33449999056756
density,0.15,solo,1,mixed,20,0.15,7,21,blockage,True,6,6,0,1,14,61.900583968963474
density,0.15,solo,1,mixed,20,0.15,8,21,blockage,True,12,12,0,1,23,147.26095902733505
density,0.15,solo,1,mixed,20,0.15,9,29,blockage,False,1,1,0,1,2,1.0104589746333659
density,0.15,solo,1,mixed,20,0.15,10,32,blockage,False,0,0,0,0,0,0.03774999640882015
density,0.15,solo,1,mixed,20,0.15,11,35,blockage,False,0,0,0,0,0,0.03308296436443925
density,0.15,solo,1,mixed,20,0.15,12,36,blockage,False,2,2,0,1,8,8.622875029686838
density,0.15,solo,1,mixed,20,0.15,13,38,blockage,False,0,0,0,0,0,0.044082989916205406
density,0.15,solo,1,mixed,20,0.15,14,39,emergency,True,1,1,0,1,1,56.60587502643466
density,0.15,solo,1,mixed,20,0.15,15,43,blockage,False,1,1,0,1,2,7.52854096936062
density,0.15,solo,1,mixed,20,0.15,16,43,blockage,True,8,8,0,1,26,155.00470797996968
density,0.15,solo,1,mixed,20,0.15,17,47,blockage,True,7,7,0,1,22,184.03383303666487
density,0.15,solo,1,mixed,20,0.15,18,48,blockage,True,9,9,0,1,20,320.9705409826711
density,0.15,solo,1,mixed,20,0.15,19,60,blockage,False,1,1,0,1,0,1.4378330088220537
density,0.15,solo,1,mixed,20,0.15,20,71,blockage,False,1,1,0,1,4,27.20891695935279
density,0.15,solo,1,mixed,20,0.15,21,71,blockage,False,1,1,0,1,1,2.198583970312029
density,0.15,solo,1,mixed,20,0.15,22,73,breakdown,True,15,15,0,1,52,628.9788329740986
density,0.15,solo,1,mixed,20,0.15,23,75,blockage,False,0,0,0,0,0,0.04975002957507968
density,0.15,solo,1,mixed,20,0.15,24,77,blockage,False,2,2,0,1,5,97.33291598968208
density,0.15,solo,1,mixed,20,0.15,25,77,breakdown,True,8,8,0,1,22,538.0255419877358
density,0.15,solo,1,mixed,20,0.15,26,80,blockage,False,1,1,0,1,1,26.544583030045033
density,0.15,solo,1,mixed,20,0.15,27,81,blockage,False,0,0,0,0,0,0.11575000826269388
density,0.15,solo,1,mixed,20,0.15,28,82,blockage,True,2,2,0,1,3,98.98270800476894
density,0.15,solo,1,mixed,20,0.15,29,83,blockage,False,3,3,0,1,17,250.17750001279637
density,0.15,solo,1,mixed,20,0.15,30,83,blockage,False,1,1,0,1,0,1.7994579975493252
density,0.15,solo,1,mixed,20,0.15,31,83,blockage,False,2,2,0,1,8,115.97329197684303
density,0.15,solo,1,mixed,20,0.15,32,85,blockage,True,4,4,0,1,19,395.2304999693297
density,0.15,solo,1,mixed,20,0.15,33,89,blockage,False,3,3,0,1,8,100.84079101216048
density,0.15,solo,1,mixed,20,0.15,34,91,blockage,False,1,1,0,1,0,1.1107500176876783
density,0.15,solo,1,mixed,20,0.15,35,95,blockage,False,0,0,0,0,0,0.05099998088553548
density,0.15,solo,1,mixed,20,0.15,36,95,blockage,False,2,2,0,1,4,170.14679103158414
density,0.15,solo,1,mixed,20,0.15,37,107,blockage,False,2,2,0,1,6,33.23058399837464
density,0.15,solo,1,mixed,20,0.15,38,108,blockage,False,0,0,0,0,0,0.05804101238027215
density,0.15,solo,1,mixed,20,0.15,39,109,blockage,False,3,3,0,1,4,76.17304200539365
density,0.15,solo,1,mixed,20,0.15,40,110,blockage,False,0,0,0,0,0,0.05691597471013665
density,0.15,solo,1,mixed,20,0.15,41,111,blockage,False,2,2,0,1,7,21.625625027809292
density,0.15,solo,1,mixed,20,0.15,42,112,blockage,False,0,0,0,0,0,0.05566602339968085
density,0.15,solo,1,mixed,20,0.15,43,115,blockage,False,0,0,0,0,0,0.041000021155923605
density,0.15,solo,1,mixed,20,0.15,44,115,blockage,False,1,1,0,1,2,39.769666036590934
density,0.15,solo,6,mixed,20,0.15,0,9,blockage,False,4,4,0,1,13,63.85487498482689
density,0.15,solo,6,mixed,20,0.15,1,9,blockage,False,2,2,0,1,6,16.529749962501228
density,0.15,solo,6,mixed,20,0.15,2,10,blockage,False,5,5,0,1,16,81.96966600371525
density,0.15,solo,6,mixed,20,0.15,3,11,blockage,False,1,1,0,1,6,5.3587500005960464
density,0.15,solo,6,mixed,20,0.15,4,11,blockage,False,0,0,0,0,0,0.04704197635874152
density,0.15,solo,6,mixed,20,0.15,5,13,blockage,False,0,0,0,0,0,0.0332500203512609
density,0.15,solo,6,mixed,20,0.15,6,14,blockage,False,3,3,0,1,11,21.488667000085115
density,0.15,solo,6,mixed,20,0.15,7,19,blockage,True,6,6,0,1,22,34.46420800173655
density,0.15,solo,6,mixed,20,0.15,8,21,emergency,True,1,1,0,1,4,3.7949170218780637
density,0.15,solo,6,mixed,20,0.15,9,25,breakdown,True,8,8,0,1,53,73.85470799636096
density,0.15,solo,6,mixed,20,0.15,10,27,blockage,False,0,0,0,0,0,0.04808296216651797
density,0.15,solo,6,mixed,20,0.15,11,29,blockage,False,0,0,0,0,0,0.03462500171735883
density,0.15,solo,6,mixed,20,0.15,12,37,blockage,False,4,15,11,3,233,867.3762500402518
density,0.15,solo,6,mixed,20,0.15,13,38,blockage,False,0,0,0,0,0,0.047874986194074154
density,0.15,solo,6,mixed,20,0.15,14,41,blockage,False,2,2,0,1,5,12.39579200046137
density,0.15,solo,6,mixed,20,0.15,15,46,blockage,False,0,0,0,0,0,0.04754203837364912
density,0.15,solo,6,mixed,20,0.15,16,53,blockage,False,3,3,0,1,7,36.17358300834894
density,0.15,solo,6,mixed,20,0.15,17,55,blockage,False,3,3,0,1,6,12.152917042840272
density,0.15,solo,6,mixed,20,0.15,18,56,blockage,True,6,6,0,1,13,36.494583007879555
density,0.15,solo,6,mixed,20,0.15,19,56,blockage,False,0,0,0,0,0,0.047208042815327644
density,0.15,solo,6,mixed,20,0.15,20,62,blockage,True,4,4,0,1,9,41.412082966417074
density,0.15,solo,6,mixed,20,0.15,21,64,blockage,False,5,9,4,1,89,183.7351240683347
density,0.15,solo,6,mixed,20,0.15,22,64,breakdown,False,3,3,0,1,5,19.74100002553314
density,0.15,solo,6,mixed,20,0.15,23,66,blockage,False,0,0,0,0,0,0.04820903996005654
density,0.15,solo,6,mixed,20,0.15,24,67,blockage,False,2,2,0,1,8,17.389167041983455
density,0.15,solo,6,mixed,20,0.15,25,67,emergency,True,1,1,0,1,2,2.5292500504292548
density,0.15,solo,6,mixed,20,0.15,26,71,blockage,False,1,1,0,1,1,21.58608299214393
density,0.15,solo,6,mixed,20,0.15,27,72,blockage,False,5,7,2,2,62,132.32504099141806
density,0.15,solo,6,mixed,20,0.15,28,72,blockage,False,0,0,0,0,0,0.060999998822808266
density,0.15,solo,6,mixed,20,0.15,29,75,blockage,False,1,1,0,1,0,0.6726250285282731
density,0.15,solo,6,mixed,20,0.15,30,76,blockage,False,1,1,0,1,7,2.4173330166377127
density,0.15,solo,6,mixed,20,0.15,31,76,blockage,True,7,7,0,1,26,66.63591699907556
density,0.15,solo,6,mixed,20,0.15,32,83,blockage,False,1,1,0,1,2,8.687708002980798
density,0.15,solo,6,mixed,20,0.15,33,86,blockage,False,6,6,0,1,24,14.233666006475687
density,0.15,solo,6,mixed,20,0.15,34,88,blockage,False,0,0,0,0,0,1.080750022083521
density,0.15,solo,6,mixed,20,0.15,35,89,blockage,True,7,8,1,1,123,744.3864999804646
density,0.15,solo,6,mixed,20,0.15,36,89,blockage,True,3,3,0,1,12,22.473624965641648
density,0.15,solo,6,mixed,20,0.15,37,92,blockage,False,0,0,0,0,0,0.1307500060647726
density,0.15,solo,6,mixed,20,0.15,38,93,blockage,False,2,2,0,1,3,27.591917023528367
density,0.15,solo,6,mixed,20,0.15,39,93,blockage,False,1,1,0,1,1,2.230500045698136
density,0.15,solo,6,mixed,20,0.15,40,97,blockage,False,1,1,0,1,2,0.4931250005029142
density,0.15,solo,6,mixed,20,0.15,41,97,blockage,True,0,0,0,0,0,0.13791699893772602
density,0.15,solo,6,mixed,20,0.15,42,97,blockage,True,7,7,0,1,13,124.91579097695649
density,0.15,solo,6,mixed,20,0.15,43,98,blockage,False,0,0,0,0,0,0.06054196273908019
density,0.15,solo,6,mixed,20,0.15,44,99,blockage,False,2,2,0,1,11,43.08058397145942
density,0.15,local,5,mixed,20,0.15,0,11,blockage,False,0,0,0,0,0,0.04237500252202153
density,0.15,local,5,mixed,20,0.15,1,14,blockage,False,0,0,0,0,0,0.0302919652312994
density,0.15,local,5,mixed,20,0.15,2,15,blockage,True,9,9,0,1,180,815.9840839798562
density,0.15,local,5,mixed,20,0.15,3,15,blockage,True,13,13,0,1,379,3114.258958026767
density,0.15,local,5,mixed,20,0.15,4,16,blockage,False,4,4,0,1,294,3622.7329579996876
density,0.15,local,5,mixed,20,0.15,5,19,emergency,True,1,1,0,1,17,237.82216699328274
density,0.15,local,5,mixed,20,0.15,6,26,blockage,False,4,4,0,1,152,532.8649160219356
density,0.15,local,5,mixed,20,0.15,7,29,blockage,False,0,0,0,0,0,0.09695801418274641
density,0.15,local,5,mixed,20,0.15,8,33,breakdown,False,3,3,0,1,88,512.068374955561
density,0.15,local,5,mixed,20,0.15,9,36,blockage,False,1,1,0,1,20,43.720916961319745
density,0.15,local,5,mixed,20,0.15,10,38,breakdown,False,1,1,0,1,2,1.1009169975295663
density,0.15,local,5,mixed,20,0.15,11,40,blockage,True,2,2,0,1,38,27.630416967440397
density,0.15,local,5,mixed,20,0.15,12,42,blockage,False,2,4,2,2,26,225.10279197013006
density,0.15,local,5,mixed,20,0.15,13,43,blockage,False,4,5,1,3,227,1494.6142500266433
density,0.15,local,5,mixed,20,0.15,14,44,blockage,True,1,1,0,1,3,0.8403340470977128
density,0.15,local,5,mixed,20,0.15,15,49,blockage,False,0,0,0,0,0,0.03654096508398652
density,0.15,local,5,mixed,20,0.15,16,49,blockage,False,0,0,0,0,0,0.029500050004571676
density,0.15,local,5,mixed,20,0.15,17,51,blockage,False,2,2,0,1,47,54.77183300536126
density,0.15,local,5,mixed,20,0.15,18,53,blockage,False,3,4,1,2,36,50.87441700743511
density,0.15,local,5,mixed,20,0.15,19,54,blockage,False,0,0,0,0,0,0.047625042498111725
density,0.15,local,5,mixed,20,0.15,20,55,blockage,False,0,0,0,0,0,0.03549997927621007
density,0.15,local,5,mixed,20,0.15,21,55,blockage,False,0,0,0,0,0,0.029416987672448158
density,0.15,local,5,mixed,20,0.15,22,56,blockage,False,1,2,1,3,18,99.87570799421519
density,0.15,local,5,mixed,20,0.15,23,60,blockage,True,3,4,1,2,113,315.5382919940166
density,0.15,local,5,mixed,20,0.15,24,61,blockage,True,1,2,1,3,53,261.23379199998453
density,0.15,local,5,mixed,20,0.15,25,62,blockage,False,0,0,0,0,0,0.05212496034801006
density,0.15,local,5,mixed,20,0.15,26,63,blockage,False,0,0,0,0,0,0.03574998117983341
density,0.15,local,5,mixed,20,0.15,27,64,blockage,False,2,2,0,1,52,188.92699998104945
density,0.15,local,5,mixed,20,0.15,28,65,blockage,False,3,3,0,1,101,146.12720801960677
density,0.15,local,5,mixed,20,0.15,29,65,blockage,True,5,7,2,3,73,188.43141698744148
density,0.15,local,5,mixed,20,0.15,30,65,blockage,False,0,0,0,0,0,0.14562503201887012
density,0.15,local,5,mixed,20,0.15,31,66,blockage,False,2,2,0,1,6,4.814417043235153
density,0.15,local,5,mixed,20,0.15,32,68,blockage,False,3,3,0,1,58,37.94454096350819
density,0.15,local,5,mixed,20,0.15,33,68,blockage,False,0,0,0,0,0,0.058166973758488894
density,0.15,local,5,mixed,20,0.15,34,74,blockage,False,0,0,0,0,0,0.04195800283923745
density,0.15,local,5,mixed,20,0.15,35,75,blockage,True,2,2,0,1,2,2.5563749950379133
density,0.15,local,5,mixed,20,0.15,36,76,blockage,False,1,1,0,1,1,3.2154580112546682
density,0.15,local,5,mixed,20,0.15,37,78,blockage,False,3,3,0,1,27,177.68591601634398
density,0.15,local,5,mixed,20,0.15,38,81,blockage,False,0,0,0,0,0,0.058207951951771975
density,0.15,local,5,mixed,20,0.15,39,85,emergency,True,1,1,0,1,35,111.2627909751609
density,0.15,local,5,mixed,20,0.15,40,86,blockage,False,1,1,0,1,47,221.45050001563504
density,0.15,local,5,mixed,20,0.15,41,91,blockage,False,1,1,0,1,2,9.385334036778659
density,0.15,local,5,mixed,20,0.15,42,92,blockage,False,1,1,0,1,36,68.07949999347329
density,0.15,local,5,mixed,20,0.15,43,95,blockage,True,1,1,0,1,35,25.76841600239277
density,0.15,local,5,mixed,20,0.15,44,104,blockage,False,1,1,0,1,2,3.8902080268599093
density,0.15,local,1,mixed,20,0.15,0,9,blockage,False,2,2,0,1,91,549.5408340357244
density,0.15,local,1,mixed,20,0.15,1,9,blockage,False,1,1,0,1,38,59.32816700078547
density,0.15,local,1,mixed,20,0.15,2,10,emergency,True,1,1,0,1,90,469.4604579708539
density,0.15,local,1,mixed,20,0.15,3,11,blockage,True,5,6,1,3,198,889.7557079908438
density,0.15,local,1,mixed,20,0.15,4,12,blockage,False,4,4,0,1,60,93.83695799624547
density,0.15,local,1,mixed,20,0.15,5,14,blockage,False,1,2,1,2,7,50.34033296396956
density,0.15,local,1,mixed,20,0.15,6,16,blockage,True,9,10,1,3,176,1403.4376249765046
density,0.15,local,1,mixed,20,0.15,7,21,blockage,True,7,8,1,3,168,742.04662500415
density,0.15,local,1,mixed,20,0.15,8,21,blockage,True,12,14,2,2,196,825.5476669874042
density,0.15,local,1,mixed,20,0.15,9,29,blockage,False,1,1,0,1,2,1.1616249685175717
density,0.15,local,1,mixed,20,0.15,10,32,blockage,False,0,0,0,0,0,0.03783300053328276
density,0.15,local,1,mixed,20,0.15,11,35,blockage,False,0,0,0,0,0,0.03229198046028614
density,0.15,local,1,mixed,20,0.15,12,36,blockage,False,2,5,3,3,62,441.72549998620525
density,0.15,local,1,mixed,20,0.15,13,38,blockage,False,0,0,0,0,0,0.05083298310637474
density,0.15,local,1,mixed,20,0.15,14,39,emergency,True,1,2,1,3,20,53.8802919909358
density,0.15,local,1,mixed,20,0.15,15,43,blockage,False,1,1,0,1,28,19.615833007264882
density,0.15,local,1,mixed,20,0.15,16,43,blockage,True,8,9,1,2,185,588.9280830160715
density,0.15,local,1,mixed,20,0.15,17,47,blockage,True,8,8,0,1,127,237.92920797131956
density,0.15,local,1,mixed,20,0.15,18,48,blockage,True,6,6,0,1,191,1573.2495000120252
density,0.15,local,1,mixed,20,0.15,19,60,blockage,False,1,1,0,1,1,0.6055840058252215
density,0.15,local,1,mixed,20,0.15,20,71,blockage,False,0,0,0,0,0,0.03829097840934992
density,0.15,local,1,mixed,20,0.15,21,71,blockage,False,1,1,0,1,2,1.0376250138506293
density,0.15,local,1,mixed,20,0.15,22,73,breakdown,True,8,10,2,3,124,315.35945896757767
density,0.15,local,1,mixed,20,0.15,23,75,blockage,False,1,1,0,1,6,4.591667035128921
density,0.15,local,1,mixed,20,0.15,24,77,blockage,False,4,9,5,4,489,1670.4751659999602
density,0.15,local,1,mixed,20,0.15,25,77,breakdown,True,5,5,0,1,122,623.8103330251761
density,0.15,local,1,mixed,20,0.15,26,80,blockage,False,1,1,0,1,17,300.07679102709517
density,0.15,local,1,mixed,20,0.15,27,81,blockage,False,0,0,0,0,0,0.05729094846174121
density,0.15,local,1,mixed,20,0.15,28,82,blockage,True,4,6,2,2,98,304.26916701253504
density,0.15,local,1,mixed,20,0.15,29,83,blockage,False,2,4,2,3,69,1422.700833005365
density,0.15,local,1,mixed,20,0.15,30,83,blockage,False,1,1,0,1,36,3.522000042721629
density,0.15,local,1,mixed,20,0.15,31,83,blockage,False,1,2,1,2,37,236.49450001539662
density,0.15,local,1,mixed,20,0.15,32,85,blockage,True,6,8,2,3,356,1738.4917499730363
density,0.15,local,1,mixed,20,0.15,33,89,blockage,False,1,1,0,1,99,793.674334010575
density,0.15,local,1,mixed,20,0.15,34,91,blockage,False,1,1,0,1,0,1.1378329945728183
density,0.15,local,1,mixed,20,0.15,35,95,blockage,False,1,2,1,3,36,92.04145899275318
density,0.15,local,1,mixed,20,0.15,36,95,blockage,False,2,3,1,3,79,311.6208330029622
density,0.15,local,1,mixed,20,0.15,37,107,blockage,False,3,3,0,1,40,90.46933299396187
density,0.15,local,1,mixed,20,0.15,38,108,blockage,False,3,3,0,1,48,24.815291981212795
density,0.15,local,1,mixed,20,0.15,39,109,blockage,False,1,1,0,1,15,12.074750033207238
density,0.15,local,1,mixed,20,0.15,40,110,blockage,False,2,9,7,2,242,886.8933329940774
density,0.15,local,1,mixed,20,0.15,41,111,blockage,False,1,1,0,1,23,62.75145796826109
density,0.15,local,1,mixed,20,0.15,42,112,blockage,False,0,0,0,0,0,0.06233301246538758
density,0.15,local,1,mixed,20,0.15,43,115,blockage,False,0,0,0,0,0,0.041624996811151505
density,0.15,local,1,mixed,20,0.15,44,115,blockage,False,1,2,1,2,16,42.103291023522615
density,0.15,solo,9,mixed,20,0.15,0,11,blockage,True,12,12,0,1,51,88.43079203506932
density,0.15,solo,9,mixed,20,0.15,1,15,blockage,True,3,3,0,1,17,83.8079999666661
density,0.15,solo,9,mixed,20,0.15,2,15,blockage,False,4,4,0,1,18,34.666082996409386
density,0.15,solo,9,mixed,20,0.15,3,16,blockage,False,0,0,0,0,0,0.04650000482797623
density,0.15,solo,9,mixed,20,0.15,4,19,blockage,False,3,17,14,2,198,1800.0418759766035
density,0.15,solo,9,mixed,20,0.15,5,21,blockage,True,10,10,0,1,24,249.8371250112541
density,0.15,solo,9,mixed,20,0.15,6,22,blockage,False,0,0,0,0,0,0.057500030379742384
density,0.15,solo,9,mixed,20,0.15,7,26,blockage,False,1,1,0,1,4,0.9632090223021805
density,0.15,solo,9,mixed,20,0.15,8,26,blockage,False,0,0,0,0,0,0.033958000130951405
density,0.15,solo,9,mixed,20,0.15,9,26,blockage,False,4,4,0,1,12,144.76891700178385
density,0.15,solo,9,mixed,20,0.15,10,30,emergency,True,1,1,0,1,3,5.48216700553894
density,0.15,solo,9,mixed,20,0.15,11,33,blockage,True,0,0,0,0,0,0.14933402417227626
density,0.15,solo,9,mixed,20,0.15,12,35,blockage,False,3,3,0,1,9,36.961000005248934
density,0.15,solo,9,mixed,20,0.15,13,37,blockage,False,0,0,0,0,0,0.0564999645575881
density,0.15,solo,9,mixed,20,0.15,14,42,blockage,True,11,11,0,1,40,147.94004196301103
density,0.15,solo,9,mixed,20,0.15,15,47,blockage,False,0,0,0,0,0,0.057582976296544075
density,0.15,solo,9,mixed,20,0.15,16,52,blockage,False,0,0,0,0,0,0.040417013224214315
density,0.15,solo,9,mixed,20,0.15,17,58,blockage,False,5,5,0,1,15,37.5484999967739
density,0.15,solo,9,mixed,20,0.15,18,59,blockage,False,0,0,0,0,0,0.051709008403122425
density,0.15,solo,9,mixed,20,0.15,19,63,blockage,False,1,1,0,1,3,0.9231669828295708
density,0.15,solo,9,mixed,20,0.15,20,70,blockage,False,1,1,0,1,1,9.483875008299947
density,0.15,solo,9,mixed,20,0.15,21,70,emergency,True,1,1,0,1,4,5.094958993140608
density,0.15,solo,9,mixed,20,0.15,22,72,blockage,True,7,7,0,1,18,12.044625007547438
density,0.15,solo,9,mixed,20,0.15,23,72,blockage,False,2,2,0,1,2,3.3383339759893715
density,0.15,solo,9,mixed,20,0.15,24,72,blockage,True,5,5,0,1,9,206.65774994995445
density,0.15,solo,9,mixed,20,0.15,25,75,blockage,False,1,1,0,1,0,0.5612079985439777
density,0.15,solo,9,mixed,20,0.15,26,78,blockage,True,6,6,0,1,8,61.4178329706192
density,0.15,solo,9,mixed,20,0.15,27,79,blockage,False,2,2,0,1,7,4.565625044051558
density,0.15,solo,9,mixed,20,0.15,28,82,blockage,False,3,3,0,1,10,33.84087502490729
density,0.15,solo,9,mixed,20,0.15,29,84,blockage,False,2,2,0,1,2,13.870916969608516
density,0.15,solo,9,mixed,20,0.15,30,84,blockage,False,0,0,0,0,0,0.04962499951943755
density,0.15,solo,9,mixed,20,0.15,31,85,blockage,True,9,9,0,1,24,61.095458979252726
density,0.15,solo,9,mixed,20,0.15,32,87,blockage,False,4,4,0,1,9,43.011208006646484
density,0.15,solo,9,mixed,20,0.15,33,88,blockage,False,1,1,0,1,1,5.855249997694045
density,0.15,solo,9,mixed,20,0.15,34,93,blockage,False,5,5,0,1,14,42.47508296975866
density,0.15,solo,9,mixed,20,0.15,35,93,breakdown,False,1,1,0,1,4,62.15650000376627
density,0.15,solo,9,mixed,20,0.15,36,99,blockage,False,0,0,0,0,0,0.057958008255809546
density,0.15,solo,9,mixed,20,0.15,37,102,blockage,True,0,0,0,0,0,0.13987498823553324
density,0.15,solo,9,mixed,20,0.15,38,102,breakdown,False,2,2,0,1,9,2.699207980185747
density,0.15,solo,9,mixed,20,0.15,39,103,blockage,False,6,6,0,1,15,92.19879197189584
density,0.15,solo,9,mixed,20,0.15,40,108,blockage,False,0,0,0,0,0,0.0552500132471323
density,0.15,solo,9,mixed,20,0.15,41,109,blockage,False,2,2,0,1,4,1.868042047135532
density,0.15,solo,9,mixed,20,0.15,42,114,blockage,False,1,1,0,1,2,0.9546250221319497
density,0.15,solo,9,mixed,20,0.15,43,119,blockage,False,6,6,0,1,12,49.95816602604464
density,0.15,solo,9,mixed,20,0.15,44,120,blockage,True,1,1,0,1,3,1.1931249755434692
density,0.15,local,9,mixed,20,0.15,0,11,blockage,True,12,14,2,3,491,1674.3259170325473
density,0.15,local,9,mixed,20,0.15,1,15,blockage,True,3,4,1,2,145,296.7233330127783
density,0.15,local,9,mixed,20,0.15,2,15,blockage,False,4,6,2,3,183,495.85045798448846
density,0.15,local,9,mixed,20,0.15,3,16,blockage,False,0,0,0,0,0,0.050250033382326365
density,0.15,local,9,mixed,20,0.15,4,19,blockage,False,3,10,7,4,343,349.2385830031708
density,0.15,local,9,mixed,20,0.15,5,21,blockage,True,10,15,5,3,397,1224.2062499863096
density,0.15,local,9,mixed,20,0.15,6,22,blockage,False,0,0,0,0,0,0.04700000863522291
density,0.15,local,9,mixed,20,0.15,7,26,blockage,False,2,2,0,1,20,22.20125001622364
density,0.15,local,9,mixed,20,0.15,8,26,blockage,False,0,0,0,0,0,0.048874993808567524
density,0.15,local,9,mixed,20,0.15,9,26,blockage,False,5,6,1,3,190,604.0562080452219
density,0.15,local,9,mixed,20,0.15,10,30,emergency,True,1,2,1,2,16,26.829292008187622
density,0.15,local,9,mixed,20,0.15,11,33,blockage,True,0,0,0,0,0,0.15137495938688517
density,0.15,local,9,mixed,20,0.15,12,35,blockage,False,5,5,0,1,338,1766.7722920305096
density,0.15,local,9,mixed,20,0.15,13,37,blockage,False,0,0,0,0,0,0.0482079922221601
density,0.15,local,9,mixed,20,0.15,14,42,blockage,True,10,13,3,3,282,743.3924590004608
density,0.15,local,9,mixed,20,0.15,15,47,blockage,False,0,0,0,0,0,0.11991598876193166
density,0.15,local,9,mixed,20,0.15,16,52,blockage,False,0,0,0,0,0,0.1056670444086194
density,0.15,local,9,mixed,20,0.15,17,58,blockage,False,1,1,0,1,3,3.0262499931268394
density,0.15,local,9,mixed,20,0.15,18,59,blockage,False,0,0,0,0,0,0.13170798774808645
density,0.15,local,9,mixed,20,0.15,19,63,blockage,False,2,2,0,1,7,11.801416054368019
density,0.15,local,9,mixed,20,0.15,20,70,blockage,False,1,1,0,1,23,129.45604196283966
density,0.15,local,9,mixed,20,0.15,21,70,emergency,True,1,2,1,2,13,23.333874996751547
density,0.15,local,9,mixed,20,0.15,22,72,blockage,True,9,9,0,1,121,82.97645801212639
density,0.15,local,9,mixed,20,0.15,23,72,blockage,False,2,2,0,1,4,4.645207955036312
density,0.15,local,9,mixed,20,0.15,24,72,blockage,True,5,6,1,2,32,284.53445801278576
density,0.15,local,9,mixed,20,0.15,25,75,blockage,False,1,1,0,1,1,1.0339160216972232
density,0.15,local,9,mixed,20,0.15,26,78,blockage,True,8,8,0,1,160,724.9129580450244
density,0.15,local,9,mixed,20,0.15,27,79,blockage,False,3,3,0,3,45,150.73254198068753
density,0.15,local,9,mixed,20,0.15,28,82,blockage,False,1,2,1,3,31,32.69179200287908
density,0.15,local,9,mixed,20,0.15,29,84,blockage,False,0,0,0,0,0,0.0570000265724957
density,0.15,local,9,mixed,20,0.15,30,84,blockage,False,0,0,0,0,0,0.034916040021926165
density,0.15,local,9,mixed,20,0.15,31,85,blockage,True,6,7,1,3,145,273.69862503837794
density,0.15,local,9,mixed,20,0.15,32,87,blockage,False,2,2,0,1,4,1.17425003554672
density,0.15,local,9,mixed,20,0.15,33,88,blockage,False,0,0,0,0,0,0.04287500632926822
density,0.15,local,9,mixed,20,0.15,34,93,blockage,False,1,1,0,1,18,3.9122499874792993
density,0.15,local,9,mixed,20,0.15,35,93,breakdown,False,1,1,0,1,1,33.910833997651935
density,0.15,local,9,mixed,20,0.15,36,99,blockage,False,2,2,0,1,50,419.8365830234252
density,0.15,local,9,mixed,20,0.15,37,102,blockage,True,3,3,0,1,66,116.16808397229761
density,0.15,local,9,mixed,20,0.15,38,102,breakdown,False,3,3,0,1,36,47.27700003422797
density,0.15,local,9,mixed,20,0.15,39,103,blockage,False,4,4,0,1,34,46.732792048715055
density,0.15,local,9,mixed,20,0.15,40,108,blockage,False,0,0,0,0,0,0.05308300023898482
density,0.15,local,9,mixed,20,0.15,41,109,blockage,False,3,6,3,3,149,454.4370420044288
density,0.15,local,9,mixed,20,0.15,42,114,blockage,False,2,2,0,1,6,9.951458952855319
density,0.15,local,9,mixed,20,0.15,43,119,blockage,False,3,3,0,1,87,52.25333402631804
density,0.15,local,9,mixed,20,0.15,44,120,blockage,True,1,2,1,3,29,107.76291700312868
density,0.15,full,2,mixed,20,0.15,0,10,blockage,False,1,8,7,5,40,120.82091701449826
density,0.15,full,2,mixed,20,0.15,1,12,blockage,False,0,0,0,5,40,123.51983302505687
density,0.15,full,2,mixed,20,0.15,2,14,blockage,False,1,10,9,5,40,102.84916701493785
density,0.15,full,2,mixed,20,0.15,3,15,blockage,False,4,5,1,5,40,114.29479200160131
density,0.15,full,2,mixed,20,0.15,4,15,blockage,False,1,1,0,5,40,92.63774997089058
density,0.15,full,2,mixed,20,0.15,5,18,blockage,False,2,12,10,5,40,80.88808303000405
density,0.15,full,2,mixed,20,0.15,6,20,blockage,False,1,4,3,5,40,80.93458402436227
density,0.15,full,2,mixed,20,0.15,7,20,blockage,False,0,0,0,5,40,90.08799999719486
density,0.15,full,2,mixed,20,0.15,8,26,blockage,False,0,9,9,5,40,88.04458397207782
density,0.15,full,2,mixed,20,0.15,9,27,blockage,False,1,1,0,5,40,70.77087496872991
density,0.15,full,2,mixed,20,0.15,10,27,blockage,False,1,2,1,5,40,59.11066598491743
density,0.15,full,2,mixed,20,0.15,11,29,blockage,False,5,12,7,5,40,72.87487504072487
density,0.15,full,2,mixed,20,0.15,12,29,blockage,False,1,1,0,5,40,64.45779197383672
density,0.15,full,2,mixed,20,0.15,13,32,blockage,False,1,8,7,5,40,84.48499999940395
density,0.15,full,2,mixed,20,0.15,14,36,blockage,False,2,18,16,5,40,144.15533299325034
density,0.15,full,2,mixed,20,0.15,15,40,emergency,True,1,16,15,5,40,116.54191702837124
density,0.15,full,2,mixed,20,0.15,16,41,breakdown,False,1,16,15,5,40,127.13525001890957
density,0.15,full,2,mixed,20,0.15,17,43,blockage,False,4,13,9,5,40,53.07629099115729
density,0.15,full,2,mixed,20,0.15,18,44,blockage,False,2,7,5,5,40,58.46120900241658
density,0.15,full,2,mixed,20,0.15,19,46,blockage,False,0,0,0,5,40,65.0059999898076
density,0.15,full,2,mixed,20,0.15,20,49,blockage,False,4,18,14,5,40,52.22850001882762
density,0.15,full,2,mixed,20,0.15,21,51,blockage,False,1,1,0,5,40,54.64308301452547
density,0.15,full,2,mixed,20,0.15,22,57,blockage,False,0,0,0,5,40,45.027832966297865
density,0.15,full,2,mixed,20,0.15,23,57,emergency,True,1,13,12,5,40,36.29287501098588
density,0.15,full,2,mixed,20,0.15,24,63,blockage,True,9,17,8,5,40,60.22450001910329
density,0.15,full,2,mixed,20,0.15,25,65,blockage,False,0,0,0,5,40,40.14550003921613
density,0.15,full,2,mixed,20,0.15,26,69,blockage,True,2,5,3,5,40,37.77499997522682
density,0.15,full,2,mixed,20,0.15,27,71,blockage,True,7,15,8,5,40,57.678540993947536
density,0.15,full,2,mixed,20,0.15,28,72,blockage,True,3,3,0,5,40,62.88562499685213
density,0.15,full,2,mixed,20,0.15,29,73,blockage,False,3,6,3,5,40,51.826541021000594
density,0.15,full,2,mixed,20,0.15,30,73,blockage,True,8,16,8,5,40,88.74724997440353
density,0.15,full,2,mixed,20,0.15,31,74,blockage,False,0,0,0,5,40,110.02625001128763
density,0.15,full,2,mixed,20,0.15,32,75,blockage,False,0,4,4,5,40,81.21683303033933
density,0.15,full,2,mixed,20,0.15,33,75,blockage,False,0,0,0,5,40,95.0122500071302
density,0.15,full,2,mixed,20,0.15,34,78,blockage,False,2,2,0,5,40,91.56791598070413
density,0.15,full,2,mixed,20,0.15,35,78,blockage,False,0,0,0,5,40,112.0140419807285
density,0.15,full,2,mixed,20,0.15,36,78,breakdown,False,2,15,13,5,40,106.77820799173787
density,0.15,full,2,mixed,20,0.15,37,80,blockage,False,0,0,0,5,40,87.20316697144881
density,0.15,full,2,mixed,20,0.15,38,83,blockage,False,1,18,17,5,40,64.79179096641019
density,0.15,full,2,mixed,20,0.15,39,86,blockage,False,0,3,3,5,40,30.03337496193126
density,0.15,full,2,mixed,20,0.15,40,90,blockage,True,5,14,9,5,40,54.81554102152586
density,0.15,full,2,mixed,20,0.15,41,90,blockage,False,2,2,0,5,40,42.771374981384724
density,0.15,full,2,mixed,20,0.15,42,94,blockage,True,11,16,5,5,40,80.74262499576434
density,0.15,full,2,mixed,20,0.15,43,97,blockage,False,0,0,0,5,40,50.76220800401643
density,0.15,full,2,mixed,20,0.15,44,99,blockage,False,0,4,4,5,40,55.27520796749741
density,0.15,solo,8,mixed,20,0.15,0,7,blockage,False,0,0,0,0,0,0.04374998388811946
density,0.15,solo,8,mixed,20,0.15,1,7,blockage,False,0,0,0,0,0,0.029166985768824816
density,0.15,solo,8,mixed,20,0.15,2,9,blockage,True,12,12,0,1,28,306.39829102437943
density,0.15,solo,8,mixed,20,0.15,3,9,blockage,False,2,2,0,1,2,9.973583975806832
density,0.15,solo,8,mixed,20,0.15,4,10,blockage,False,0,0,0,0,0,0.04474999150261283
density,0.15,solo,8,mixed,20,0.15,5,14,blockage,False,0,0,0,0,0,0.03329198807477951
density,0.15,solo,8,mixed,20,0.15,6,18,blockage,True,7,7,0,1,17,158.16104196710512
density,0.15,solo,8,mixed,20,0.15,7,18,blockage,True,13,13,0,1,40,80.13283397303894
density,0.15,solo,8,mixed,20,0.15,8,21,blockage,True,9,9,0,1,31,245.86966598872095
density,0.15,solo,8,mixed,20,0.15,9,22,blockage,False,1,1,0,1,4,3.407707961741835
density,0.15,solo,8,mixed,20,0.15,10,22,blockage,False,3,3,0,1,9,75.98920800955966
density,0.15,solo,8,mixed,20,0.15,11,24,blockage,False,0,0,0,0,0,0.053916010074317455
density,0.15,solo,8,mixed,20,0.15,12,25,blockage,True,9,9,0,1,25,352.567000023555
density,0.15,solo,8,mixed,20,0.15,13,26,blockage,False,2,2,0,1,11,13.875083008315414
density,0.15,solo,8,mixed,20,0.15,14,27,blockage,False,7,19,12,2,116,2993.060458044056
density,0.15,solo,8,mixed,20,0.15,15,29,blockage,False,2,2,0,1,6,96.85108298435807
density,0.15,solo,8,mixed,20,0.15,16,32,blockage,False,2,2,0,1,9,28.393665968906134
density,0.15,solo,8,mixed,20,0.15,17,32,blockage,False,1,1,0,1,4,6.271584017667919
density,0.15,solo,8,mixed,20,0.15,18,36,blockage,False,1,1,0,1,5,65.04462502198294
density,0.15,solo,8,mixed,20,0.15,19,40,blockage,False,0,0,0,0,0,0.1160409883596003
density,0.15,solo,8,mixed,20,0.15,20,41,blockage,False,2,2,0,1,1,21.607833041343838
density,0.15,solo,8,mixed,20,0.15,21,44,blockage,False,0,0,0,0,0,0.0570830306969583
density,0.15,solo,8,mixed,20,0.15,22,45,blockage,False,2,10,8,4,34,398.2065420714207
density,0.15,solo,8,mixed,20,0.15,23,45,breakdown,True,3,2,0,1,17,47.10608400637284
density,0.15,solo,8,mixed,20,0.15,24,50,blockage,False,0,0,0,0,0,0.05783402593806386
density,0.15,solo,8,mixed,20,0.15,25,51,blockage,False,1,1,0,1,1,46.30158300278708
density,0.15,solo,8,mixed,20,0.15,26,53,emergency,True,1,1,0,1,3,31.884040974546224
density,0.15,solo,8,mixed,20,0.15,27,61,blockage,True,2,2,0,1,6,23.002957983408123
density,0.15,solo,8,mixed,20,0.15,28,63,blockage,False,3,3,0,1,6,63.93391697201878
density,0.15,solo,8,mixed,20,0.15,29,64,blockage,False,2,2,0,1,4,63.47724999068305
density,0.15,solo,8,mixed,20,0.15,30,64,blockage,False,5,5,0,1,11,126.62462500156835
density,0.15,solo,8,mixed,20,0.15,31,66,blockage,True,11,11,0,1,24,648.7656669924036
density,0.15,solo,8,mixed,20,0.15,32,67,blockage,False,2,2,0,1,3,34.2555419774726
density,0.15,solo,8,mixed,20,0.15,33,71,blockage,False,1,1,0,1,0,108.95833297399804
density,0.15,solo,8,mixed,20,0.15,34,77,blockage,False,0,0,0,0,0,0.058999983593821526
density,0.15,solo,8,mixed,20,0.15,35,80,blockage,False,1,1,0,1,2,10.062333021778613
density,0.15,solo,8,mixed,20,0.15,36,81,breakdown,True,8,8,0,1,35,475.19799997098744
density,0.15,solo,8,mixed,20,0.15,37,83,blockage,True,4,4,0,1,4,137.95175001723692
density,0.15,solo,8,mixed,20,0.15,38,87,emergency,True,1,1,0,1,0,38.40641595888883
density,0.15,solo,8,mixed,20,0.15,39,89,blockage,False,2,2,0,1,3,126.57566700363532
density,0.15,solo,8,mixed,20,0.15,40,92,blockage,False,4,4,0,1,8,49.50404103146866
density,0.15,solo,8,mixed,20,0.15,41,95,blockage,False,0,0,0,0,0,0.12024998432025313
density,0.15,solo,8,mixed,20,0.15,42,97,blockage,False,0,0,0,0,0,0.09195896564051509
density,0.15,solo,8,mixed,20,0.15,43,99,blockage,False,0,0,0,0,0,0.08754199370741844
density,0.15,solo,8,mixed,20,0.15,44,102,blockage,False,0,0,0,0,0,0.09108299855142832
density,0.15,full,3,mixed,20,0.15,0,9,blockage,False,3,11,8,5,40,131.1953749973327
density,0.15,full,3,mixed,20,0.15,1,9,blockage,False,2,7,5,5,40,125.39133400423452
density,0.15,full,3,mixed,20,0.15,2,12,breakdown,True,9,20,11,5,59,76.82912499876693
density,0.15,full,3,mixed,20,0.15,3,18,blockage,False,1,2,1,5,38,78.96554097533226
density,0.15,full,3,mixed,20,0.15,4,18,blockage,False,0,0,0,5,38,49.575667013414204
density,0.15,full,3,mixed,20,0.15,5,20,blockage,False,2,2,0,5,38,55.66854198696092
density,0.15,full,3,mixed,20,0.15,6,20,emergency,True,1,16,15,5,38,288.8003750122152
density,0.15,full,3,mixed,20,0.15,7,21,blockage,False,1,7,6,5,38,310.95566699514166
density,0.15,full,3,mixed,20,0.15,8,22,blockage,False,3,3,0,5,38,232.20570798730478
density,0.15,full,3,mixed,20,0.15,9,22,blockage,False,0,0,0,5,38,264.47866699891165
density,0.15,full,3,mixed,20,0.15,10,24,blockage,False,4,15,11,5,38,92.70508302142844
density,0.15,full,3,mixed,20,0.15,11,32,blockage,False,1,3,2,5,38,86.39266696991399
density,0.15,full,3,mixed,20,0.15,12,32,blockage,False,1,1,0,5,38,69.24704095581546
density,0.15,full,3,mixed,20,0.15,13,34,blockage,False,3,13,10,5,38,85.36299999104813
density,0.15,full,3,mixed,20,0.15,14,34,blockage,True,4,4,0,5,38,84.95945896720514
density,0.15,full,3,mixed,20,0.15,15,42,blockage,False,0,4,4,5,38,56.51045800186694
density,0.15,full,3,mixed,20,0.15,16,44,blockage,False,2,3,1,5,38,77.65683298930526
density,0.15,full,3,mixed,20,0.15,17,48,blockage,False,3,9,6,5,38,59.30629197973758
density,0.15,full,3,mixed,20,0.15,18,51,blockage,False,1,2,1,5,38,74.25441598752514
density,0.15,full,3,mixed,20,0.15,19,52,blockage,True,0,0,0,5,38,42.36279200995341
density,0.15,full,3,mixed,20,0.15,20,53,blockage,True,5,5,0,5,38,54.70179201802239
density,0.15,full,3,mixed,20,0.15,21,56,blockage,False,0,7,7,5,38,86.94029098842293
density,0.15,full,3,mixed,20,0.15,22,58,blockage,False,2,3,1,5,38,56.96695897495374
density,0.15,full,3,mixed,20,0.15,23,59,blockage,True,8,16,8,5,38,44.507874990813434
density,0.15,full,3,mixed,20,0.15,24,65,blockage,False,4,8,4,5,38,44.427292014006525
density,0.15,full,3,mixed,20,0.15,25,65,blockage,False,1,1,0,5,38,35.068041004706174
density,0.15,full,3,mixed,20,0.15,26,65,blockage,False,6,14,8,5,38,60.70475000888109
density,0.15,full,3,mixed,20,0.15,27,68,blockage,False,0,4,4,5,38,48.44829102512449
density,0.15,full,3,mixed,20,0.15,28,69,blockage,False,0,0,0,5,38,49.290791037492454
density,0.15,full,3,mixed,20,0.15,29,69,blockage,False,1,1,0,5,38,51.17137503111735
density,0.15,full,3,mixed,20,0.15,30,69,blockage,False,0,0,0,5,38,32.19491703202948
density,0.15,full,3,mixed,20,0.15,31,71,blockage,False,0,9,9,5,38,25.87566600413993
density,0.15,full,3,mixed,20,0.15,32,73,blockage,False,2,4,2,5,38,24.748917028773576
density,0.15,full,3,mixed,20,0.15,33,74,blockage,False,0,0,0,5,38,24.02762498240918
density,0.15,full,3,mixed,20,0.15,34,74,blockage,False,0,0,0,5,38,33.36712496820837
density,0.15,full,3,mixed,20,0.15,35,87,emergency,True,1,18,17,5,38,47.19191597541794
density,0.15,full,3,mixed,20,0.15,36,93,blockage,False,0,3,3,5,38,19.114666967652738
density,0.15,full,3,mixed,20,0.15,37,93,blockage,False,3,8,5,5,38,17.62954198056832
density,0.15,full,3,mixed,20,0.15,38,94,breakdown,True,6,13,7,5,51,43.672291038092226
density,0.15,full,3,mixed,20,0.15,39,97,blockage,False,1,3,2,5,36,20.26937500340864
density,0.15,full,3,mixed,20,0.15,40,98,blockage,False,0,0,0,5,36,23.917166981846094
density,0.15,full,3,mixed,20,0.15,41,100,blockage,False,2,4,2,5,36,37.0111659867689
density,0.15,full,3,mixed,20,0.15,42,103,blockage,True,3,7,4,5,36,29.52541603008285
density,0.15,full,3,mixed,20,0.15,43,103,blockage,True,6,8,2,5,36,35.3767920169048
density,0.15,full,3,mixed,20,0.15,44,104,blockage,False,1,1,0,5,36,38.69562497129664
density,0.15,full,0,mixed,20,0.15,0,8,blockage,False,1,6,5,5,40,184.33958303648978
density,0.15,full,0,mixed,20,0.15,1,9,blockage,False,3,14,11,5,40,166.47816699696705
density,0.15,full,0,mixed,20,0.15,2,11,blockage,False,1,11,10,5,40,161.28824994666502
density,0.15,full,0,mixed,20,0.15,3,11,blockage,False,0,0,0,5,40,191.48970895912498
density,0.15,full,0,mixed,20,0.15,4,12,blockage,False,0,0,0,5,40,199.73958301125094
density,0.15,full,0,mixed,20,0.15,5,21,breakdown,True,10,20,10,5,59,364.9737499654293
density,0.15,full,0,mixed,20,0.15,6,28,blockage,False,3,19,16,5,38,159.32137495838106
density,0.15,full,0,mixed,20,0.15,7,33,blockage,False,0,3,3,5,38,141.59266703063622
density,0.15,full,0,mixed,20,0.15,8,35,emergency,True,1,10,9,5,38,151.34199999738485
density,0.15,full,0,mixed,20,0.15,9,37,blockage,False,1,4,3,5,38,114.73591602407396
density,0.15,full,0,mixed,20,0.15,10,37,blockage,False,1,1,0,5,38,141.32870797766373
density,0.15,full,0,mixed,20,0.15,11,38,blockage,False,3,3,0,5,38,123.71958297444507
density,0.15,full,0,mixed,20,0.15,12,39,blockage,False,4,16,12,5,38,311.0131659777835
density,0.15,full,0,mixed,20,0.15,13,39,blockage,False,1,1,0,5,38,305.1312080351636
density,0.15,full,0,mixed,20,0.15,14,45,blockage,False,4,8,4,5,38,229.95475004427135
density,0.15,full,0,mixed,20,0.15,15,46,blockage,False,3,19,16,5,38,250.9864999447018
density,0.15,full,0,mixed,20,0.15,16,47,blockage,False,1,18,17,5,38,318.9233329612762
density,0.15,full,0,mixed,20,0.15,17,48,blockage,False,0,18,18,5,38,283.15050003584474
density,0.15,full,0,mixed,20,0.15,18,50,blockage,True,6,19,13,5,38,298.8563749822788
density,0.15,full,0,mixed,20,0.15,19,53,blockage,False,2,18,16,5,38,206.39987505273893
density,0.15,full,0,mixed,20,0.15,20,61,blockage,True,6,6,0,5,38,162.519000004977
density,0.15,full,0,mixed,20,0.15,21,62,blockage,False,0,4,4,5,38,160.85237503284588
density,0.15,full,0,mixed,20,0.15,22,63,blockage,False,2,12,10,5,38,154.6985000022687
density,0.15,full,0,mixed,20,0.15,23,66,blockage,False,2,2,0,5,38,132.45166698470712
density,0.15,full,0,mixed,20,0.15,24,68,breakdown,False,3,16,13,5,38,106.2389169819653
density,0.15,full,0,mixed,20,0.15,25,71,blockage,False,1,7,6,5,38,125.7452080026269
density,0.15,full,0,mixed,20,0.15,26,73,blockage,True,6,13,7,5,38,136.95266703143716
density,0.15,full,0,mixed,20,0.15,27,73,blockage,True,8,17,9,5,38,88.25041697127745
density,0.15,full,0,mixed,20,0.15,28,74,blockage,False,2,18,16,5,38,173.78816596465185
density,0.15,full,0,mixed,20,0.15,29,81,blockage,False,3,19,16,5,38,111.90012498991564
density,0.15,full,0,mixed,20,0.15,30,83,blockage,False,3,15,12,5,38,92.63383399229497
density,0.15,full,0,mixed,20,0.15,31,85,blockage,False,2,2,0,5,38,103.80387504119426
density,0.15,full,0,mixed,20,0.15,32,87,blockage,False,5,15,10,5,38,86.87133400235325
density,0.15,full,0,mixed,20,0.15,33,99,blockage,False,0,16,16,5,38,91.60450001945719
density,0.15,full,0,mixed,20,0.15,34,100,blockage,False,0,13,13,5,38,75.41054103057832
density,0.15,full,0,mixed,20,0.15,35,102,blockage,True,3,7,4,5,38,88.14341702964157
density,0.15,full,0,mixed,20,0.15,36,107,blockage,True,3,11,8,5,38,75.1636250060983
density,0.15,full,0,mixed,20,0.15,37,108,blockage,False,2,6,4,5,38,49.891541013494134
density,0.15,full,0,mixed,20,0.15,38,110,blockage,False,0,0,0,5,38,67.968292045407
density,0.15,full,0,mixed,20,0.15,39,111,blockage,False,4,7,3,5,38,44.14708400145173
density,0.15,full,0,mixed,20,0.15,40,111,blockage,False,1,1,0,5,38,46.7257080017589
density,0.15,full,0,mixed,20,0.15,41,113,emergency,True,1,18,17,5,38,52.46112495660782
density,0.15,full,0,mixed,20,0.15,42,116,blockage,True,3,6,3,5,38,35.804999992251396
density,0.15,full,0,mixed,20,0.15,43,117,blockage,False,1,3,2,5,38,35.56604101322591
density,0.15,full,0,mixed,20,0.15,44,119,blockage,False,2,17,15,5,38,33.629040990490466
density,0.15,full,4,mixed,20,0.15,0,12,blockage,False,1,9,8,5,40,85.87645902298391
density,0.15,full,4,mixed,20,0.15,1,13,blockage,True,8,18,10,5,40,113.40975004713982
density,0.15,full,4,mixed,20,0.15,2,14,blockage,False,2,7,5,5,40,114.74116705358028
density,0.15,full,4,mixed,20,0.15,3,15,blockage,True,4,13,9,5,40,92.17016695765778
density,0.15,full,4,mixed,20,0.15,4,16,blockage,False,2,11,9,5,40,124.98470896389335
density,0.15,full,4,mixed,20,0.15,5,18,breakdown,False,1,4,3,5,40,121.32529204245657
density,0.15,full,4,mixed,20,0.15,6,19,blockage,False,1,4,3,5,40,141.8317910283804
density,0.15,full,4,mixed,20,0.15,7,21,blockage,False,1,1,0,5,40,110.87591701652855
density,0.15,full,4,mixed,20,0.15,8,24,blockage,True,5,19,14,5,40,131.9851249572821
density,0.15,full,4,mixed,20,0.15,9,24,blockage,False,1,8,7,5,40,104.01254199678078
density,0.15,full,4,mixed,20,0.15,10,29,blockage,False,1,8,7,5,40,109.49379100929946
density,0.15,full,4,mixed,20,0.15,11,29,blockage,False,2,2,0,5,40,102.90216701105237
density,0.15,full,4,mixed,20,0.15,12,35,blockage,False,0,10,10,5,40,134.21466702129692
density,0.15,full,4,mixed,20,0.15,13,35,blockage,False,4,11,7,5,40,141.21191704180092
density,0.15,full,4,mixed,20,0.15,14,36,blockage,False,1,12,11,5,40,114.0391249791719
density,0.15,full,4,mixed,20,0.15,15,41,blockage,True,5,13,8,5,40,101.12116602249444
density,0.15,full,4,mixed,20,0.15,16,43,blockage,False,1,1,0,5,40,95.76841699890792
density,0.15,full,4,mixed,20,0.15,17,44,blockage,False,2,15,13,5,40,104.17516698362306
density,0.15,full,4,mixed,20,0.15,18,44,breakdown,False,2,9,7,5,40,127.60974996490404
density,0.15,full,4,mixed,20,0.15,19,51,blockage,False,0,0,0,5,40,117.89799999678507
density,0.15,full,4,mixed,20,0.15,20,52,blockage,True,8,17,9,5,40,83.11329199932516
density,0.15,full,4,mixed,20,0.15,21,54,blockage,False,2,10,8,5,40,102.0032080123201
density,0.15,full,4,mixed,20,0.15,22,56,blockage,False,0,0,0,5,40,65.25916600367054
density,0.15,full,4,mixed,20,0.15,23,57,blockage,False,2,13,11,5,40,111.5669590071775
density,0.15,full,4,mixed,20,0.15,24,60,blockage,False,0,5,5,5,40,51.96508398512378
density,0.15,full,4,mixed,20,0.15,25,61,blockage,False,0,13,13,5,40,49.833707977086306
density,0.15,full,4,mixed,20,0.15,26,66,blockage,False,1,7,6,5,40,72.8214579867199
density,0.15,full,4,mixed,20,0.15,27,68,blockage,False,1,1,0,5,40,65.18500001402572
density,0.15,full,4,mixed,20,0.15,28,68,blockage,True,2,15,13,5,40,47.37466596998274
density,0.15,full,4,mixed,20,0.15,29,69,blockage,False,0,0,0,5,40,62.51604197314009
density,0.15,full,4,mixed,20,0.15,30,70,blockage,False,2,2,0,5,40,53.0377920367755
density,0.15,full,4,mixed,20,0.15,31,70,blockage,True,0,0,0,5,40,62.724415969569236
density,0.15,full,4,mixed,20,0.15,32,75,blockage,False,1,1,0,5,40,69.31266601895913
density,0.15,full,4,mixed,20,0.15,33,77,blockage,False,0,0,0,5,40,54.70562499249354
density,0.15,full,4,mixed,20,0.15,34,85,blockage,True,5,9,4,5,40,34.01162498630583
density,0.15,full,4,mixed,20,0.15,35,88,blockage,True,4,6,2,5,40,46.986041008494794
density,0.15,full,4,mixed,20,0.15,36,89,blockage,False,2,7,5,5,40,45.577374985441566
density,0.15,full,4,mixed,20,0.15,37,94,blockage,False,3,11,8,5,40,41.05266701662913
density,0.15,full,4,mixed,20,0.15,38,98,blockage,False,3,10,7,5,40,54.774415970314294
density,0.15,full,4,mixed,20,0.15,39,99,blockage,True,0,0,0,5,40,41.70149995479733
density,0.15,full,4,mixed,20,0.15,40,99,emergency,True,1,8,7,5,40,45.44016602449119
density,0.15,full,4,mixed,20,0.15,41,100,emergency,True,1,12,11,5,40,57.320999971125275
density,0.15,full,4,mixed,20,0.15,42,102,blockage,False,0,6,6,5,40,48.72904100921005
density,0.15,full,4,mixed,20,0.15,43,103,blockage,False,0,0,0,5,40,59.647624962963164
density,0.15,full,4,mixed,20,0.15,44,105,blockage,False,1,3,2,5,40,58.44795802840963
density,0.15,full,7,mixed,20,0.15,0,8,breakdown,False,2,17,15,5,40,139.67316603520885
density,0.15,full,7,mixed,20,0.15,1,16,blockage,False,0,19,19,5,40,174.0343749988824
density,0.15,full,7,mixed,20,0.15,2,17,blockage,False,0,20,20,5,40,157.50575001584366
density,0.15,full,7,mixed,20,0.15,3,17,blockage,False,0,19,19,5,40,212.20583299873397
density,0.15,full,7,mixed,20,0.15,4,20,blockage,False,1,20,19,5,40,71.41616602893919
density,0.15,full,7,mixed,20,0.15,5,23,blockage,False,1,1,0,5,40,55.72970898356289
density,0.15,full,7,mixed,20,0.15,6,25,blockage,False,1,1,0,5,40,70.95354201737791
density,0.15,full,7,mixed,20,0.15,7,26,blockage,False,2,2,0,5,40,60.84579200251028
density,0.15,full,7,mixed,20,0.15,8,29,blockage,False,1,1,0,5,40,44.29266700753942
density,0.15,full,7,mixed,20,0.15,9,31,blockage,False,3,7,4,5,40,58.475458004977554
density,0.15,full,7,mixed,20,0.15,10,33,blockage,False,0,5,5,5,40,56.33345904061571
density,0.15,full,7,mixed,20,0.15,11,33,blockage,False,3,15,12,5,40,33.85000000707805
density,0.15,full,7,mixed,20,0.15,12,39,blockage,False,0,2,2,5,40,32.41408400936052
density,0.15,full,7,mixed,20,0.15,13,40,blockage,False,1,1,0,5,40,29.752708040177822
density,0.15,full,7,mixed,20,0.15,14,44,blockage,False,3,13,10,5,40,59.047415968962014
density,0.15,full,7,mixed,20,0.15,15,46,blockage,False,3,14,11,5,40,40.01979198073968
density,0.15,full,7,mixed,20,0.15,16,53,blockage,False,0,16,16,5,40,29.221792006865144
density,0.15,full,7,mixed,20,0.15,17,55,blockage,False,2,10,8,5,40,37.90112497517839
density,0.15,full,7,mixed,20,0.15,18,55,blockage,False,4,13,9,5,40,27.779166994150728
density,0.15,full,7,mixed,20,0.15,19,58,blockage,False,2,2,0,5,40,29.445416992530227
density,0.15,full,7,mixed,20,0.15,20,62,breakdown,False,1,12,11,5,40,26.923042023554444
density,0.15,full,7,mixed,20,0.15,21,63,blockage,False,1,8,7,5,40,21.11233299365267
density,0.15,full,7,mixed,20,0.15,22,63,blockage,False,1,10,9,5,40,21.413583017420024
density,0.15,full,7,mixed,20,0.15,23,65,blockage,False,3,3,0,5,40,18.346124968957156
density,0.15,full,7,mixed,20,0.15,24,69,blockage,True,0,0,0,5,40,22.102292045019567
density,0.15,full,7,mixed,20,0.15,25,72,emergency,True,1,14,13,5,40,43.09600003762171
density,0.15,full,7,mixed,20,0.15,26,73,blockage,False,1,3,2,5,40,34.31829100009054
density,0.15,full,7,mixed,20,0.15,27,77,blockage,True,6,13,7,5,40,38.42429199721664
density,0.15,full,7,mixed,20,0.15,28,82,blockage,False,4,13,9,5,40,38.02641696529463
density,0.15,full,7,mixed,20,0.15,29,84,blockage,False,2,13,11,5,40,24.548416025936604
density,0.15,full,7,mixed,20,0.15,30,84,emergency,True,1,17,16,5,40,52.131749980617315
density,0.15,full,7,mixed,20,0.15,31,85,blockage,False,2,14,12,5,40,52.433042030315846
density,0.15,full,7,mixed,20,0.15,32,86,blockage,False,1,9,8,5,40,38.01374998874962
density,0.15,full,7,mixed,20,0.15,33,87,blockage,True,4,9,5,5,40,44.48250000132248
density,0.15,full,7,mixed,20,0.15,34,90,blockage,True,5,5,0,5,40,36.213291983585805
density,0.15,full,7,mixed,20,0.15,35,90,blockage,False,2,6,4,5,40,52.37379198661074
density,0.15,full,7,mixed,20,0.15,36,91,blockage,False,0,0,0,5,40,40.78466596547514
density,0.15,full,7,mixed,20,0.15,37,93,blockage,False,0,2,2,5,40,57.97120800707489
density,0.15,full,7,mixed,20,0.15,38,93,blockage,False,1,8,7,5,40,38.667417014949024
density,0.15,full,7,mixed,20,0.15,39,95,blockage,False,2,11,9,5,40,24.502334010321647
density,0.15,full,7,mixed,20,0.15,40,99,blockage,False,1,8,7,5,40,16.999665996991098
density,0.15,full,7,mixed,20,0.15,41,102,blockage,False,3,18,15,5,40,35.491583053953946
density,0.15,full,7,mixed,20,0.15,42,105,blockage,False,0,3,3,5,40,18.349291989579797
density,0.15,full,7,mixed,20,0.15,43,106,blockage,False,3,13,10,5,40,22.876375005580485
density,0.15,full,7,mixed,20,0.15,44,112,blockage,True,3,13,10,5,40,10.505207988899201
density,0.1,local,8,mixed,20,0.1,0,7,blockage,False,0,0,0,0,0,0.04679197445511818
density,0.1,local,8,mixed,20,0.1,1,9,blockage,True,12,14,2,3,310,3043.2592920260504
density,0.1,local,8,mixed,20,0.1,2,13,emergency,True,1,2,1,2,13,73.44750000629574
density,0.1,local,8,mixed,20,0.1,3,14,blockage,False,0,0,0,0,0,0.04979199729859829
density,0.1,local,8,mixed,20,0.1,4,14,breakdown,False,1,1,0,1,2,17.929708992596716
density,0.1,local,8,mixed,20,0.1,5,18,blockage,True,7,7,0,1,130,391.4130420307629
density,0.1,local,8,mixed,20,0.1,6,21,blockage,True,10,10,0,3,278,1455.6435830309056
density,0.1,local,8,mixed,20,0.1,7,22,blockage,False,1,1,0,1,43,41.544416977558285
density,0.1,local,8,mixed,20,0.1,8,22,blockage,False,4,6,2,3,125,1255.4552080109715
density,0.1,local,8,mixed,20,0.1,9,24,blockage,False,0,0,0,0,0,0.0457499991171062
density,0.1,local,8,mixed,20,0.1,10,25,blockage,True,12,15,3,3,461,6043.250832997728
density,0.1,local,8,mixed,20,0.1,11,26,blockage,False,2,3,1,3,96,404.99487501801923
density,0.1,local,8,mixed,20,0.1,12,26,emergency,True,1,1,0,1,106,604.4690840062685
density,0.1,local,8,mixed,20,0.1,13,27,blockage,False,6,7,1,2,432,5692.103125038557
density,0.1,local,8,mixed,20,0.1,14,32,blockage,False,3,4,1,2,143,1913.2282500504516
density,0.1,local,8,mixed,20,0.1,15,36,blockage,False,7,10,3,4,571,3391.504375031218
density,0.1,local,8,mixed,20,0.1,16,44,blockage,False,0,0,0,0,0,0.05662505282089114
density,0.1,local,8,mixed,20,0.1,17,48,breakdown,False,3,3,0,3,70,687.915249960497
density,0.1,local,8,mixed,20,0.1,18,61,blockage,True,5,18,13,4,718,2224.805749079678
density,0.1,local,8,mixed,20,0.1,19,63,blockage,False,1,1,0,1,44,44.52808300266042
density,0.1,local,8,mixed,20,0.1,20,64,blockage,False,4,16,12,2,510,2679.6250829356723
density,0.1,local,8,mixed,20,0.1,21,64,blockage,False,2,3,1,2,26,160.2205410017632
density,0.1,local,8,mixed,20,0.1,22,67,blockage,False,1,2,1,3,20,49.790208984632045
density,0.1,local,8,mixed,20,0.1,23,71,blockage,False,1,1,0,1,20,21.72050002263859
density,0.1,local,8,mixed,20,0.1,24,80,blockage,False,3,4,1,3,59,79.58679203875363
density,0.1,local,8,mixed,20,0.1,25,83,blockage,True,6,6,0,1,170,819.0012499690056
density,0.1,local,8,mixed,20,0.1,26,89,blockage,False,2,2,0,1,47,25.880707951728255
density,0.1,local,8,mixed,20,0.1,27,92,blockage,False,5,18,13,3,508,1079.6931240474805
density,0.1,local,8,mixed,20,0.1,28,95,blockage,False,1,1,0,1,2,3.728416981175542
density,0.1,local,8,mixed,20,0.1,29,97,blockage,False,1,2,1,2,10,8.404624997638166
density,0.1,local,8,mixed,20,0.1,30,102,blockage,False,1,1,0,1,3,1.6621670220047235
density,0.15,full,5,mixed,20,0.15,0,11,blockage,False,0,18,18,5,40,185.28287502704188
density,0.15,full,5,mixed,20,0.15,1,14,blockage,False,0,0,0,5,40,138.18995899055153
density,0.15,full,5,mixed,20,0.15,2,15,blockage,True,7,13,6,5,40,113.62175003159791
density,0.15,full,5,mixed,20,0.15,3,15,blockage,True,12,18,6,5,40,342.74795901728794
density,0.15,full,5,mixed,20,0.15,4,16,blockage,False,1,6,5,5,40,286.913416988682
density,0.15,full,5,mixed,20,0.15,5,19,emergency,True,1,19,18,5,40,386.93395897280425
density,0.15,full,5,mixed,20,0.15,6,26,blockage,False,4,19,15,5,40,420.2053330373019
density,0.15,full,5,mixed,20,0.15,7,29,blockage,False,0,4,4,5,40,367.38200002582744
density,0.15,full,5,mixed,20,0.15,8,33,breakdown,False,2,20,18,5,40,389.40937496954575
density,0.15,full,5,mixed,20,0.15,9,36,blockage,False,1,17,16,5,40,471.7819999787025
density,0.15,full,5,mixed,20,0.15,10,38,breakdown,False,2,18,16,5,40,338.03379198070616
density,0.15,full,5,mixed,20,0.15,11,40,blockage,True,3,17,14,5,40,326.620334002655
density,0.15,full,5,mixed,20,0.15,12,42,blockage,False,3,18,15,5,40,269.10520798992366
density,0.15,full,5,mixed,20,0.15,13,43,blockage,False,3,17,14,5,40,178.56500000925735
density,0.15,full,5,mixed,20,0.15,14,44,blockage,True,1,17,16,5,40,156.62445896305144
density,0.15,full,5,mixed,20,0.15,15,49,blockage,False,0,0,0,5,40,130.68141700932756
density,0.15,full,5,mixed,20,0.15,16,49,blockage,False,0,0,0,5,40,161.66008298750967
density,0.15,full,5,mixed,20,0.15,17,51,blockage,False,3,11,8,5,40,224.083042005077
density,0.15,full,5,mixed,20,0.15,18,53,blockage,False,2,12,10,5,40,220.04074999131262
density,0.15,full,5,mixed,20,0.15,19,54,blockage,False,0,0,0,5,40,202.73308298783377
density,0.15,full,5,mixed,20,0.15,20,55,blockage,False,0,0,0,5,40,182.24425002699718
density,0.15,full,5,mixed,20,0.15,21,55,blockage,False,0,0,0,5,40,202.4994579842314
density,0.15,full,5,mixed,20,0.15,22,56,blockage,False,1,4,3,5,40,184.91266702767462
density,0.15,full,5,mixed,20,0.15,23,60,blockage,True,3,11,8,5,40,110.01583404140547
density,0.15,full,5,mixed,20,0.15,24,61,blockage,True,0,0,0,5,40,105.84129201015458
density,0.15,full,5,mixed,20,0.15,25,62,blockage,False,2,10,8,5,40,111.40054097631946
density,0.15,full,5,mixed,20,0.15,26,63,blockage,False,2,2,0,5,40,113.61429200042039
density,0.15,full,5,mixed,20,0.15,27,64,blockage,False,2,14,12,5,40,124.79162501404062
density,0.15,full,5,mixed,20,0.15,28,65,blockage,False,0,8,8,5,40,113.96275000879541
density,0.15,full,5,mixed,20,0.15,29,65,blockage,True,6,6,0,5,40,125.47700002323836
density,0.15,full,5,mixed,20,0.15,30,65,blockage,False,0,0,0,5,40,112.4319169903174
density,0.15,full,5,mixed,20,0.15,31,66,blockage,False,1,1,0,5,40,112.76183399604633
density,0.15,full,5,mixed,20,0.15,32,68,blockage,False,0,4,4,5,40,98.37783401599154
density,0.15,full,5,mixed,20,0.15,33,68,blockage,False,1,1,0,5,40,103.0957080074586
density,0.15,full,5,mixed,20,0.15,34,74,blockage,False,2,6,4,5,40,84.00620898464695
density,0.15,full,5,mixed,20,0.15,35,75,blockage,True,2,2,0,5,40,94.77237495593727
density,0.15,full,5,mixed,20,0.15,36,76,blockage,False,1,3,2,5,40,104.09116704249755
density,0.15,full,5,mixed,20,0.15,37,78,blockage,False,0,0,0,5,40,92.97066600993276
density,0.15,full,5,mixed,20,0.15,38,81,blockage,False,2,10,8,5,40,128.90333298128098
density,0.15,full,5,mixed,20,0.15,39,85,emergency,True,1,16,15,5,40,97.13725000619888
density,0.15,full,5,mixed,20,0.15,40,86,blockage,False,1,5,4,5,40,87.53854199312627
density,0.15,full,5,mixed,20,0.15,41,91,blockage,False,2,2,0,5,40,62.70629196660593
density,0.15,full,5,mixed,20,0.15,42,92,blockage,False,1,1,0,5,40,69.1142919822596
density,0.15,full,5,mixed,20,0.15,43,95,blockage,True,2,18,16,5,40,35.03591695334762
density,0.15,full,5,mixed,20,0.15,44,104,blockage,False,0,0,0,5,40,25.605416973121464
density,0.15,full,9,mixed,20,0.15,0,11,blockage,True,12,16,4,5,40,149.7952920035459
density,0.15,full,9,mixed,20,0.15,1,15,blockage,True,6,11,5,5,40,109.76933303754777
density,0.15,full,9,mixed,20,0.15,2,15,blockage,False,4,11,7,5,40,95.1946250279434
density,0.15,full,9,mixed,20,0.15,3,16,blockage,False,0,0,0,5,40,110.90454197255895
density,0.15,full,9,mixed,20,0.15,4,19,blockage,False,3,17,14,5,40,62.58975004311651
density,0.15,full,9,mixed,20,0.15,5,21,blockage,True,13,19,6,5,40,267.54108298337087
density,0.15,full,9,mixed,20,0.15,6,22,blockage,False,0,0,0,5,40,229.17379200225696
density,0.15,full,9,mixed,20,0.15,7,26,blockage,False,1,11,10,5,40,209.20075004687533
density,0.15,full,9,mixed,20,0.15,8,26,blockage,False,1,2,1,5,40,157.62662497581914
density,0.15,full,9,mixed,20,0.15,9,26,blockage,False,6,11,5,5,40,198.6234579817392
density,0.15,full,9,mixed,20,0.15,10,30,emergency,True,1,18,17,5,40,186.76912499358878
density,0.15,full,9,mixed,20,0.15,11,33,blockage,True,0,0,0,5,40,188.04045801516622
density,0.15,full,9,mixed,20,0.15,12,35,blockage,False,5,9,4,5,40,156.23208304168656
density,0.15,full,9,mixed,20,0.15,13,37,blockage,False,1,9,8,5,40,152.7200830169022
density,0.15,full,9,mixed,20,0.15,14,42,blockage,True,13,14,1,5,40,139.15604096837342
density,0.15,full,9,mixed,20,0.15,15,47,blockage,False,0,6,6,5,40,104.95208302745596
density,0.15,full,9,mixed,20,0.15,16,52,blockage,False,3,6,3,5,40,91.27858298597857
density,0.15,full,9,mixed,20,0.15,17,58,blockage,False,5,12,7,5,40,92.74100000038743
density,0.15,full,9,mixed,20,0.15,18,59,blockage,False,0,2,2,5,40,92.01770799700171
density,0.15,full,9,mixed,20,0.15,19,63,blockage,False,2,16,14,5,40,81.96949999546632
density,0.15,full,9,mixed,20,0.15,20,70,blockage,False,0,4,4,5,40,74.39966703532264
density,0.15,full,9,mixed,20,0.15,21,70,emergency,True,1,12,11,5,40,64.22337499679998
density,0.15,full,9,mixed,20,0.15,22,72,blockage,True,9,14,5,5,40,76.81941700866446
density,0.15,full,9,mixed,20,0.15,23,72,blockage,False,1,1,0,5,40,70.47770801000297
density,0.15,full,9,mixed,20,0.15,24,72,blockage,True,5,9,4,5,40,101.90362494904548
density,0.15,full,9,mixed,20,0.15,25,75,blockage,False,0,2,2,5,40,99.58537499187514
density,0.15,full,9,mixed,20,0.15,26,78,blockage,True,8,14,6,5,40,98.42420800123364
density,0.15,full,9,mixed,20,0.15,27,79,blockage,False,2,4,2,5,40,100.73658404871821
density,0.15,full,9,mixed,20,0.15,28,82,blockage,False,1,5,4,5,40,95.69929196732119
density,0.15,full,9,mixed,20,0.15,29,84,blockage,False,4,14,10,5,40,77.29708304395899
density,0.15,full,9,mixed,20,0.15,30,84,blockage,False,0,0,0,5,40,92.41949999704957
density,0.15,full,9,mixed,20,0.15,31,85,blockage,True,4,8,4,5,40,115.44099997263402
density,0.15,full,9,mixed,20,0.15,32,87,blockage,False,2,14,12,5,40,92.03291597077623
density,0.15,full,9,mixed,20,0.15,33,88,blockage,False,0,0,0,5,40,85.39637504145503
density,0.15,full,9,mixed,20,0.15,34,93,blockage,False,1,8,7,5,40,71.78033300442621
density,0.15,full,9,mixed,20,0.15,35,93,breakdown,False,1,8,7,5,40,89.5235410425812
density,0.15,full,9,mixed,20,0.15,36,99,blockage,False,0,0,0,5,40,57.61633301153779
density,0.15,full,9,mixed,20,0.15,37,102,blockage,True,4,9,5,5,40,69.65645804302767
density,0.15,full,9,mixed,20,0.15,38,102,breakdown,False,4,13,9,5,40,83.88237503822893
density,0.15,full,9,mixed,20,0.15,39,103,blockage,False,1,3,2,5,40,76.88879099441692
density,0.15,full,9,mixed,20,0.15,40,108,blockage,False,0,6,6,5,40,62.289124995004386
density,0.15,full,9,mixed,20,0.15,41,109,blockage,False,3,4,1,5,40,55.597416998352855
density,0.15,full,9,mixed,20,0.15,42,114,blockage,False,2,2,0,5,40,45.42558401590213
density,0.15,full,9,mixed,20,0.15,43,119,blockage,False,2,9,7,5,40,43.11741702258587
density,0.15,full,9,mixed,20,0.15,44,120,blockage,True,0,0,0,5,40,43.06195897515863
density,0.15,full,6,mixed,20,0.15,0,9,blockage,False,4,13,9,5,40,126.65033299708739
density,0.15,full,6,mixed,20,0.15,1,9,blockage,False,3,10,7,5,40,127.79624998802319
density,0.15,full,6,mixed,20,0.15,2,10,blockage,False,4,15,11,5,40,179.7047079890035
density,0.15,full,6,mixed,20,0.15,3,11,blockage,False,1,9,8,5,40,115.92058395035565
density,0.15,full,6,mixed,20,0.15,4,11,blockage,False,0,0,0,5,40,137.51570897875354
density,0.15,full,6,mixed,20,0.15,5,13,blockage,False,0,3,3,5,40,124.11783402785659
density,0.15,full,6,mixed,20,0.15,6,14,blockage,False,3,15,12,5,40,150.73270798893645
density,0.15,full,6,mixed,20,0.15,7,19,blockage,True,4,13,9,5,40,105.76387500623241
density,0.15,full,6,mixed,20,0.15,8,21,emergency,True,1,19,18,5,40,269.11299995845184
density,0.15,full,6,mixed,20,0.15,9,25,breakdown,True,12,19,7,5,74,127.92479200288653
density,0.15,full,6,mixed,20,0.15,10,27,blockage,False,0,0,0,5,38,169.11120800068602
density,0.15,full,6,mixed,20,0.15,11,29,blockage,False,2,6,4,5,38,106.17291700327769
density,0.15,full,6,mixed,20,0.15,12,37,blockage,False,4,16,12,5,38,210.19449998857453
density,0.15,full,6,mixed,20,0.15,13,38,blockage,False,0,16,16,5,38,367.8476660279557
density,0.15,full,6,mixed,20,0.15,14,41,blockage,False,2,18,16,5,38,201.73416699981317
density,0.15,full,6,mixed,20,0.15,15,46,blockage,False,0,18,18,5,38,70.10233297478408
density,0.15,full,6,mixed,20,0.15,16,53,blockage,False,5,14,9,5,38,146.9455419573933
density,0.15,full,6,mixed,20,0.15,17,55,blockage,False,1,7,6,5,38,89.16941698407754
density,0.15,full,6,mixed,20,0.15,18,56,blockage,True,12,16,4,5,38,213.06779101723805
density,0.15,full,6,mixed,20,0.15,19,56,blockage,False,1,1,0,5,38,234.19516597641632
density,0.15,full,6,mixed,20,0.15,20,62,blockage,True,5,15,10,5,38,212.53633295418695
density,0.15,full,6,mixed,20,0.15,21,64,blockage,False,3,12,9,5,38,196.10225001815706
density,0.15,full,6,mixed,20,0.15,22,64,breakdown,False,1,14,13,5,38,230.98858300363645
density,0.15,full,6,mixed,20,0.15,23,66,blockage,False,2,9,7,5,38,172.2815420362167
density,0.15,full,6,mixed,20,0.15,24,67,blockage,False,2,8,6,5,38,159.70499999821186
density,0.15,full,6,mixed,20,0.15,25,67,emergency,True,1,13,12,5,38,222.7502089808695
density,0.15,full,6,mixed,20,0.15,26,71,blockage,False,0,7,7,5,38,173.680207983125
density,0.15,full,6,mixed,20,0.15,27,72,blockage,False,1,13,12,5,38,183.48516599508002
density,0.15,full,6,mixed,20,0.15,28,72,blockage,False,1,1,0,5,38,185.88075001025572
density,0.15,full,6,mixed,20,0.15,29,75,blockage,False,1,6,5,5,38,193.76012502470985
density,0.15,full,6,mixed,20,0.15,30,76,blockage,False,0,0,0,5,38,189.38145803986117
density,0.15,full,6,mixed,20,0.15,31,76,blockage,True,6,10,4,5,38,219.23879196401685
density,0.15,full,6,mixed,20,0.15,32,83,blockage,False,4,11,7,5,38,172.72883298574015
density,0.15,full,6,mixed,20,0.15,33,86,blockage,False,3,4,1,5,38,162.08899999037385
density,0.15,full,6,mixed,20,0.15,34,88,blockage,False,0,4,4,5,38,140.88383299531415
density,0.15,full,6,mixed,20,0.15,35,89,blockage,True,6,17,11,5,38,178.5303340293467
density,0.15,full,6,mixed,20,0.15,36,89,blockage,True,4,5,1,5,38,187.2804579907097
density,0.15,full,6,mixed,20,0.15,37,92,blockage,False,0,0,0,5,38,185.64083299133927
density,0.15,full,6,mixed,20,0.15,38,93,blockage,False,0,0,0,5,38,144.62816598825157
density,0.15,full,6,mixed,20,0.15,39,93,blockage,False,2,12,10,5,38,122.22558300709352
density,0.15,full,6,mixed,20,0.15,40,97,blockage,False,2,10,8,5,38,102.74295799899846
density,0.15,full,6,mixed,20,0.15,41,97,blockage,True,0,0,0,5,38,98.62754202913493
density,0.15,full,6,mixed,20,0.15,42,97,blockage,True,7,15,8,5,38,119.0155420335941
density,0.15,full,6,mixed,20,0.15,43,98,blockage,False,0,0,0,5,38,112.53366601886228
density,0.15,full,6,mixed,20,0.15,44,99,blockage,False,1,4,3,5,38,111.90195800736547
density,0.15,full,1,mixed,20,0.15,0,9,blockage,False,2,17,15,5,40,171.74841702217236
density,0.15,full,1,mixed,20,0.15,1,9,blockage,False,1,1,0,5,40,175.07491598371416
density,0.15,full,1,mixed,20,0.15,2,10,emergency,True,1,18,17,5,40,143.09704198967665
density,0.15,full,1,mixed,20,0.15,3,11,blockage,True,8,19,11,5,40,296.13845801213756
density,0.15,full,1,mixed,20,0.15,4,12,blockage,False,4,19,15,5,40,203.25124997179955
density,0.15,full,1,mixed,20,0.15,5,14,blockage,False,1,4,3,5,40,238.1094170268625
density,0.15,full,1,mixed,20,0.15,6,16,blockage,True,11,20,9,5,40,267.3479160293937
density,0.15,full,1,mixed,20,0.15,7,21,blockage,True,10,18,8,5,40,332.1779589750804
density,0.15,full,1,mixed,20,0.15,8,21,blockage,True,12,15,3,5,40,292.48308402020484
density,0.15,full,1,mixed,20,0.15,9,29,blockage,False,1,18,17,5,40,289.2853749799542
density,0.15,full,1,mixed,20,0.15,10,32,blockage,False,0,17,17,5,40,292.3696659854613
density,0.15,full,1,mixed,20,0.15,11,35,blockage,False,1,9,8,5,40,287.0141669991426
density,0.15,full,1,mixed,20,0.15,12,36,blockage,False,3,3,0,5,40,254.76012501167133
density,0.15,full,1,mixed,20,0.15,13,38,blockage,False,1,6,5,5,40,240.6309160287492
density,0.15,full,1,mixed,20,0.15,14,39,emergency,True,1,17,16,5,40,190.17195899505168
density,0.15,full,1,mixed,20,0.15,15,43,blockage,False,1,2,1,5,40,154.63204198749736
density,0.15,full,1,mixed,20,0.15,16,43,blockage,True,9,14,5,5,40,258.0510000116192
density,0.15,full,1,mixed,20,0.15,17,47,blockage,True,10,18,8,5,40,279.20549997361377
density,0.15,full,1,mixed,20,0.15,18,48,blockage,True,10,16,6,5,40,412.9843749688007
density,0.15,full,1,mixed,20,0.15,19,60,blockage,False,1,3,2,5,40,285.46250000363216
density,0.15,full,1,mixed,20,0.15,20,71,blockage,False,1,15,14,5,40,185.4858340229839
density,0.15,full,1,mixed,20,0.15,21,71,blockage,False,2,2,0,5,40,171.7811250127852
density,0.15,full,1,mixed,20,0.15,22,73,breakdown,True,8,17,9,5,56,560.8637089608237
density,0.15,full,1,mixed,20,0.15,23,75,blockage,False,2,17,15,5,38,266.7795839952305
density,0.15,full,1,mixed,20,0.15,24,77,blockage,False,5,18,13,5,38,440.51320804283023
density,0.15,full,1,mixed,20,0.15,25,77,breakdown,True,7,18,11,5,46,501.2289580190554
density,0.15,full,1,mixed,20,0.15,26,80,blockage,False,4,17,13,5,36,271.49112499319017
density,0.15,full,1,mixed,20,0.15,27,81,blockage,False,0,0,0,5,36,240.2310409815982
density,0.15,full,1,mixed,20,0.15,28,82,blockage,True,3,3,0,5,36,269.57475004019216
density,0.15,full,1,mixed,20,0.15,29,83,blockage,False,0,0,0,5,36,258.94324999535456
density,0.15,full,1,mixed,20,0.15,30,83,blockage,False,0,0,0,5,36,230.55779095739126
density,0.15,full,1,mixed,20,0.15,31,83,blockage,False,3,16,13,5,36,302.357624983415
density,0.15,full,1,mixed,20,0.15,32,85,blockage,True,5,5,0,1,43,872.5962499738671
density,0.15,full,1,mixed,20,0.15,33,89,blockage,False,0,11,11,5,36,227.63525001937523
density,0.15,full,1,mixed,20,0.15,34,91,blockage,False,1,2,1,5,36,267.0988750178367
density,0.15,full,1,mixed,20,0.15,35,95,blockage,False,2,9,7,5,36,288.0492080003023
density,0.15,full,1,mixed,20,0.15,36,95,blockage,False,3,14,11,5,36,217.43662498192862
density,0.15,full,1,mixed,20,0.15,37,107,blockage,False,1,4,3,5,36,144.17808299185708
density,0.15,full,1,mixed,20,0.15,38,108,blockage,False,1,12,11,5,36,110.66854203818366
density,0.15,full,1,mixed,20,0.15,39,109,blockage,False,0,0,0,5,36,114.26587501773611
density,0.15,full,1,mixed,20,0.15,40,110,blockage,False,1,2,1,5,36,115.06295797880739
density,0.15,full,1,mixed,20,0.15,41,111,blockage,False,1,3,2,5,36,108.98554098093882
density,0.15,full,1,mixed,20,0.15,42,112,blockage,False,0,0,0,5,36,102.19862504163757
density,0.15,full,1,mixed,20,0.15,43,115,blockage,False,0,3,3,5,36,95.04862502217293
density,0.15,full,1,mixed,20,0.15,44,115,blockage,False,0,0,0,5,36,96.67895903112367
density,0.15,local,8,mixed,20,0.15,0,7,blockage,False,0,0,0,0,0,0.043874955736100674
density,0.15,local,8,mixed,20,0.15,1,7,blockage,False,0,0,0,0,0,0.031333998776972294
density,0.15,local,8,mixed,20,0.15,2,9,blockage,True,12,14,2,3,310,2841.751291998662
density,0.15,local,8,mixed,20,0.15,3,9,blockage,False,1,2,1,3,29,167.58508299244568
density,0.15,local,8,mixed,20,0.15,4,10,blockage,False,0,0,0,0,0,0.05120801506564021
density,0.15,local,8,mixed,20,0.15,5,14,blockage,False,0,0,0,0,0,0.03866699989885092
density,0.15,local,8,mixed,20,0.15,6,18,blockage,True,7,7,0,1,123,414.863082987722
density,0.15,local,8,mixed,20,0.15,7,18,blockage,True,13,14,1,3,440,3739.6176250185817
density,0.15,local,8,mixed,20,0.15,8,21,blockage,True,11,12,1,3,469,5203.882791043725
density,0.15,local,8,mixed,20,0.15,9,22,blockage,False,1,1,0,1,59,385.9805839601904
density,0.15,local,8,mixed,20,0.15,10,22,blockage,False,5,6,1,3,209,1761.6068749921396
density,0.15,local,8,mixed,20,0.15,11,24,blockage,False,0,0,0,0,0,0.05183398025110364
density,0.15,local,8,mixed,20,0.15,12,25,blockage,True,12,16,4,3,517,4673.4176249592565
density,0.15,local,8,mixed,20,0.15,13,26,blockage,False,2,3,1,3,135,773.3672919566743
density,0.15,local,8,mixed,20,0.15,14,27,blockage,False,6,8,2,2,317,1962.2395829646848
density,0.15,local,8,mixed,20,0.15,15,29,blockage,False,2,3,1,2,49,44.7000419953838
density,0.15,local,8,mixed,20,0.15,16,32,blockage,False,2,3,1,3,80,319.5015420205891
density,0.15,local,8,mixed,20,0.15,17,32,blockage,False,2,2,0,2,46,156.59299999242648
density,0.15,local,8,mixed,20,0.15,18,36,blockage,False,5,10,5,3,605,3135.9356259927154
density,0.15,local,8,mixed,20,0.15,19,40,blockage,False,1,1,0,1,4,9.59212495945394
density,0.15,local,8,mixed,20,0.15,20,41,blockage,False,0,0,0,0,0,0.048208050429821014
density,0.15,local,8,mixed,20,0.15,21,44,blockage,False,0,0,0,0,0,0.07241597631946206
density,0.15,local,8,mixed,20,0.15,22,45,blockage,False,4,17,13,4,586,4005.5870420183055
density,0.15,local,8,mixed,20,0.15,23,45,breakdown,True,3,2,0,1,98,1106.726041994989
density,0.15,local,8,mixed,20,0.15,24,50,blockage,False,0,0,0,0,0,0.04920799983665347
density,0.15,local,8,mixed,20,0.15,25,51,blockage,False,2,2,0,1,18,101.67470801388845
density,0.15,local,8,mixed,20,0.15,26,53,emergency,True,1,2,1,3,32,112.47941595502198
density,0.15,local,8,mixed,20,0.15,27,61,blockage,True,4,5,1,3,120,873.5317919636145
density,0.15,local,8,mixed,20,0.15,28,63,blockage,False,3,3,0,3,129,444.7591249481775
density,0.15,local,8,mixed,20,0.15,29,64,blockage,False,2,3,1,3,106,608.9710000087507
density,0.15,local,8,mixed,20,0.15,30,64,blockage,False,2,3,1,3,23,54.09058299846947
density,0.15,local,8,mixed,20,0.15,31,66,blockage,True,9,11,2,3,283,1908.7940829922445
density,0.15,local,8,mixed,20,0.15,32,67,blockage,False,2,2,0,1,38,50.07033399306238
density,0.15,local,8,mixed,20,0.15,33,71,blockage,False,2,2,0,1,98,1284.7058330080472
density,0.15,local,8,mixed,20,0.15,34,77,blockage,False,0,0,0,0,0,0.05420797970145941
density,0.15,local,8,mixed,20,0.15,35,80,blockage,False,2,4,2,3,66,115.26404100004584
density,0.15,local,8,mixed,20,0.15,36,81,breakdown,True,8,8,0,1,124,303.7610829924233
density,0.15,local,8,mixed,20,0.15,37,83,blockage,True,4,4,0,1,93,392.57958298549056
density,0.15,local,8,mixed,20,0.15,38,87,emergency,True,1,1,0,1,24,69.80604102136567
density,0.15,local,8,mixed,20,0.15,39,89,blockage,False,0,0,0,0,0,0.04908296978101134
density,0.15,local,8,mixed,20,0.15,40,92,blockage,False,4,4,0,1,90,290.03712499979883
density,0.15,local,8,mixed,20,0.15,41,95,blockage,False,1,1,0,1,16,94.73954199347645
density,0.15,local,8,mixed,20,0.15,42,97,blockage,False,0,0,0,0,0,0.054709031246602535
density,0.15,local,8,mixed,20,0.15,43,99,blockage,False,1,1,0,1,33,164.69870798755437
density,0.15,local,8,mixed,20,0.15,44,102,blockage,False,0,0,0,0,0,0.06212497828528285
density,0.15,full,8,mixed,20,0.15,0,7,blockage,False,0,5,5,5,40,92.55429200129583
density,0.15,full,8,mixed,20,0.15,1,7,blockage,False,0,0,0,5,40,104.00616697734222
density,0.15,full,8,mixed,20,0.15,2,9,blockage,True,11,18,7,5,40,211.28454199060798
density,0.15,full,8,mixed,20,0.15,3,9,blockage,False,1,1,0,5,40,203.17783404607326
density,0.15,full,8,mixed,20,0.15,4,10,blockage,False,0,2,2,5,40,180.8432920370251
density,0.15,full,8,mixed,20,0.15,5,14,blockage,False,0,5,5,5,40,159.31925002951175
density,0.15,full,8,mixed,20,0.15,6,18,blockage,True,6,6,0,5,40,160.29862500727177
density,0.15,full,8,mixed,20,0.15,7,18,blockage,True,13,17,4,5,40,213.72324996627867
density,0.15,full,8,mixed,20,0.15,8,21,blockage,True,12,18,6,5,40,391.9164579710923
density,0.15,full,8,mixed,20,0.15,9,22,blockage,False,3,6,3,5,40,299.5394999743439
density,0.15,full,8,mixed,20,0.15,10,22,blockage,False,6,19,13,5,40,263.9696670230478
density,0.15,full,8,mixed,20,0.15,11,24,blockage,False,0,10,10,5,40,358.9087500004098
density,0.15,full,8,mixed,20,0.15,12,25,blockage,True,12,20,8,5,40,409.58345803665
density,0.15,full,8,mixed,20,0.15,13,26,blockage,False,3,14,11,5,40,380.77495800098404
density,0.15,full,8,mixed,20,0.15,14,27,blockage,False,5,16,11,5,40,458.41004099929705
density,0.15,full,8,mixed,20,0.15,15,29,blockage,False,3,13,10,5,40,401.81841602316126
density,0.15,full,8,mixed,20,0.15,16,32,blockage,False,2,14,12,5,40,469.3335830233991
density,0.15,full,8,mixed,20,0.15,17,32,blockage,False,1,10,9,5,40,354.998916038312
density,0.15,full,8,mixed,20,0.15,18,36,blockage,False,4,19,15,5,40,336.6372500313446
density,0.15,full,8,mixed,20,0.15,19,40,blockage,False,0,0,0,5,40,309.7576249856502
density,0.15,full,8,mixed,20,0.15,20,41,blockage,False,0,15,15,5,40,283.9019169914536
density,0.15,full,8,mixed,20,0.15,21,44,blockage,False,0,9,9,5,40,189.24829200841486
density,0.15,full,8,mixed,20,0.15,22,45,blockage,False,2,18,16,5,40,324.1913750534877
density,0.15,full,8,mixed,20,0.15,23,45,breakdown,True,12,14,2,3,8516,361205.5772934691
density,0.15,full,8,mixed,20,0.15,24,50,blockage,False,0,0,0,0,19,1057.8296250314452
density,0.15,full,8,mixed,20,0.15,25,51,blockage,False,0,0,0,0,19,1682.6164590311237
density,0.15,full,8,mixed,20,0.15,26,53,emergency,True,1,1,0,1,20,2188.3078750106506
density,0.15,full,8,mixed,20,0.15,27,61,blockage,True,7,7,0,1,43,2148.704249993898
density,0.15,full,8,mixed,20,0.15,28,63,blockage,False,2,2,0,1,25,1931.2892080051824
density,0.15,full,8,mixed,20,0.15,29,64,blockage,False,1,1,0,1,24,2166.9519580318592
density,0.15,full,8,mixed,20,0.15,30,64,blockage,False,2,2,0,1,24,1822.3454580293037
density,0.15,full,8,mixed,20,0.15,31,66,blockage,True,5,5,0,1,31,2237.9708329681307
density,0.15,full,8,mixed,20,0.15,32,67,blockage,False,2,2,0,1,25,1881.3237919821404
density,0.15,full,8,mixed,20,0.15,33,71,blockage,False,1,1,0,1,22,1710.9150830074213
density,0.15,full,8,mixed,20,0.15,34,77,blockage,False,0,0,0,0,19,1701.4743339968845
density,0.15,full,8,mixed,20,0.15,35,80,blockage,False,2,2,0,1,21,2003.2154999789782
density,0.15,full,8,mixed,20,0.15,36,81,breakdown,True,9,9,0,1,45,1863.710124976933
density,0.15,full,8,mixed,20,0.15,37,83,blockage,True,6,6,0,1,30,2268.642333045136
density,0.15,full,8,mixed,20,0.15,38,87,emergency,True,1,1,0,1,20,2076.5277500031516
density,0.15,full,8,mixed,20,0.15,39,89,blockage,False,1,1,0,1,20,1426.2596659827977
density,0.15,full,8,mixed,20,0.15,40,92,blockage,False,5,5,0,1,31,1650.8337500272319
density,0.15,full,8,mixed,20,0.15,41,95,blockage,False,0,0,0,0,18,1745.7486250204965
density,0.15,full,8,mixed,20,0.15,42,97,blockage,False,5,5,0,1,30,2235.276709019672
density,0.15,full,8,mixed,20,0.15,43,99,blockage,False,0,0,0,0,18,2195.9580840193667
density,0.15,full,8,mixed,20,0.15,44,102,blockage,False,0,0,0,0,18,1687.525374989491
