sweep,x,strategy,seed,dtype,n_agents,density,alter_penalty,id,t,kind,permanent,direct,altered,collateral,max_tier,chain_depth,group_replan,messages,cpu_ms
lambda,0.0,local,1,mixed,40,0.03,0.0,0,28,breakdown,False,1,1,0,1,0,False,7,18.152666991227306
lambda,0.0,local,1,mixed,40,0.03,0.0,1,47,blockage,False,0,0,0,0,0,False,0,0.09595800656825304
lambda,0.0,local,1,mixed,40,0.03,0.0,2,53,blockage,True,10,15,5,3,1,False,534,1910.0634170026751
lambda,0.0,local,1,mixed,40,0.03,0.0,3,63,breakdown,False,1,1,0,1,0,False,1,7.4175829940941185
lambda,0.0,local,1,mixed,40,0.03,0.0,4,82,emergency,True,1,8,7,6,0,True,68,160.3132090094732
lambda,0.0,local,1,mixed,40,0.03,0.0,5,88,blockage,False,3,3,0,1,0,False,77,27.776791001087986
lambda,0.0,local,1,mixed,40,0.03,0.0,6,92,blockage,False,1,1,0,1,0,False,33,7.920374991954304
lambda,0.0,local,1,mixed,40,0.03,0.0,7,105,blockage,False,3,9,6,2,2,False,525,316.34641700657085
lambda,0.0,local,1,mixed,40,0.03,0.0,8,111,emergency,True,1,1,0,1,0,False,73,48.78774999815505
lambda,0.0,local,1,mixed,40,0.03,0.0,9,118,blockage,False,2,3,1,2,2,False,59,54.26929199893493
lambda,0.0,local,1,mixed,40,0.03,0.0,10,121,blockage,False,14,19,5,3,2,False,937,378.61754099139944
lambda,0.0,local,1,mixed,40,0.03,0.0,11,127,blockage,False,1,2,1,3,1,False,39,9.640459000365809
lambda,0.0,local,2,mixed,40,0.03,0.0,0,19,blockage,False,1,1,0,1,0,False,1,2.827374992193654
lambda,0.0,local,2,mixed,40,0.03,0.0,1,21,blockage,False,5,7,2,3,1,False,240,1119.787916992209
lambda,0.0,local,2,mixed,40,0.03,0.0,2,30,emergency,True,1,1,0,1,0,False,136,958.2121669955086
lambda,0.0,local,2,mixed,40,0.03,0.0,3,42,emergency,True,1,1,0,1,0,False,49,206.95366700238083
lambda,0.0,local,2,mixed,40,0.03,0.0,4,46,blockage,False,0,0,0,0,0,False,0,0.19370899826753885
lambda,0.0,local,2,mixed,40,0.03,0.0,5,59,breakdown,False,1,1,0,1,0,False,2,2.3625839967280626
lambda,0.0,local,2,mixed,40,0.03,0.0,6,61,blockage,False,2,3,1,2,1,False,87,197.6665830006823
lambda,0.0,local,2,mixed,40,0.03,0.0,7,70,blockage,False,0,0,0,0,0,False,0,0.05212498945184052
lambda,0.0,local,2,mixed,40,0.03,0.0,8,75,blockage,True,9,14,5,3,1,False,370,194.71620800322853
lambda,0.0,local,2,mixed,40,0.03,0.0,9,89,blockage,False,3,3,0,1,0,False,139,64.59737499244511
lambda,0.0,local,2,mixed,40,0.03,0.0,10,94,breakdown,False,4,5,1,3,1,False,147,60.442165995482355
lambda,0.0,local,2,mixed,40,0.03,0.0,11,101,blockage,True,14,26,12,4,1,False,1167,429.9025010113837
lambda,0.0,local,6,mixed,40,0.03,0.0,0,12,blockage,False,5,7,2,2,1,False,460,4101.516916009132
lambda,0.0,local,6,mixed,40,0.03,0.0,1,17,blockage,False,1,1,0,1,0,False,5,3.11933399643749
lambda,0.0,local,6,mixed,40,0.03,0.0,2,19,breakdown,False,4,5,1,3,1,False,170,296.0790000070119
lambda,0.0,local,6,mixed,40,0.03,0.0,3,59,blockage,False,1,1,0,1,0,False,5,0.622792009380646
lambda,0.0,local,6,mixed,40,0.03,0.0,4,65,breakdown,False,1,1,0,1,0,False,3,4.443792000529356
lambda,0.0,local,6,mixed,40,0.03,0.0,5,71,blockage,False,5,5,0,1,0,False,81,19.555624996428378
lambda,0.0,local,6,mixed,40,0.03,0.0,6,92,emergency,True,1,1,0,1,0,False,181,192.47837500006426
lambda,0.0,local,6,mixed,40,0.03,0.0,7,93,blockage,False,3,5,2,3,1,False,233,409.0540420002071
lambda,0.0,local,6,mixed,40,0.03,0.0,8,97,blockage,False,4,4,0,1,0,False,92,20.49016700766515
lambda,0.0,local,6,mixed,40,0.03,0.0,9,98,blockage,False,1,1,0,1,0,False,6,2.4767919967416674
lambda,0.0,local,6,mixed,40,0.03,0.0,10,104,emergency,True,1,2,1,2,1,False,25,5.860042001586407
lambda,0.0,local,6,mixed,40,0.03,0.0,11,114,blockage,False,8,8,0,3,1,False,337,39.357083005597815
lambda,0.0,local,7,mixed,40,0.03,0.0,0,28,blockage,False,2,3,1,2,1,False,19,30.9274169994751
lambda,0.0,local,7,mixed,40,0.03,0.0,1,35,blockage,False,4,7,3,3,1,False,396,2383.8757910125423
lambda,0.0,local,7,mixed,40,0.03,0.0,2,37,blockage,False,6,10,4,3,2,False,299,1223.646792001091
lambda,0.0,local,7,mixed,40,0.03,0.0,3,42,breakdown,True,19,25,6,3,2,False,749,1428.1188749882858
lambda,0.0,local,7,mixed,40,0.03,0.0,4,100,blockage,False,5,7,2,3,1,False,266,74.19374999881256
lambda,0.0,local,7,mixed,40,0.03,0.0,5,106,blockage,True,7,8,1,2,1,False,179,29.281499999342486
lambda,0.0,local,7,mixed,40,0.03,0.0,6,113,blockage,False,3,3,0,1,0,False,28,4.009500000393018
lambda,0.0,local,7,mixed,40,0.03,0.0,7,115,blockage,False,3,3,0,2,1,False,106,11.727832999895327
lambda,0.0,local,7,mixed,40,0.03,0.0,8,119,emergency,True,1,2,1,3,1,False,59,8.345082998857833
lambda,0.0,local,7,mixed,40,0.03,0.0,9,122,emergency,True,1,2,1,3,1,False,34,14.957083010813221
lambda,0.0,local,7,mixed,40,0.03,0.0,10,125,breakdown,False,2,2,0,1,0,False,53,1.6059169865911826
lambda,0.0,local,7,mixed,40,0.03,0.0,11,136,blockage,True,4,5,1,2,1,False,30,6.484083001851104
lambda,0.0,local,9,mixed,40,0.03,0.0,0,10,emergency,True,1,2,1,3,1,False,75,397.57083301083185
lambda,0.0,local,9,mixed,40,0.03,0.0,1,37,blockage,False,1,1,0,1,0,False,55,39.82037500827573
lambda,0.0,local,9,mixed,40,0.03,0.0,2,59,blockage,False,9,23,14,3,1,False,1048,2881.944916007342
lambda,0.0,local,9,mixed,40,0.03,0.0,3,60,blockage,False,2,2,0,1,0,False,34,4.123332997551188
lambda,0.0,local,9,mixed,40,0.03,0.0,4,63,breakdown,False,2,3,1,3,1,False,78,36.81095800129697
lambda,0.0,local,9,mixed,40,0.03,0.0,5,76,blockage,False,0,0,0,0,0,False,0,0.1445420057279989
lambda,0.0,local,9,mixed,40,0.03,0.0,6,80,blockage,False,1,1,0,1,0,False,13,6.8578329955926165
lambda,0.0,local,9,mixed,40,0.03,0.0,7,85,blockage,False,5,7,2,2,2,False,195,214.96712499356363
lambda,0.0,local,9,mixed,40,0.03,0.0,8,100,emergency,True,1,2,1,3,1,False,36,15.317292010877281
lambda,0.0,local,9,mixed,40,0.03,0.0,9,105,breakdown,False,2,2,0,1,0,False,13,3.7078330060467124
lambda,0.0,local,9,mixed,40,0.03,0.0,10,110,blockage,False,1,1,0,1,0,False,2,1.564042002428323
lambda,0.0,local,9,mixed,40,0.03,0.0,11,121,blockage,True,1,1,0,1,0,False,32,20.002874996862374
lambda,0.0,local-flat,1,mixed,40,0.03,0.0,0,28,breakdown,False,1,1,0,1,0,False,7,13.163374998839572
lambda,0.0,local-flat,1,mixed,40,0.03,0.0,1,47,blockage,False,0,0,0,0,0,False,0,0.05966599564999342
lambda,0.0,local-flat,1,mixed,40,0.03,0.0,2,53,blockage,True,10,15,5,3,1,False,508,1289.6866669907467
lambda,0.0,local-flat,1,mixed,40,0.03,0.0,3,63,breakdown,False,1,1,0,1,0,False,1,7.690750004258007
lambda,0.0,local-flat,1,mixed,40,0.03,0.0,4,82,emergency,True,1,1,0,1,0,False,37,57.47854099899996
lambda,0.0,local-flat,1,mixed,40,0.03,0.0,5,88,blockage,False,3,3,0,1,0,False,77,21.900749998167157
lambda,0.0,local-flat,1,mixed,40,0.03,0.0,6,92,blockage,False,1,2,1,3,1,False,38,11.801000000559725
lambda,0.0,local-flat,1,mixed,40,0.03,0.0,7,105,blockage,False,1,1,0,1,0,False,4,0.7672920037293807
lambda,0.0,local-flat,1,mixed,40,0.03,0.0,8,111,emergency,True,1,2,1,2,1,False,28,21.805333002703264
lambda,0.0,local-flat,1,mixed,40,0.03,0.0,9,118,blockage,False,1,1,0,1,0,False,43,3.991167002823204
lambda,0.0,local-flat,1,mixed,40,0.03,0.0,10,121,blockage,False,12,17,5,3,1,False,537,119.51654200674966
lambda,0.0,local-flat,1,mixed,40,0.03,0.0,11,127,blockage,False,1,2,1,3,1,False,45,12.922750000143424
lambda,0.0,local-flat,2,mixed,40,0.03,0.0,0,19,blockage,False,1,1,0,1,0,False,1,0.98470899683889
lambda,0.0,local-flat,2,mixed,40,0.03,0.0,1,21,blockage,False,5,7,2,3,1,False,222,682.4316669953987
lambda,0.0,local-flat,2,mixed,40,0.03,0.0,2,30,emergency,True,1,1,0,1,0,False,108,470.2991249941988
lambda,0.0,local-flat,2,mixed,40,0.03,0.0,3,42,emergency,True,1,1,0,1,0,False,39,109.94054199545644
lambda,0.0,local-flat,2,mixed,40,0.03,0.0,4,46,blockage,False,0,0,0,0,0,False,0,0.053333991672843695
lambda,0.0,local-flat,2,mixed,40,0.03,0.0,5,59,breakdown,False,1,1,0,1,0,False,2,0.9232919983332977
lambda,0.0,local-flat,2,mixed,40,0.03,0.0,6,61,blockage,False,2,3,1,2,1,False,79,157.777915999759
lambda,0.0,local-flat,2,mixed,40,0.03,0.0,7,70,blockage,False,0,0,0,0,0,False,0,0.057666999055072665
lambda,0.0,local-flat,2,mixed,40,0.03,0.0,8,75,blockage,True,9,14,5,3,1,False,368,129.81562499771826
lambda,0.0,local-flat,2,mixed,40,0.03,0.0,9,89,blockage,False,3,3,0,1,0,False,139,66.69083399174269
lambda,0.0,local-flat,2,mixed,40,0.03,0.0,10,94,breakdown,False,4,5,1,3,1,False,147,38.10520799015649
lambda,0.0,local-flat,2,mixed,40,0.03,0.0,11,101,blockage,True,14,26,12,4,1,False,1117,370.7790819898946
lambda,0.0,local,5,mixed,40,0.03,0.0,0,46,blockage,True,7,10,3,3,1,False,580,3608.810749996337
lambda,0.0,local,5,mixed,40,0.03,0.0,1,58,blockage,False,6,9,3,3,2,False,232,250.7998340006452
lambda,0.0,local,5,mixed,40,0.03,0.0,2,68,emergency,True,1,1,0,1,0,False,212,933.0719160061562
lambda,0.0,local,5,mixed,40,0.03,0.0,3,69,emergency,True,1,1,0,1,0,False,121,198.24791699647903
lambda,0.0,local,5,mixed,40,0.03,0.0,4,71,blockage,True,9,12,3,3,2,False,435,512.716957993689
lambda,0.0,local,5,mixed,40,0.03,0.0,5,72,blockage,True,5,10,5,3,2,False,273,336.49841700389516
lambda,0.0,local,5,mixed,40,0.03,0.0,6,73,blockage,False,8,10,2,3,2,False,609,1665.5572500021663
lambda,0.0,local,5,mixed,40,0.03,0.0,7,77,breakdown,True,11,14,3,3,1,False,310,326.88774999405723
lambda,0.0,local,5,mixed,40,0.03,0.0,8,80,breakdown,True,8,11,3,3,1,False,285,326.42345799831674
lambda,0.0,local,5,mixed,40,0.03,0.0,9,88,blockage,False,3,5,2,3,2,False,160,160.4599170095753
lambda,0.0,local,5,mixed,40,0.03,0.0,10,101,blockage,False,1,2,1,2,1,False,19,3.967458993429318
lambda,0.0,local,5,mixed,40,0.03,0.0,11,122,blockage,False,1,1,0,1,0,False,8,0.6319170061033219
lambda,0.0,local,8,mixed,40,0.03,0.0,0,18,emergency,True,1,1,0,1,0,False,87,1174.4760839937953
lambda,0.0,local,8,mixed,40,0.03,0.0,1,22,blockage,True,12,20,8,3,2,False,701,5599.189375003334
lambda,0.0,local,8,mixed,40,0.03,0.0,2,24,breakdown,False,3,6,3,3,2,False,104,233.6404169909656
lambda,0.0,local,8,mixed,40,0.03,0.0,3,29,blockage,False,1,3,2,3,2,False,75,347.137709002709
lambda,0.0,local,8,mixed,40,0.03,0.0,4,48,breakdown,False,2,3,1,3,1,False,45,129.4577090011444
lambda,0.0,local,8,mixed,40,0.03,0.0,5,51,emergency,True,1,2,1,2,1,False,51,51.58545800077263
lambda,0.0,local,8,mixed,40,0.03,0.0,6,52,blockage,False,2,5,3,3,1,False,110,497.492833994329
lambda,0.0,local,8,mixed,40,0.03,0.0,7,80,blockage,False,2,3,1,3,1,False,152,74.04541700088885
lambda,0.0,local,8,mixed,40,0.03,0.0,8,84,blockage,False,7,11,4,3,1,False,494,1274.7071250050794
lambda,0.0,local,8,mixed,40,0.03,0.0,9,109,blockage,False,3,4,1,2,1,False,91,8.741208002902567
lambda,0.0,local,8,mixed,40,0.03,0.0,10,112,blockage,False,1,1,0,1,0,False,3,0.9928340004989877
lambda,0.0,local,8,mixed,40,0.03,0.0,11,115,blockage,False,1,1,0,1,0,False,3,1.4260419993661344
lambda,0.0,local,3,mixed,40,0.03,0.0,0,9,blockage,False,3,3,0,1,0,False,287,3436.002083006315
lambda,0.0,local,3,mixed,40,0.03,0.0,1,10,emergency,True,1,1,0,1,0,False,114,1498.4145420021378
lambda,0.0,local,3,mixed,40,0.03,0.0,2,18,blockage,False,0,0,0,0,0,False,0,0.15449999773409218
lambda,0.0,local,3,mixed,40,0.03,0.0,3,22,blockage,False,6,8,2,3,1,False,590,3393.8944580004318
lambda,0.0,local,3,mixed,40,0.03,0.0,4,50,breakdown,False,2,2,0,1,0,False,64,6.724999999278225
lambda,0.0,local,3,mixed,40,0.03,0.0,5,60,blockage,True,15,19,4,3,1,False,659,1063.0931249907007
lambda,0.0,local,3,mixed,40,0.03,0.0,6,74,blockage,False,3,3,0,1,0,False,172,449.2753339873161
lambda,0.0,local,3,mixed,40,0.03,0.0,7,75,emergency,True,1,1,0,1,0,False,39,83.47991600749083
lambda,0.0,local,3,mixed,40,0.03,0.0,8,86,breakdown,False,2,4,2,2,1,False,48,78.45416599593591
lambda,0.0,local,3,mixed,40,0.03,0.0,9,95,blockage,False,3,3,0,1,0,False,58,7.043083998723887
lambda,0.0,local,3,mixed,40,0.03,0.0,10,100,blockage,False,3,3,0,1,0,False,55,5.841958001838066
lambda,0.0,local,3,mixed,40,0.03,0.0,11,105,blockage,True,10,12,2,3,1,False,378,109.08212499634828
lambda,0.0,local-flat,6,mixed,40,0.03,0.0,0,12,blockage,False,5,7,2,2,1,False,340,1606.2407080025878
lambda,0.0,local-flat,6,mixed,40,0.03,0.0,1,17,blockage,False,1,1,0,1,0,False,5,1.1397920025046915
lambda,0.0,local-flat,6,mixed,40,0.03,0.0,2,19,breakdown,False,4,5,1,3,1,False,168,205.3872910037171
lambda,0.0,local-flat,6,mixed,40,0.03,0.0,3,59,blockage,False,1,1,0,1,0,False,5,1.767666995874606
lambda,0.0,local-flat,6,mixed,40,0.03,0.0,4,65,breakdown,False,1,1,0,1,0,False,3,2.9435830074362457
lambda,0.0,local-flat,6,mixed,40,0.03,0.0,5,71,blockage,False,5,5,0,1,0,False,81,22.32291600375902
lambda,0.0,local-flat,6,mixed,40,0.03,0.0,6,92,emergency,True,1,1,0,1,0,False,157,90.63062501081731
lambda,0.0,local-flat,6,mixed,40,0.03,0.0,7,93,blockage,False,3,5,2,3,1,False,191,119.21991698909551
lambda,0.0,local-flat,6,mixed,40,0.03,0.0,8,97,blockage,False,4,4,0,1,0,False,76,9.711417005746625
lambda,0.0,local-flat,6,mixed,40,0.03,0.0,9,98,blockage,False,1,1,0,1,0,False,6,1.2515840062405914
lambda,0.0,local-flat,6,mixed,40,0.03,0.0,10,104,emergency,True,1,2,1,2,1,False,25,11.902707992703654
lambda,0.0,local-flat,6,mixed,40,0.03,0.0,11,114,blockage,False,8,8,0,3,1,False,337,44.834790998720564
lambda,0.0,local-flat,3,mixed,40,0.03,0.0,0,9,blockage,False,3,3,0,1,0,False,179,677.2404170042137
lambda,0.0,local-flat,3,mixed,40,0.03,0.0,1,10,emergency,True,1,1,0,1,0,False,62,433.5287919966504
lambda,0.0,local-flat,3,mixed,40,0.03,0.0,2,18,blockage,False,0,0,0,0,0,False,0,0.15404199075419456
lambda,0.0,local-flat,3,mixed,40,0.03,0.0,3,22,blockage,False,6,8,2,3,1,False,424,1346.1875409993809
lambda,0.0,local-flat,3,mixed,40,0.03,0.0,4,50,breakdown,False,2,2,0,1,0,False,64,11.037584001314826
lambda,0.0,local-flat,3,mixed,40,0.03,0.0,5,60,blockage,True,15,19,4,3,1,False,577,566.4817079959903
lambda,0.0,local-flat,3,mixed,40,0.03,0.0,6,74,blockage,False,3,3,0,1,0,False,100,96.3483749947045
lambda,0.0,local-flat,3,mixed,40,0.03,0.0,7,75,emergency,True,1,1,0,1,0,False,31,15.174792002653703
lambda,0.0,local-flat,3,mixed,40,0.03,0.0,8,86,breakdown,False,2,4,2,2,1,False,48,48.06166699563619
lambda,0.0,local-flat,3,mixed,40,0.03,0.0,9,95,blockage,False,3,3,0,1,0,False,58,6.553875005920418
lambda,0.0,local-flat,3,mixed,40,0.03,0.0,10,100,blockage,False,3,3,0,1,0,False,55,11.203041998669505
lambda,0.0,local-flat,3,mixed,40,0.03,0.0,11,105,blockage,True,10,12,2,3,1,False,374,132.7966670069145
lambda,0.0,local-flat,9,mixed,40,0.03,0.0,0,10,emergency,True,1,2,1,3,1,False,75,340.68204199138563
lambda,0.0,local-flat,9,mixed,40,0.03,0.0,1,37,blockage,False,1,1,0,1,0,False,55,27.96574999229051
lambda,0.0,local-flat,9,mixed,40,0.03,0.0,2,59,blockage,False,9,23,14,3,1,False,898,1098.6542499886127
lambda,0.0,local-flat,9,mixed,40,0.03,0.0,3,60,blockage,False,2,2,0,1,0,False,34,2.645250002387911
lambda,0.0,local-flat,9,mixed,40,0.03,0.0,4,63,breakdown,False,2,3,1,2,1,False,17,11.675041998387314
lambda,0.0,local-flat,9,mixed,40,0.03,0.0,5,76,blockage,False,0,0,0,0,0,False,0,0.05441698885988444
lambda,0.0,local-flat,9,mixed,40,0.03,0.0,6,80,blockage,False,1,2,1,3,1,False,15,6.786082987673581
lambda,0.0,local-flat,9,mixed,40,0.03,0.0,7,85,blockage,False,5,6,1,2,1,False,111,110.7449999981327
lambda,0.0,local-flat,9,mixed,40,0.03,0.0,8,100,emergency,True,1,2,1,3,1,False,36,5.650499995681457
lambda,0.0,local-flat,9,mixed,40,0.03,0.0,9,105,breakdown,False,2,2,0,1,0,False,13,1.77087499469053
lambda,0.0,local-flat,9,mixed,40,0.03,0.0,10,110,blockage,False,1,2,1,2,1,False,13,10.694917000364512
lambda,0.0,local-flat,9,mixed,40,0.03,0.0,11,121,blockage,True,1,1,0,1,0,False,29,2.8192079917062074
lambda,0.0,local-flat,7,mixed,40,0.03,0.0,0,28,blockage,False,2,3,1,2,1,False,19,31.496832991251722
lambda,0.0,local-flat,7,mixed,40,0.03,0.0,1,35,blockage,False,4,7,3,3,1,False,322,1125.8480419928674
lambda,0.0,local-flat,7,mixed,40,0.03,0.0,2,37,blockage,False,6,10,4,3,1,False,372,1304.5780409884173
lambda,0.0,local-flat,7,mixed,40,0.03,0.0,3,42,breakdown,True,19,26,7,3,1,False,642,843.2909160037525
lambda,0.0,local-flat,7,mixed,40,0.03,0.0,4,100,blockage,False,0,0,0,0,0,False,0,0.0625829998170957
lambda,0.0,local-flat,7,mixed,40,0.03,0.0,5,106,blockage,True,7,9,2,3,1,False,217,47.23766600363888
lambda,0.0,local-flat,7,mixed,40,0.03,0.0,6,113,blockage,False,4,7,3,3,1,False,86,21.187292004469782
lambda,0.0,local-flat,7,mixed,40,0.03,0.0,7,115,blockage,False,4,4,0,1,0,False,64,6.276999993133359
lambda,0.0,local-flat,7,mixed,40,0.03,0.0,8,119,emergency,True,1,1,0,1,0,False,47,5.467249997309409
lambda,0.0,local-flat,7,mixed,40,0.03,0.0,9,122,emergency,True,1,1,0,1,0,False,63,72.15508400986437
lambda,0.0,local-flat,7,mixed,40,0.03,0.0,10,125,breakdown,False,4,4,0,1,0,False,147,12.79258300201036
lambda,0.0,local-flat,7,mixed,40,0.03,0.0,11,136,blockage,True,5,5,0,1,0,False,188,86.57066700106952
lambda,0.0,local-flat,5,mixed,40,0.03,0.0,0,46,blockage,True,7,10,3,3,1,False,428,1715.2420829952462
lambda,0.0,local-flat,5,mixed,40,0.03,0.0,1,58,blockage,False,6,7,1,3,1,False,339,637.6521670026705
lambda,0.0,local-flat,5,mixed,40,0.03,0.0,2,68,emergency,True,1,3,2,3,1,False,96,346.0574580094544
lambda,0.0,local-flat,5,mixed,40,0.03,0.0,3,69,emergency,True,1,1,0,1,0,False,105,165.57429100794252
lambda,0.0,local-flat,5,mixed,40,0.03,0.0,4,71,blockage,True,8,9,1,3,1,False,372,292.7758330042707
lambda,0.0,local-flat,5,mixed,40,0.03,0.0,5,72,blockage,True,5,7,2,3,1,False,217,155.96370899584144
lambda,0.0,local-flat,5,mixed,40,0.03,0.0,6,73,blockage,False,9,12,3,3,1,False,511,1238.610874992446
lambda,0.0,local-flat,5,mixed,40,0.03,0.0,7,77,breakdown,True,12,15,3,3,1,False,425,304.2436249961611
lambda,0.0,local-flat,5,mixed,40,0.03,0.0,8,80,breakdown,True,10,15,5,3,1,False,336,247.08279100013897
lambda,0.0,local-flat,5,mixed,40,0.03,0.0,9,88,blockage,False,2,3,1,3,1,False,95,97.94049999618437
lambda,0.0,local-flat,5,mixed,40,0.03,0.0,10,101,blockage,False,1,1,0,1,0,False,29,5.663625008310191
lambda,0.0,local-flat,5,mixed,40,0.03,0.0,11,122,blockage,False,0,0,0,0,0,False,0,0.07133401231840253
lambda,0.0,local,4,mixed,40,0.03,0.0,0,15,blockage,False,2,3,1,2,1,False,160,1657.8038750012638
lambda,0.0,local,4,mixed,40,0.03,0.0,1,21,emergency,True,1,2,1,2,1,False,50,469.0123750042403
lambda,0.0,local,4,mixed,40,0.03,0.0,2,28,breakdown,True,23,34,11,3,2,False,1516,9590.11254098732
lambda,0.0,local,4,mixed,40,0.03,0.0,3,54,breakdown,False,1,1,0,1,0,False,6,1.178542006528005
lambda,0.0,local,4,mixed,40,0.03,0.0,4,54,emergency,True,1,2,1,2,1,False,10,16.527917003259063
lambda,0.0,local,4,mixed,40,0.03,0.0,5,59,blockage,True,8,17,9,3,2,False,447,2001.9232080085203
lambda,0.0,local,4,mixed,40,0.03,0.0,6,61,blockage,False,0,0,0,0,0,False,0,0.05483299901243299
lambda,0.0,local,4,mixed,40,0.03,0.0,7,64,blockage,False,6,11,5,3,1,False,383,547.5334590009879
lambda,0.0,local,4,mixed,40,0.03,0.0,8,68,blockage,False,3,4,1,2,1,False,167,392.8060829930473
lambda,0.0,local,4,mixed,40,0.03,0.0,9,77,blockage,False,6,12,6,6,1,True,240,311.50749999505933
lambda,0.0,local,4,mixed,40,0.03,0.0,10,99,blockage,True,8,16,8,6,1,True,335,369.413791995612
lambda,0.0,local,4,mixed,40,0.03,0.0,11,110,blockage,False,1,2,1,2,1,False,10,3.70249999104999
lambda,0.0,local-flat,8,mixed,40,0.03,0.0,0,18,emergency,True,1,1,0,1,0,False,61,509.6885840030154
lambda,0.0,local-flat,8,mixed,40,0.03,0.0,1,22,blockage,True,12,19,7,3,1,False,603,3252.7918749983655
lambda,0.0,local-flat,8,mixed,40,0.03,0.0,2,24,breakdown,False,3,3,0,1,0,False,144,361.82291600562166
lambda,0.0,local-flat,8,mixed,40,0.03,0.0,3,29,blockage,False,1,1,0,1,0,False,106,733.4344159899047
lambda,0.0,local-flat,8,mixed,40,0.03,0.0,4,48,breakdown,False,2,2,0,1,0,False,80,512.8290419961559
lambda,0.0,local-flat,8,mixed,40,0.03,0.0,5,51,emergency,True,1,2,1,2,1,False,43,29.467250002198853
lambda,0.0,local-flat,8,mixed,40,0.03,0.0,6,52,blockage,False,2,4,2,3,1,False,100,51.146040990715846
lambda,0.0,local-flat,8,mixed,40,0.03,0.0,7,80,blockage,False,2,2,0,2,1,False,74,31.425332999788225
lambda,0.0,local-flat,8,mixed,40,0.03,0.0,8,84,blockage,False,6,10,4,3,1,False,388,327.76124999509193
lambda,0.0,local-flat,8,mixed,40,0.03,0.0,9,109,blockage,False,4,8,4,3,1,False,231,67.86870800715405
lambda,0.0,local-flat,8,mixed,40,0.03,0.0,10,112,blockage,False,1,1,0,1,0,False,2,0.8820420043775812
lambda,0.0,local-flat,8,mixed,40,0.03,0.0,11,115,blockage,False,3,4,1,2,1,False,35,3.776375000597909
lambda,1.0,local,1,mixed,40,0.03,1.0,0,28,breakdown,False,1,1,0,1,0,False,7,14.736500001163222
lambda,1.0,local,1,mixed,40,0.03,1.0,1,47,blockage,False,0,0,0,0,0,False,0,0.058083998737856746
lambda,1.0,local,1,mixed,40,0.03,1.0,2,53,blockage,True,10,14,4,3,1,False,532,1855.2428749972023
lambda,1.0,local,1,mixed,40,0.03,1.0,3,63,breakdown,False,1,1,0,1,0,False,1,16.783291997853667
lambda,1.0,local,1,mixed,40,0.03,1.0,4,82,emergency,True,1,8,7,6,0,True,68,177.17199999606237
lambda,1.0,local,1,mixed,40,0.03,1.0,5,88,blockage,False,3,3,0,1,0,False,77,12.762083002598956
lambda,1.0,local,1,mixed,40,0.03,1.0,6,92,blockage,False,1,1,0,1,0,False,33,6.979083002079278
lambda,1.0,local,1,mixed,40,0.03,1.0,7,105,blockage,False,3,9,6,2,2,False,525,365.67387499962933
lambda,1.0,local,1,mixed,40,0.03,1.0,8,111,emergency,True,1,1,0,1,0,False,73,41.15683300187811
lambda,1.0,local,1,mixed,40,0.03,1.0,9,118,blockage,False,2,3,1,2,2,False,59,34.82820799399633
lambda,1.0,local,1,mixed,40,0.03,1.0,10,121,blockage,False,14,17,3,3,1,False,1065,481.1527089914307
lambda,1.0,local,1,mixed,40,0.03,1.0,11,127,blockage,False,2,3,1,3,1,False,37,4.43745800293982
lambda,1.0,local,2,mixed,40,0.03,1.0,0,19,blockage,False,1,1,0,1,0,False,1,2.7561250026337802
lambda,1.0,local,2,mixed,40,0.03,1.0,1,21,blockage,False,5,7,2,3,1,False,321,2010.5173330084654
lambda,1.0,local,2,mixed,40,0.03,1.0,2,30,emergency,True,1,1,0,1,0,False,136,924.7024590004003
lambda,1.0,local,2,mixed,40,0.03,1.0,3,42,emergency,True,1,1,0,1,0,False,49,193.2099170080619
lambda,1.0,local,2,mixed,40,0.03,1.0,4,46,blockage,False,0,0,0,0,0,False,0,0.05808300920762122
lambda,1.0,local,2,mixed,40,0.03,1.0,5,59,breakdown,False,1,1,0,1,0,False,2,0.7818330050213262
lambda,1.0,local,2,mixed,40,0.03,1.0,6,61,blockage,False,2,3,1,2,1,False,87,200.4553750011837
lambda,1.0,local,2,mixed,40,0.03,1.0,7,70,blockage,False,0,0,0,0,0,False,0,0.06133300485089421
lambda,1.0,local,2,mixed,40,0.03,1.0,8,75,blockage,True,9,14,5,3,1,False,413,218.86900000390597
lambda,1.0,local,2,mixed,40,0.03,1.0,9,89,blockage,False,3,3,0,1,0,False,139,47.528084003715776
lambda,1.0,local,2,mixed,40,0.03,1.0,10,94,breakdown,False,4,5,1,3,1,False,101,24.259832993266173
lambda,1.0,local,2,mixed,40,0.03,1.0,11,101,blockage,True,14,25,11,4,1,False,1080,316.49470899719745
lambda,0.0,local-flat,4,mixed,40,0.03,0.0,0,15,blockage,False,2,3,1,2,1,False,120,644.4608330057235
lambda,0.0,local-flat,4,mixed,40,0.03,0.0,1,21,emergency,True,1,2,1,2,1,False,34,260.8795830019517
lambda,0.0,local-flat,4,mixed,40,0.03,0.0,2,28,breakdown,True,23,32,9,3,1,False,1485,5848.147124997922
lambda,0.0,local-flat,4,mixed,40,0.03,0.0,3,54,breakdown,False,1,1,0,1,0,False,6,22.4696670047706
lambda,0.0,local-flat,4,mixed,40,0.03,0.0,4,54,emergency,True,1,2,1,2,1,False,10,19.263916998170316
lambda,0.0,local-flat,4,mixed,40,0.03,0.0,5,59,blockage,True,10,14,4,3,1,False,729,2059.4927920028567
lambda,0.0,local-flat,4,mixed,40,0.03,0.0,6,61,blockage,False,0,0,0,0,0,False,0,0.05429099837783724
lambda,0.0,local-flat,4,mixed,40,0.03,0.0,7,64,blockage,False,6,9,3,3,1,False,401,349.59374999743886
lambda,0.0,local-flat,4,mixed,40,0.03,0.0,8,68,blockage,False,1,2,1,3,1,False,95,108.64258400397375
lambda,0.0,local-flat,4,mixed,40,0.03,0.0,9,77,blockage,False,6,7,1,3,1,False,221,263.94729100866243
lambda,0.0,local-flat,4,mixed,40,0.03,0.0,10,99,blockage,True,7,17,10,4,1,False,768,805.1124589983374
lambda,0.0,local-flat,4,mixed,40,0.03,0.0,11,110,blockage,False,1,2,1,2,1,False,7,4.03895799536258
lambda,1.0,local,6,mixed,40,0.03,1.0,0,12,blockage,False,5,7,2,2,1,False,460,4034.81300000567
lambda,1.0,local,6,mixed,40,0.03,1.0,1,17,blockage,False,1,1,0,1,0,False,5,1.0887919925153255
lambda,1.0,local,6,mixed,40,0.03,1.0,2,19,breakdown,False,4,7,3,3,2,False,209,679.5513749966631
lambda,1.0,local,6,mixed,40,0.03,1.0,3,59,blockage,False,1,1,0,1,0,False,6,0.6225840043043718
lambda,1.0,local,6,mixed,40,0.03,1.0,4,65,breakdown,False,1,1,0,1,0,False,4,3.578457995899953
lambda,1.0,local,6,mixed,40,0.03,1.0,5,71,blockage,False,5,5,0,1,0,False,59,10.405583991087042
lambda,1.0,local,6,mixed,40,0.03,1.0,6,92,emergency,True,1,1,0,1,0,False,215,778.2722910051234
lambda,1.0,local,6,mixed,40,0.03,1.0,7,93,blockage,False,3,5,2,3,1,False,283,98.63437499734573
lambda,1.0,local,6,mixed,40,0.03,1.0,8,97,blockage,False,4,4,0,1,0,False,94,23.34362499823328
lambda,1.0,local,6,mixed,40,0.03,1.0,9,98,blockage,False,1,1,0,1,0,False,5,0.43412500235717744
lambda,1.0,local,6,mixed,40,0.03,1.0,10,104,emergency,True,1,1,0,1,0,False,57,9.594125003786758
lambda,1.0,local,6,mixed,40,0.03,1.0,11,114,blockage,False,7,7,0,1,0,False,278,31.912125006783754
lambda,0.0,local-flat,0,mixed,40,0.03,0.0,0,11,blockage,False,3,6,3,3,1,False,297,3412.28241600038
lambda,0.0,local-flat,0,mixed,40,0.03,0.0,1,23,breakdown,False,1,30,29,3,1,False,1270,16605.826041981345
lambda,0.0,local-flat,0,mixed,40,0.03,0.0,2,25,emergency,True,1,2,1,2,1,False,31,123.14641699776985
lambda,0.0,local-flat,0,mixed,40,0.03,0.0,3,27,blockage,False,7,11,4,3,1,False,240,586.9007500004955
lambda,0.0,local-flat,0,mixed,40,0.03,0.0,4,35,blockage,False,4,7,3,2,1,False,118,445.61187499493826
lambda,0.0,local-flat,0,mixed,40,0.03,0.0,5,44,emergency,True,1,2,1,2,1,False,34,70.18845800484996
lambda,0.0,local-flat,0,mixed,40,0.03,0.0,6,59,blockage,False,2,3,1,2,1,False,43,51.60466600500513
lambda,0.0,local-flat,0,mixed,40,0.03,0.0,7,62,blockage,False,2,3,1,3,1,False,86,98.28941700106952
lambda,0.0,local-flat,0,mixed,40,0.03,0.0,8,96,blockage,True,5,5,0,1,0,False,199,83.7338749988703
lambda,0.0,local-flat,0,mixed,40,0.03,0.0,9,104,blockage,False,0,0,0,0,0,False,0,0.05670799873769283
lambda,0.0,local-flat,0,mixed,40,0.03,0.0,10,105,breakdown,False,6,8,2,2,1,False,153,49.36737599200569
lambda,0.0,local-flat,0,mixed,40,0.03,0.0,11,111,blockage,False,1,1,0,1,0,False,5,0.6160409975564107
lambda,1.0,local,5,mixed,40,0.03,1.0,0,46,blockage,True,7,10,3,3,1,False,580,3559.2707920004614
lambda,1.0,local,5,mixed,40,0.03,1.0,1,58,blockage,False,6,6,0,1,0,False,418,1087.064666004153
lambda,1.0,local,5,mixed,40,0.03,1.0,2,68,emergency,True,1,2,1,2,1,False,30,71.73687500471715
lambda,1.0,local,5,mixed,40,0.03,1.0,3,69,emergency,True,1,1,0,1,0,False,119,179.91875000006985
lambda,1.0,local,5,mixed,40,0.03,1.0,4,71,blockage,True,9,12,3,3,1,False,479,776.5915420022793
lambda,1.0,local,5,mixed,40,0.03,1.0,5,72,blockage,True,5,7,2,3,1,False,251,403.43912498792633
lambda,1.0,local,5,mixed,40,0.03,1.0,6,73,blockage,False,8,9,1,3,1,False,493,1332.2188750025816
lambda,1.0,local,5,mixed,40,0.03,1.0,7,77,breakdown,True,12,14,2,3,1,False,369,270.97870799480006
lambda,1.0,local,5,mixed,40,0.03,1.0,8,80,breakdown,True,9,10,1,2,1,False,301,487.3858339997241
lambda,1.0,local,5,mixed,40,0.03,1.0,9,88,blockage,False,3,4,1,3,1,False,167,233.70725000859238
lambda,1.0,local,5,mixed,40,0.03,1.0,10,101,blockage,False,2,3,1,2,1,False,92,77.3105420084903
lambda,1.0,local,5,mixed,40,0.03,1.0,11,122,blockage,False,1,1,0,1,0,False,3,0.5518329999176785
lambda,1.0,local,3,mixed,40,0.03,1.0,0,9,blockage,False,3,3,0,1,0,False,287,3193.5477079969132
lambda,1.0,local,3,mixed,40,0.03,1.0,1,10,emergency,True,1,1,0,1,0,False,114,1475.640457996633
lambda,1.0,local,3,mixed,40,0.03,1.0,2,18,blockage,False,0,0,0,0,0,False,0,0.1440839987481013
lambda,1.0,local,3,mixed,40,0.03,1.0,3,22,blockage,False,6,8,2,3,1,False,828,6056.181082996773
lambda,1.0,local,3,mixed,40,0.03,1.0,4,50,breakdown,False,2,2,0,1,0,False,64,7.482625005650334
lambda,1.0,local,3,mixed,40,0.03,1.0,5,60,blockage,True,15,18,3,3,1,False,673,1323.0695839883992
lambda,1.0,local,3,mixed,40,0.03,1.0,6,74,blockage,False,3,3,0,1,0,False,172,489.424457991845
lambda,1.0,local,3,mixed,40,0.03,1.0,7,75,emergency,True,1,1,0,1,0,False,39,66.33454099937808
lambda,1.0,local,3,mixed,40,0.03,1.0,8,86,breakdown,False,2,4,2,2,1,False,48,75.39454099605791
lambda,1.0,local,3,mixed,40,0.03,1.0,9,95,blockage,False,3,3,0,1,0,False,58,7.949250008095987
lambda,1.0,local,3,mixed,40,0.03,1.0,10,100,blockage,False,3,3,0,1,0,False,55,10.28000000223983
lambda,1.0,local,3,mixed,40,0.03,1.0,11,105,blockage,True,10,12,2,3,1,False,378,107.48175000480842
lambda,1.0,local,7,mixed,40,0.03,1.0,0,28,blockage,False,2,3,1,2,1,False,19,44.518082999275066
lambda,1.0,local,7,mixed,40,0.03,1.0,1,35,blockage,False,4,5,1,3,1,False,390,2483.3157079992816
lambda,1.0,local,7,mixed,40,0.03,1.0,2,37,blockage,False,6,10,4,3,2,False,302,1183.1066250015283
lambda,1.0,local,7,mixed,40,0.03,1.0,3,42,breakdown,True,19,23,4,3,1,False,1041,4454.942291995394
lambda,1.0,local,7,mixed,40,0.03,1.0,4,100,blockage,False,4,5,1,2,1,False,131,65.90879200666677
lambda,1.0,local,7,mixed,40,0.03,1.0,5,106,blockage,True,9,11,2,3,1,False,341,109.8691660008626
lambda,1.0,local,7,mixed,40,0.03,1.0,6,113,blockage,False,3,3,0,1,0,False,37,8.830750011838973
lambda,1.0,local,7,mixed,40,0.03,1.0,7,115,blockage,False,3,4,1,3,1,False,154,87.93708300800063
lambda,1.0,local,7,mixed,40,0.03,1.0,8,119,emergency,True,1,1,0,1,0,False,41,10.338125008274801
lambda,1.0,local,7,mixed,40,0.03,1.0,9,122,emergency,True,1,1,0,1,0,False,90,88.99375000328291
lambda,1.0,local,7,mixed,40,0.03,1.0,10,125,breakdown,False,1,1,0,1,0,False,6,2.4518749996786937
lambda,1.0,local,7,mixed,40,0.03,1.0,11,136,blockage,True,4,4,0,1,0,False,113,38.131500012241304
lambda,1.0,local-flat,1,mixed,40,0.03,1.0,0,28,breakdown,False,1,1,0,1,0,False,7,14.42458298697602
lambda,1.0,local-flat,1,mixed,40,0.03,1.0,1,47,blockage,False,0,0,0,0,0,False,0,0.05541600694414228
lambda,1.0,local-flat,1,mixed,40,0.03,1.0,2,53,blockage,True,10,14,4,3,1,False,506,1350.7670419930946
lambda,1.0,local-flat,1,mixed,40,0.03,1.0,3,63,breakdown,False,1,1,0,1,0,False,1,19.58979199116584
lambda,1.0,local-flat,1,mixed,40,0.03,1.0,4,82,emergency,True,1,1,0,1,0,False,37,75.81641699653119
lambda,1.0,local-flat,1,mixed,40,0.03,1.0,5,88,blockage,False,3,3,0,1,0,False,77,26.437833003001288
lambda,1.0,local-flat,1,mixed,40,0.03,1.0,6,92,blockage,False,1,1,0,1,0,False,39,21.21170799364336
lambda,1.0,local-flat,1,mixed,40,0.03,1.0,7,105,blockage,False,1,1,0,1,0,False,4,0.7439580076606944
lambda,1.0,local-flat,1,mixed,40,0.03,1.0,8,111,emergency,True,1,2,1,2,1,False,28,14.266790996771306
lambda,1.0,local-flat,1,mixed,40,0.03,1.0,9,118,blockage,False,1,1,0,1,0,False,43,3.2053329923655838
lambda,1.0,local-flat,1,mixed,40,0.03,1.0,10,121,blockage,False,12,16,4,3,1,False,704,287.4688340089051
lambda,1.0,local-flat,1,mixed,40,0.03,1.0,11,127,blockage,False,1,4,3,3,1,False,95,32.35458399285562
lambda,1.0,local,9,mixed,40,0.03,1.0,0,10,emergency,True,1,2,1,3,1,False,75,412.3794170009205
lambda,1.0,local,9,mixed,40,0.03,1.0,1,37,blockage,False,1,1,0,1,0,False,55,25.87216599204112
lambda,1.0,local,9,mixed,40,0.03,1.0,2,59,blockage,False,9,24,15,3,2,False,1298,4636.711125000147
lambda,1.0,local,9,mixed,40,0.03,1.0,3,60,blockage,False,2,2,0,1,0,False,38,7.750709002721123
lambda,1.0,local,9,mixed,40,0.03,1.0,4,63,breakdown,False,2,3,1,3,1,False,78,47.826958005316556
lambda,1.0,local,9,mixed,40,0.03,1.0,5,76,blockage,False,0,0,0,0,0,False,0,0.060417005443014205
lambda,1.0,local,9,mixed,40,0.03,1.0,6,80,blockage,False,1,1,0,1,0,False,13,8.900084008928388
lambda,1.0,local,9,mixed,40,0.03,1.0,7,85,blockage,False,5,6,1,2,1,False,185,169.01024999970105
lambda,1.0,local,9,mixed,40,0.03,1.0,8,100,emergency,True,1,8,7,6,0,True,45,6.437916003051214
lambda,1.0,local,9,mixed,40,0.03,1.0,9,105,breakdown,False,2,2,0,1,0,False,12,2.0736250007757917
lambda,1.0,local,9,mixed,40,0.03,1.0,10,110,blockage,False,1,1,0,1,0,False,2,0.3973339917138219
lambda,1.0,local,9,mixed,40,0.03,1.0,11,121,blockage,True,2,2,0,1,0,False,73,5.968750003376044
lambda,1.0,local,8,mixed,40,0.03,1.0,0,18,emergency,True,1,1,0,1,0,False,87,1008.2762090023607
lambda,1.0,local,8,mixed,40,0.03,1.0,1,22,blockage,True,12,20,8,3,2,False,701,5533.732167008566
lambda,1.0,local,8,mixed,40,0.03,1.0,2,24,breakdown,False,3,6,3,3,2,False,104,247.54012501216494
lambda,1.0,local,8,mixed,40,0.03,1.0,3,29,blockage,False,1,3,2,3,2,False,75,323.6337080015801
lambda,1.0,local,8,mixed,40,0.03,1.0,4,48,breakdown,False,2,2,0,1,0,False,136,784.5268749952083
lambda,1.0,local,8,mixed,40,0.03,1.0,5,51,emergency,True,1,1,0,1,0,False,382,1786.690583001473
lambda,1.0,local,8,mixed,40,0.03,1.0,6,52,blockage,False,2,4,2,3,1,False,110,186.59524999384303
lambda,1.0,local,8,mixed,40,0.03,1.0,7,80,blockage,False,2,4,2,3,1,False,110,67.73475000227336
lambda,1.0,local,8,mixed,40,0.03,1.0,8,84,blockage,False,7,14,7,3,2,False,428,791.9330840086332
lambda,1.0,local,8,mixed,40,0.03,1.0,9,109,blockage,False,3,5,2,2,2,False,86,20.980124987545423
lambda,1.0,local,8,mixed,40,0.03,1.0,10,112,blockage,False,1,1,0,1,0,False,3,0.7521660008933395
lambda,1.0,local,8,mixed,40,0.03,1.0,11,115,blockage,False,0,0,0,0,0,False,0,0.040875005652196705
lambda,1.0,local-flat,2,mixed,40,0.03,1.0,0,19,blockage,False,1,1,0,1,0,False,1,1.0660840052878484
lambda,1.0,local-flat,2,mixed,40,0.03,1.0,1,21,blockage,False,5,7,2,3,1,False,265,1014.2695829999866
lambda,1.0,local-flat,2,mixed,40,0.03,1.0,2,30,emergency,True,1,1,0,1,0,False,108,498.80654200387653
lambda,1.0,local-flat,2,mixed,40,0.03,1.0,3,42,emergency,True,1,1,0,1,0,False,39,104.70570898905862
lambda,1.0,local-flat,2,mixed,40,0.03,1.0,4,46,blockage,False,0,0,0,0,0,False,0,0.05454100028146058
lambda,1.0,local-flat,2,mixed,40,0.03,1.0,5,59,breakdown,False,1,1,0,1,0,False,2,0.7938750059111044
lambda,1.0,local-flat,2,mixed,40,0.03,1.0,6,61,blockage,False,2,3,1,2,1,False,79,179.23400001018308
lambda,1.0,local-flat,2,mixed,40,0.03,1.0,7,70,blockage,False,0,0,0,0,0,False,0,0.1409579999744892
lambda,1.0,local-flat,2,mixed,40,0.03,1.0,8,75,blockage,True,9,14,5,3,1,False,411,154.66949999972712
lambda,1.0,local-flat,2,mixed,40,0.03,1.0,9,89,blockage,False,3,3,0,1,0,False,139,58.82262499653734
lambda,1.0,local-flat,2,mixed,40,0.03,1.0,10,94,breakdown,False,4,5,1,3,1,False,101,30.201708010281436
lambda,1.0,local-flat,2,mixed,40,0.03,1.0,11,101,blockage,True,14,25,11,4,1,False,1030,292.3582079965854
lambda,1.0,local-flat,3,mixed,40,0.03,1.0,0,9,blockage,False,3,3,0,1,0,False,179,737.1960829914315
lambda,1.0,local-flat,3,mixed,40,0.03,1.0,1,10,emergency,True,1,1,0,1,0,False,62,496.28558300901204
lambda,1.0,local-flat,3,mixed,40,0.03,1.0,2,18,blockage,False,0,0,0,0,0,False,0,0.06274999759625643
lambda,1.0,local-flat,3,mixed,40,0.03,1.0,3,22,blockage,False,6,8,2,3,1,False,542,2192.3870829923544
lambda,1.0,local-flat,3,mixed,40,0.03,1.0,4,50,breakdown,False,2,2,0,1,0,False,64,8.753333007916808
lambda,1.0,local-flat,3,mixed,40,0.03,1.0,5,60,blockage,True,15,18,3,3,1,False,591,796.9223330001114
lambda,1.0,local-flat,3,mixed,40,0.03,1.0,6,74,blockage,False,3,3,0,1,0,False,100,104.27654199884273
lambda,1.0,local-flat,3,mixed,40,0.03,1.0,7,75,emergency,True,1,1,0,1,0,False,31,23.967417000676505
lambda,1.0,local-flat,3,mixed,40,0.03,1.0,8,86,breakdown,False,2,4,2,2,1,False,48,60.463667003205046
lambda,1.0,local-flat,3,mixed,40,0.03,1.0,9,95,blockage,False,3,3,0,1,0,False,58,10.782165991258807
lambda,1.0,local-flat,3,mixed,40,0.03,1.0,10,100,blockage,False,3,3,0,1,0,False,55,5.859375
lambda,1.0,local-flat,3,mixed,40,0.03,1.0,11,105,blockage,True,10,12,2,3,1,False,374,110.54612499719951
lambda,1.0,local-flat,6,mixed,40,0.03,1.0,0,12,blockage,False,5,7,2,2,1,False,340,1670.7250829931581
lambda,1.0,local-flat,6,mixed,40,0.03,1.0,1,17,blockage,False,1,1,0,1,0,False,5,1.324459008174017
lambda,1.0,local-flat,6,mixed,40,0.03,1.0,2,19,breakdown,False,4,6,2,3,1,False,193,464.46204200037755
lambda,1.0,local-flat,6,mixed,40,0.03,1.0,3,59,blockage,False,1,1,0,1,0,False,6,0.6217079935595393
lambda,1.0,local-flat,6,mixed,40,0.03,1.0,4,65,breakdown,False,1,1,0,1,0,False,4,2.7567500073928386
lambda,1.0,local-flat,6,mixed,40,0.03,1.0,5,71,blockage,False,5,5,0,1,0,False,59,12.665499991271645
lambda,1.0,local-flat,6,mixed,40,0.03,1.0,6,92,emergency,True,1,1,0,1,0,False,159,364.854874991579
lambda,1.0,local-flat,6,mixed,40,0.03,1.0,7,93,blockage,False,3,5,2,3,1,False,283,66.89200000255369
lambda,1.0,local-flat,6,mixed,40,0.03,1.0,8,97,blockage,False,4,4,0,1,0,False,78,20.404833005159162
lambda,1.0,local-flat,6,mixed,40,0.03,1.0,9,98,blockage,False,1,1,0,1,0,False,5,0.35120800021104515
lambda,1.0,local-flat,6,mixed,40,0.03,1.0,10,104,emergency,True,1,1,0,1,0,False,49,2.7331669989507645
lambda,1.0,local-flat,6,mixed,40,0.03,1.0,11,114,blockage,False,7,7,0,3,1,False,242,23.299708002014086
lambda,1.0,local-flat,5,mixed,40,0.03,1.0,0,46,blockage,True,7,10,3,3,1,False,428,1806.6453329956857
lambda,1.0,local-flat,5,mixed,40,0.03,1.0,1,58,blockage,False,6,6,0,1,0,False,372,742.633540998213
lambda,1.0,local-flat,5,mixed,40,0.03,1.0,2,68,emergency,True,1,2,1,2,1,False,22,32.94812500826083
lambda,1.0,local-flat,5,mixed,40,0.03,1.0,3,69,emergency,True,1,1,0,1,0,False,103,101.19512499659322
lambda,1.0,local-flat,5,mixed,40,0.03,1.0,4,71,blockage,True,9,12,3,3,1,False,457,593.1815830117557
lambda,1.0,local-flat,5,mixed,40,0.03,1.0,5,72,blockage,True,5,7,2,3,1,False,229,298.56887500500306
lambda,1.0,local-flat,5,mixed,40,0.03,1.0,6,73,blockage,False,8,9,1,3,1,False,457,1048.0949589982629
lambda,1.0,local-flat,5,mixed,40,0.03,1.0,7,77,breakdown,True,12,14,2,3,1,False,365,217.30066700547468
lambda,1.0,local-flat,5,mixed,40,0.03,1.0,8,80,breakdown,True,9,10,1,2,1,False,301,438.7714169861283
lambda,1.0,local-flat,5,mixed,40,0.03,1.0,9,88,blockage,False,3,4,1,3,1,False,157,159.37433300132398
lambda,1.0,local-flat,5,mixed,40,0.03,1.0,10,101,blockage,False,2,3,1,2,1,False,82,41.04729200480506
lambda,1.0,local-flat,5,mixed,40,0.03,1.0,11,122,blockage,False,1,1,0,1,0,False,3,0.574042001971975
lambda,1.0,local-flat,7,mixed,40,0.03,1.0,0,28,blockage,False,2,3,1,2,1,False,19,42.21666700323112
lambda,1.0,local-flat,7,mixed,40,0.03,1.0,1,35,blockage,False,4,5,1,3,1,False,340,1243.52970799373
lambda,1.0,local-flat,7,mixed,40,0.03,1.0,2,37,blockage,False,6,10,4,3,1,False,378,1330.5744999961462
lambda,1.0,local-flat,7,mixed,40,0.03,1.0,3,42,breakdown,True,19,24,5,3,1,False,784,1569.9907910020556
lambda,1.0,local-flat,7,mixed,40,0.03,1.0,4,100,blockage,False,6,7,1,3,1,False,224,70.41504200606141
lambda,1.0,local-flat,7,mixed,40,0.03,1.0,5,106,blockage,True,6,7,1,3,1,False,165,67.1100839972496
lambda,1.0,local-flat,7,mixed,40,0.03,1.0,6,113,blockage,False,4,5,1,2,1,False,71,16.195875010453165
lambda,1.0,local-flat,7,mixed,40,0.03,1.0,7,115,blockage,False,4,6,2,3,1,False,131,7.64316700224299
lambda,1.0,local-flat,7,mixed,40,0.03,1.0,8,119,emergency,True,1,1,0,1,0,False,4,1.203833002364263
lambda,1.0,local-flat,7,mixed,40,0.03,1.0,9,122,emergency,True,1,1,0,1,0,False,41,26.37400000821799
lambda,1.0,local-flat,7,mixed,40,0.03,1.0,10,125,breakdown,False,3,4,1,2,1,False,77,20.024292010930367
lambda,1.0,local-flat,7,mixed,40,0.03,1.0,11,136,blockage,True,4,4,0,3,1,False,205,173.74233300506603
lambda,1.0,local-flat,9,mixed,40,0.03,1.0,0,10,emergency,True,1,2,1,3,1,False,75,369.3004579981789
lambda,1.0,local-flat,9,mixed,40,0.03,1.0,1,37,blockage,False,1,1,0,1,0,False,55,29.574542000773363
lambda,1.0,local-flat,9,mixed,40,0.03,1.0,2,59,blockage,False,9,22,13,3,1,False,1088,1850.1014570065308
lambda,1.0,local-flat,9,mixed,40,0.03,1.0,3,60,blockage,False,2,2,0,1,0,False,34,4.964624997228384
lambda,1.0,local-flat,9,mixed,40,0.03,1.0,4,63,breakdown,False,2,3,1,3,1,False,78,55.14941699220799
lambda,1.0,local-flat,9,mixed,40,0.03,1.0,5,76,blockage,False,0,0,0,0,0,False,0,0.06729199958499521
lambda,1.0,local-flat,9,mixed,40,0.03,1.0,6,80,blockage,False,1,1,0,1,0,False,13,9.830250011873432
lambda,1.0,local-flat,9,mixed,40,0.03,1.0,7,85,blockage,False,5,6,1,2,1,False,145,178.57404200185556
lambda,1.0,local-flat,9,mixed,40,0.03,1.0,8,100,emergency,True,1,1,0,1,0,False,37,16.5061669977149
lambda,1.0,local-flat,9,mixed,40,0.03,1.0,9,105,breakdown,False,2,2,0,1,0,False,13,2.5275410007452592
lambda,1.0,local-flat,9,mixed,40,0.03,1.0,10,110,blockage,False,1,1,0,1,0,False,61,13.028916000621393
lambda,1.0,local-flat,9,mixed,40,0.03,1.0,11,121,blockage,True,2,2,0,1,0,False,32,4.715832998044789
lambda,0.0,local,0,mixed,40,0.03,0.0,0,11,blockage,False,3,6,3,3,1,False,393,4551.364291008213
lambda,0.0,local,0,mixed,40,0.03,0.0,1,23,breakdown,False,1,31,30,3,1,False,1867,30627.0311660046
lambda,0.0,local,0,mixed,40,0.03,0.0,2,25,emergency,True,1,2,1,2,1,False,31,89.31708399904892
lambda,0.0,local,0,mixed,40,0.03,0.0,3,27,blockage,False,6,10,4,2,1,False,279,1690.375625010347
lambda,0.0,local,0,mixed,40,0.03,0.0,4,35,blockage,False,5,11,6,3,2,False,249,801.9777500012424
lambda,0.0,local,0,mixed,40,0.03,0.0,5,44,emergency,True,1,1,0,1,0,False,135,764.548624996678
lambda,0.0,local,0,mixed,40,0.03,0.0,6,59,blockage,False,1,1,0,1,0,False,28,126.06524999137037
lambda,0.0,local,0,mixed,40,0.03,0.0,7,62,blockage,False,1,2,1,3,1,False,44,8.23566700273659
lambda,0.0,local,0,mixed,40,0.03,0.0,8,96,blockage,True,4,9,5,2,2,False,145,164.15787499863654
lambda,0.0,local,0,mixed,40,0.03,0.0,9,104,blockage,False,0,0,0,0,0,False,0,0.05358298949431628
lambda,0.0,local,0,mixed,40,0.03,0.0,10,105,breakdown,False,3,3,0,1,0,False,69,9.437833999982104
lambda,0.0,local,0,mixed,40,0.03,0.0,11,111,blockage,False,1,1,0,1,0,False,2,0.6602920038858429
lambda,1.0,local-flat,8,mixed,40,0.03,1.0,0,18,emergency,True,1,1,0,1,0,False,61,467.42904199345503
lambda,1.0,local-flat,8,mixed,40,0.03,1.0,1,22,blockage,True,12,19,7,3,1,False,603,3170.0644590018783
lambda,1.0,local-flat,8,mixed,40,0.03,1.0,2,24,breakdown,False,3,3,0,1,0,False,144,385.55670899222605
lambda,1.0,local-flat,8,mixed,40,0.03,1.0,3,29,blockage,False,1,1,0,1,0,False,106,664.6452079876326
lambda,1.0,local-flat,8,mixed,40,0.03,1.0,4,48,breakdown,False,2,2,0,1,0,False,80,479.98883300169837
lambda,1.0,local-flat,8,mixed,40,0.03,1.0,5,51,emergency,True,1,2,1,2,1,False,43,24.293750000651926
lambda,1.0,local-flat,8,mixed,40,0.03,1.0,6,52,blockage,False,2,4,2,3,1,False,100,84.96395801194012
lambda,1.0,local-flat,8,mixed,40,0.03,1.0,7,80,blockage,False,2,3,1,3,1,False,120,43.31666599318851
lambda,1.0,local-flat,8,mixed,40,0.03,1.0,8,84,blockage,False,6,7,1,3,1,False,406,414.0469580015633
lambda,1.0,local-flat,8,mixed,40,0.03,1.0,9,109,blockage,False,2,3,1,2,1,False,20,10.922957997536287
lambda,1.0,local-flat,8,mixed,40,0.03,1.0,10,112,blockage,False,1,1,0,1,0,False,3,2.147916005924344
lambda,1.0,local-flat,8,mixed,40,0.03,1.0,11,115,blockage,False,2,2,0,1,0,False,141,28.891708003357053
lambda,3.0,local,2,mixed,40,0.03,3.0,0,19,blockage,False,1,1,0,1,0,False,1,1.043458003550768
lambda,3.0,local,2,mixed,40,0.03,3.0,1,21,blockage,False,5,7,2,3,1,False,269,1314.2880420055008
lambda,3.0,local,2,mixed,40,0.03,3.0,2,30,emergency,True,1,1,0,1,0,False,136,904.3382090021623
lambda,3.0,local,2,mixed,40,0.03,3.0,3,42,emergency,True,1,1,0,1,0,False,49,175.3655000065919
lambda,3.0,local,2,mixed,40,0.03,3.0,4,46,blockage,False,0,0,0,0,0,False,0,0.054374992032535374
lambda,3.0,local,2,mixed,40,0.03,3.0,5,59,breakdown,False,1,1,0,1,0,False,2,0.7620830001542345
lambda,3.0,local,2,mixed,40,0.03,3.0,6,61,blockage,False,2,5,3,2,2,False,96,234.05316700518597
lambda,3.0,local,2,mixed,40,0.03,3.0,7,70,blockage,False,0,0,0,0,0,False,0,0.05433299520518631
lambda,3.0,local,2,mixed,40,0.03,3.0,8,75,blockage,True,7,9,2,3,1,False,296,198.847375009791
lambda,3.0,local,2,mixed,40,0.03,3.0,9,89,blockage,False,6,6,0,1,0,False,523,283.40454198769294
lambda,3.0,local,2,mixed,40,0.03,3.0,10,94,breakdown,False,4,5,1,3,1,False,96,37.48716700647492
lambda,3.0,local,2,mixed,40,0.03,3.0,11,101,blockage,True,13,13,0,4,1,False,401,172.99516599450726
lambda,3.0,local,1,mixed,40,0.03,3.0,0,28,breakdown,False,1,1,0,1,0,False,7,10.49237500410527
lambda,3.0,local,1,mixed,40,0.03,3.0,1,47,blockage,False,0,0,0,0,0,False,0,0.05554199742618948
lambda,3.0,local,1,mixed,40,0.03,3.0,2,53,blockage,True,10,11,1,3,1,False,704,3103.510749991983
lambda,3.0,local,1,mixed,40,0.03,3.0,3,63,breakdown,False,1,1,0,1,0,False,1,16.498166005476378
lambda,3.0,local,1,mixed,40,0.03,3.0,4,82,emergency,True,1,1,0,1,0,False,61,221.8624999950407
lambda,3.0,local,1,mixed,40,0.03,3.0,5,88,blockage,False,3,3,0,1,0,False,75,26.5403750090627
lambda,3.0,local,1,mixed,40,0.03,3.0,6,92,blockage,False,1,1,0,1,0,False,39,16.877083005965687
lambda,3.0,local,1,mixed,40,0.03,3.0,7,105,blockage,False,1,1,0,1,0,False,4,1.8772089970298111
lambda,3.0,local,1,mixed,40,0.03,3.0,8,111,emergency,True,1,1,0,1,0,False,62,13.712750005652197
lambda,3.0,local,1,mixed,40,0.03,3.0,9,118,blockage,False,2,2,0,1,0,False,111,63.342082998133264
lambda,3.0,local,1,mixed,40,0.03,3.0,10,121,blockage,False,11,14,3,3,1,False,770,522.980916997767
lambda,3.0,local,1,mixed,40,0.03,3.0,11,127,blockage,False,1,1,0,1,0,False,62,26.3619170000311
lambda,1.0,local-flat,4,mixed,40,0.03,1.0,0,15,blockage,False,2,3,1,2,1,False,120,677.1893340046518
lambda,1.0,local-flat,4,mixed,40,0.03,1.0,1,21,emergency,True,1,2,1,2,1,False,34,266.40941700316034
lambda,1.0,local-flat,4,mixed,40,0.03,1.0,2,28,breakdown,True,23,30,7,3,1,False,1412,5826.17987501726
lambda,1.0,local-flat,4,mixed,40,0.03,1.0,3,54,breakdown,False,2,2,0,1,0,False,180,1010.796709000715
lambda,1.0,local-flat,4,mixed,40,0.03,1.0,4,54,emergency,True,1,2,1,3,1,False,44,122.7026249980554
lambda,1.0,local-flat,4,mixed,40,0.03,1.0,5,59,blockage,True,9,13,4,3,1,False,735,2829.1895409929566
lambda,1.0,local-flat,4,mixed,40,0.03,1.0,6,61,blockage,False,0,0,0,0,0,False,0,0.05874999624211341
lambda,1.0,local-flat,4,mixed,40,0.03,1.0,7,64,blockage,False,6,9,3,3,1,False,281,280.48700001090765
lambda,1.0,local-flat,4,mixed,40,0.03,1.0,8,68,blockage,False,3,5,2,3,1,False,153,164.92395800014492
lambda,1.0,local-flat,4,mixed,40,0.03,1.0,9,77,blockage,False,5,5,0,3,1,False,228,459.6291670022765
lambda,1.0,local-flat,4,mixed,40,0.03,1.0,10,99,blockage,True,6,8,2,3,1,False,213,169.23070800839923
lambda,1.0,local-flat,4,mixed,40,0.03,1.0,11,110,blockage,False,1,2,1,2,1,False,7,2.692334004677832
lambda,3.0,local,6,mixed,40,0.03,3.0,0,12,blockage,False,5,7,2,2,1,False,364,2451.6413749952335
lambda,3.0,local,6,mixed,40,0.03,3.0,1,17,blockage,False,1,1,0,1,0,False,5,2.2667500015813857
lambda,3.0,local,6,mixed,40,0.03,3.0,2,19,breakdown,False,4,6,2,3,1,False,207,755.7176249974873
lambda,3.0,local,6,mixed,40,0.03,3.0,3,59,blockage,False,1,1,0,1,0,False,6,0.6789579929318279
lambda,3.0,local,6,mixed,40,0.03,3.0,4,65,breakdown,False,1,1,0,1,0,False,4,5.008958003600128
lambda,3.0,local,6,mixed,40,0.03,3.0,5,71,blockage,False,5,5,0,1,0,False,59,12.758458004100248
lambda,3.0,local,6,mixed,40,0.03,3.0,6,92,emergency,True,1,1,0,1,0,False,215,817.8026249952381
lambda,3.0,local,6,mixed,40,0.03,3.0,7,93,blockage,False,3,5,2,3,1,False,265,72.6303330011433
lambda,3.0,local,6,mixed,40,0.03,3.0,8,97,blockage,False,4,4,0,1,0,False,94,31.357375002698973
lambda,3.0,local,6,mixed,40,0.03,3.0,9,98,blockage,False,1,1,0,1,0,False,5,0.9855000098468736
lambda,3.0,local,6,mixed,40,0.03,3.0,10,104,emergency,True,1,1,0,1,0,False,57,10.282415998517536
lambda,3.0,local,6,mixed,40,0.03,3.0,11,114,blockage,False,7,7,0,1,0,False,240,28.393375003361143
lambda,1.0,local,4,mixed,40,0.03,1.0,0,15,blockage,False,2,3,1,2,1,False,160,1532.3397499887506
lambda,1.0,local,4,mixed,40,0.03,1.0,1,21,emergency,True,1,2,1,2,1,False,50,459.7612079960527
lambda,1.0,local,4,mixed,40,0.03,1.0,2,28,breakdown,True,23,32,9,3,2,False,1805,16590.837709009065
lambda,1.0,local,4,mixed,40,0.03,1.0,3,54,breakdown,False,2,2,0,1,0,False,202,1555.803666007705
lambda,1.0,local,4,mixed,40,0.03,1.0,4,54,emergency,True,1,2,1,2,1,False,10,13.248125003883615
lambda,1.0,local,4,mixed,40,0.03,1.0,5,59,blockage,True,11,18,7,3,2,False,748,3160.9350829967298
lambda,1.0,local,4,mixed,40,0.03,1.0,6,61,blockage,False,0,0,0,0,0,False,0,0.05708300159312785
lambda,1.0,local,4,mixed,40,0.03,1.0,7,64,blockage,False,6,8,2,3,1,False,356,291.813292002189
lambda,1.0,local,4,mixed,40,0.03,1.0,8,68,blockage,False,4,5,1,3,1,False,383,7829.127999997581
lambda,1.0,local,4,mixed,40,0.03,1.0,9,77,blockage,False,6,6,0,3,1,False,279,507.3368750017835
lambda,1.0,local,4,mixed,40,0.03,1.0,10,99,blockage,True,8,11,3,3,2,False,234,68.38095899729524
lambda,1.0,local,4,mixed,40,0.03,1.0,11,110,blockage,False,3,10,7,3,1,False,347,48.06575000111479
lambda,3.0,local,7,mixed,40,0.03,3.0,0,28,blockage,False,2,2,0,1,0,False,59,122.72216699784622
lambda,3.0,local,7,mixed,40,0.03,3.0,1,35,blockage,False,4,5,1,3,1,False,324,1745.0014159985585
lambda,3.0,local,7,mixed,40,0.03,3.0,2,37,blockage,False,6,8,2,3,1,False,400,1226.2388749950333
lambda,3.0,local,7,mixed,40,0.03,3.0,3,42,breakdown,True,19,23,4,3,1,False,1036,3827.2666669945465
lambda,3.0,local,7,mixed,40,0.03,3.0,4,100,blockage,False,5,6,1,3,1,False,275,161.40558299957775
lambda,3.0,local,7,mixed,40,0.03,3.0,5,106,blockage,True,9,11,2,3,2,False,259,99.91283300041687
lambda,3.0,local,7,mixed,40,0.03,3.0,6,113,blockage,False,4,4,0,1,0,False,131,38.000583997927606
lambda,3.0,local,7,mixed,40,0.03,3.0,7,115,blockage,False,4,5,1,3,1,False,184,23.14441699127201
lambda,3.0,local,7,mixed,40,0.03,3.0,8,119,emergency,True,1,1,0,1,0,False,228,225.2539170003729
lambda,3.0,local,7,mixed,40,0.03,3.0,9,122,emergency,True,1,1,0,1,0,False,71,60.13862500549294
lambda,3.0,local,7,mixed,40,0.03,3.0,10,125,breakdown,False,2,2,0,1,0,False,58,3.806082997471094
lambda,3.0,local,7,mixed,40,0.03,3.0,11,136,blockage,True,4,4,0,1,0,False,96,93.28412500326522
lambda,3.0,local,5,mixed,40,0.03,3.0,0,46,blockage,True,7,10,3,3,1,False,681,5002.513375002309
lambda,3.0,local,5,mixed,40,0.03,3.0,1,58,blockage,False,6,6,0,1,0,False,412,1563.536125002429
lambda,3.0,local,5,mixed,40,0.03,3.0,2,68,emergency,True,1,2,1,2,1,False,30,86.6019170061918
lambda,3.0,local,5,mixed,40,0.03,3.0,3,69,emergency,True,1,1,0,1,0,False,119,186.5931670035934
lambda,3.0,local,5,mixed,40,0.03,3.0,4,71,blockage,True,3,4,1,2,1,False,154,588.7986669986276
lambda,3.0,local,5,mixed,40,0.03,3.0,5,72,blockage,True,5,7,2,3,1,False,265,436.41483299143147
lambda,3.0,local,5,mixed,40,0.03,3.0,6,73,blockage,False,8,12,4,3,1,False,408,644.649041001685
lambda,3.0,local,5,mixed,40,0.03,3.0,7,77,breakdown,True,10,10,0,1,0,False,300,421.5402920090128
lambda,3.0,local,5,mixed,40,0.03,3.0,8,80,breakdown,True,9,13,4,3,1,False,290,373.14779199368786
lambda,3.0,local,5,mixed,40,0.03,3.0,9,88,blockage,False,3,5,2,3,1,False,165,156.77287500875536
lambda,3.0,local,5,mixed,40,0.03,3.0,10,101,blockage,False,3,4,1,2,1,False,102,85.98545800487045
lambda,3.0,local,5,mixed,40,0.03,3.0,11,122,blockage,False,3,5,2,1,0,False,248,39.81899998325389
lambda,1.0,local-flat,0,mixed,40,0.03,1.0,0,11,blockage,False,3,6,3,3,1,False,297,3431.499459009501
lambda,1.0,local-flat,0,mixed,40,0.03,1.0,1,23,breakdown,False,1,29,28,3,1,False,1313,18978.181166996364
lambda,1.0,local-flat,0,mixed,40,0.03,1.0,2,25,emergency,True,1,2,1,2,1,False,31,113.53441700339317
lambda,1.0,local-flat,0,mixed,40,0.03,1.0,3,27,blockage,False,7,9,2,3,1,False,225,485.39308400359005
lambda,1.0,local-flat,0,mixed,40,0.03,1.0,4,35,blockage,False,4,7,3,2,1,False,118,520.4039169911994
lambda,1.0,local-flat,0,mixed,40,0.03,1.0,5,44,emergency,True,1,2,1,3,1,False,113,463.3777090057265
lambda,1.0,local-flat,0,mixed,40,0.03,1.0,6,59,blockage,False,2,3,1,2,1,False,32,54.028250000556
lambda,1.0,local-flat,0,mixed,40,0.03,1.0,7,62,blockage,False,3,3,0,1,0,False,152,299.9451659998158
lambda,1.0,local-flat,0,mixed,40,0.03,1.0,8,96,blockage,True,5,6,1,2,1,False,170,63.44762499793433
lambda,1.0,local-flat,0,mixed,40,0.03,1.0,9,104,blockage,False,0,0,0,0,0,False,0,0.05562500155065209
lambda,1.0,local-flat,0,mixed,40,0.03,1.0,10,105,breakdown,False,5,8,3,3,1,False,165,72.92708300519735
lambda,1.0,local-flat,0,mixed,40,0.03,1.0,11,111,blockage,False,0,0,0,0,0,False,0,0.054957999964244664
lambda,3.0,local-flat,2,mixed,40,0.03,3.0,0,19,blockage,False,1,1,0,1,0,False,1,2.8615420014830306
lambda,3.0,local-flat,2,mixed,40,0.03,3.0,1,21,blockage,False,5,7,2,3,1,False,241,826.5523750014836
lambda,3.0,local-flat,2,mixed,40,0.03,3.0,2,30,emergency,True,1,1,0,1,0,False,108,485.70108399144374
lambda,3.0,local-flat,2,mixed,40,0.03,3.0,3,42,emergency,True,1,1,0,1,0,False,39,118.46366600366309
lambda,3.0,local-flat,2,mixed,40,0.03,3.0,4,46,blockage,False,0,0,0,0,0,False,0,0.0560000044060871
lambda,3.0,local-flat,2,mixed,40,0.03,3.0,5,59,breakdown,False,1,1,0,1,0,False,2,0.7899579941295087
lambda,3.0,local-flat,2,mixed,40,0.03,3.0,6,61,blockage,False,2,4,2,2,1,False,84,193.7616670038551
lambda,3.0,local-flat,2,mixed,40,0.03,3.0,7,70,blockage,False,0,0,0,0,0,False,0,0.05695900472346693
lambda,3.0,local-flat,2,mixed,40,0.03,3.0,8,75,blockage,True,7,9,2,3,1,False,294,256.380791994161
lambda,3.0,local-flat,2,mixed,40,0.03,3.0,9,89,blockage,False,6,6,0,1,0,False,328,70.15254099678714
lambda,3.0,local-flat,2,mixed,40,0.03,3.0,10,94,breakdown,False,4,5,1,3,1,False,96,33.97108400531579
lambda,3.0,local-flat,2,mixed,40,0.03,3.0,11,101,blockage,True,13,15,2,4,1,False,368,135.26124999043532
lambda,3.0,local-flat,1,mixed,40,0.03,3.0,0,28,breakdown,False,1,1,0,1,0,False,7,11.568124988116324
lambda,3.0,local-flat,1,mixed,40,0.03,3.0,1,47,blockage,False,0,0,0,0,0,False,0,0.07233300129882991
lambda,3.0,local-flat,1,mixed,40,0.03,3.0,2,53,blockage,True,10,11,1,3,1,False,652,2211.028042001999
lambda,3.0,local-flat,1,mixed,40,0.03,3.0,3,63,breakdown,False,1,1,0,1,0,False,1,19.202957992092706
lambda,3.0,local-flat,1,mixed,40,0.03,3.0,4,82,emergency,True,1,1,0,1,0,False,37,83.66512499924283
lambda,3.0,local-flat,1,mixed,40,0.03,3.0,5,88,blockage,False,3,3,0,1,0,False,75,25.350583004183136
lambda,3.0,local-flat,1,mixed,40,0.03,3.0,6,92,blockage,False,1,1,0,1,0,False,39,21.851583995157853
lambda,3.0,local-flat,1,mixed,40,0.03,3.0,7,105,blockage,False,1,1,0,1,0,False,4,1.056708992109634
lambda,3.0,local-flat,1,mixed,40,0.03,3.0,8,111,emergency,True,1,1,0,1,0,False,54,7.143957991502248
lambda,3.0,local-flat,1,mixed,40,0.03,3.0,9,118,blockage,False,2,2,0,1,0,False,95,27.07270800601691
lambda,3.0,local-flat,1,mixed,40,0.03,3.0,10,121,blockage,False,11,14,3,3,1,False,730,399.76862400362734
lambda,3.0,local-flat,1,mixed,40,0.03,3.0,11,127,blockage,False,1,1,0,1,0,False,62,29.69316698727198
lambda,3.0,local,9,mixed,40,0.03,3.0,0,10,emergency,True,1,2,1,3,1,False,75,415.3514999925392
lambda,3.0,local,9,mixed,40,0.03,3.0,1,37,blockage,False,1,1,0,1,0,False,55,24.461124994559214
lambda,3.0,local,9,mixed,40,0.03,3.0,2,59,blockage,False,9,21,12,3,2,False,1541,4707.156124990433
lambda,3.0,local,9,mixed,40,0.03,3.0,3,60,blockage,False,2,2,0,1,0,False,38,17.708167011733167
lambda,3.0,local,9,mixed,40,0.03,3.0,4,63,breakdown,False,2,3,1,3,1,False,78,39.43404200254008
lambda,3.0,local,9,mixed,40,0.03,3.0,5,76,blockage,False,0,0,0,0,0,False,0,0.14737500168848783
lambda,3.0,local,9,mixed,40,0.03,3.0,6,80,blockage,False,1,1,0,1,0,False,13,19.659375000628643
lambda,3.0,local,9,mixed,40,0.03,3.0,7,85,blockage,False,5,6,1,2,1,False,162,155.12174999457784
lambda,3.0,local,9,mixed,40,0.03,3.0,8,100,emergency,True,1,1,0,1,0,False,50,42.662416002713144
lambda,3.0,local,9,mixed,40,0.03,3.0,9,105,breakdown,False,1,1,0,1,0,False,6,1.2451250076992437
lambda,3.0,local,9,mixed,40,0.03,3.0,10,110,blockage,False,1,1,0,1,0,False,2,0.9794579964363948
lambda,3.0,local,9,mixed,40,0.03,3.0,11,121,blockage,True,2,2,0,1,0,False,70,3.579415992135182
lambda,3.0,local,3,mixed,40,0.03,3.0,0,9,blockage,False,3,3,0,1,0,False,271,2859.5457500050543
lambda,3.0,local,3,mixed,40,0.03,3.0,1,10,emergency,True,1,1,0,1,0,False,114,1683.0329169897595
lambda,3.0,local,3,mixed,40,0.03,3.0,2,18,blockage,False,0,0,0,0,0,False,0,0.1562919933348894
lambda,3.0,local,3,mixed,40,0.03,3.0,3,22,blockage,False,6,7,1,3,1,False,955,7624.880542003666
lambda,3.0,local,3,mixed,40,0.03,3.0,4,50,breakdown,False,2,2,0,1,0,False,64,7.234292002976872
lambda,3.0,local,3,mixed,40,0.03,3.0,5,60,blockage,True,15,15,0,3,1,False,889,3432.2505829914007
lambda,3.0,local,3,mixed,40,0.03,3.0,6,74,blockage,False,4,4,0,1,0,False,103,267.3708340007579
lambda,3.0,local,3,mixed,40,0.03,3.0,7,75,emergency,True,1,1,0,1,0,False,43,78.92720800009556
lambda,3.0,local,3,mixed,40,0.03,3.0,8,86,breakdown,False,2,2,0,1,0,False,157,710.8144579979125
lambda,3.0,local,3,mixed,40,0.03,3.0,9,95,blockage,False,3,3,0,1,0,False,51,14.735832999576814
lambda,3.0,local,3,mixed,40,0.03,3.0,10,100,blockage,False,2,2,0,1,0,False,15,7.949582999572158
lambda,3.0,local,3,mixed,40,0.03,3.0,11,105,blockage,True,10,11,1,2,1,False,291,145.76795799075626
lambda,3.0,local,8,mixed,40,0.03,3.0,0,18,emergency,True,1,1,0,1,0,False,87,1021.0368750122143
lambda,3.0,local,8,mixed,40,0.03,3.0,1,22,blockage,True,12,17,5,3,1,False,855,6516.150540992385
lambda,3.0,local,8,mixed,40,0.03,3.0,2,24,breakdown,False,3,3,0,1,0,False,144,321.76345799234696
lambda,3.0,local,8,mixed,40,0.03,3.0,3,29,blockage,False,1,1,0,1,0,False,146,1255.328000013833
lambda,3.0,local,8,mixed,40,0.03,3.0,4,48,breakdown,False,2,2,0,1,0,False,80,631.2112500017975
lambda,3.0,local,8,mixed,40,0.03,3.0,5,51,emergency,True,1,2,1,2,1,False,51,70.14687499031425
lambda,3.0,local,8,mixed,40,0.03,3.0,6,52,blockage,False,2,2,0,1,0,False,158,670.4769999923883
lambda,3.0,local,8,mixed,40,0.03,3.0,7,80,blockage,False,2,3,1,3,1,False,141,373.32112500735093
lambda,3.0,local,8,mixed,40,0.03,3.0,8,84,blockage,False,6,7,1,2,1,False,403,582.7785830042558
lambda,3.0,local,8,mixed,40,0.03,3.0,9,109,blockage,False,2,3,1,2,1,False,58,18.297667003935203
lambda,3.0,local,8,mixed,40,0.03,3.0,10,112,blockage,False,2,2,0,1,0,False,7,1.2374579964671284
lambda,3.0,local,8,mixed,40,0.03,3.0,11,115,blockage,False,5,5,0,2,1,False,41,10.346208000555634
lambda,3.0,local-flat,6,mixed,40,0.03,3.0,0,12,blockage,False,5,7,2,2,1,False,288,1275.2272079960676
lambda,3.0,local-flat,6,mixed,40,0.03,3.0,1,17,blockage,False,1,1,0,1,0,False,5,1.0977089987136424
lambda,3.0,local-flat,6,mixed,40,0.03,3.0,2,19,breakdown,False,4,6,2,3,1,False,193,441.31158299569506
lambda,3.0,local-flat,6,mixed,40,0.03,3.0,3,59,blockage,False,1,1,0,1,0,False,6,0.865417008753866
lambda,3.0,local-flat,6,mixed,40,0.03,3.0,4,65,breakdown,False,1,1,0,1,0,False,4,3.1239999952958897
lambda,3.0,local-flat,6,mixed,40,0.03,3.0,5,71,blockage,False,5,5,0,1,0,False,59,8.17266599915456
lambda,3.0,local-flat,6,mixed,40,0.03,3.0,6,92,emergency,True,1,1,0,1,0,False,159,384.3642920110142
lambda,3.0,local-flat,6,mixed,40,0.03,3.0,7,93,blockage,False,3,5,2,3,1,False,265,70.29458299803082
lambda,3.0,local-flat,6,mixed,40,0.03,3.0,8,97,blockage,False,4,4,0,1,0,False,78,10.947374990792014
lambda,3.0,local-flat,6,mixed,40,0.03,3.0,9,98,blockage,False,1,1,0,1,0,False,5,0.328125010128133
lambda,3.0,local-flat,6,mixed,40,0.03,3.0,10,104,emergency,True,1,1,0,1,0,False,49,4.471000007470138
lambda,3.0,local-flat,6,mixed,40,0.03,3.0,11,114,blockage,False,7,7,0,1,0,False,240,24.834415991790593
lambda,3.0,local-flat,3,mixed,40,0.03,3.0,0,9,blockage,False,3,3,0,1,0,False,179,735.5600829905597
lambda,3.0,local-flat,3,mixed,40,0.03,3.0,1,10,emergency,True,1,1,0,1,0,False,62,443.86945900623687
lambda,3.0,local-flat,3,mixed,40,0.03,3.0,2,18,blockage,False,0,0,0,0,0,False,0,0.15183299547061324
lambda,3.0,local-flat,3,mixed,40,0.03,3.0,3,22,blockage,False,6,7,1,3,1,False,627,2412.416042003315
lambda,3.0,local-flat,3,mixed,40,0.03,3.0,4,50,breakdown,False,2,2,0,1,0,False,64,7.5197090045548975
lambda,3.0,local-flat,3,mixed,40,0.03,3.0,5,60,blockage,True,15,15,0,3,1,False,737,1219.586375009385
lambda,3.0,local-flat,3,mixed,40,0.03,3.0,6,74,blockage,False,4,4,0,1,0,False,71,40.62083299504593
lambda,3.0,local-flat,3,mixed,40,0.03,3.0,7,75,emergency,True,1,1,0,1,0,False,35,35.56337500049267
lambda,3.0,local-flat,3,mixed,40,0.03,3.0,8,86,breakdown,False,2,2,0,1,0,False,135,311.63241701142397
lambda,3.0,local-flat,3,mixed,40,0.03,3.0,9,95,blockage,False,3,3,0,1,0,False,51,16.64133300073445
lambda,3.0,local-flat,3,mixed,40,0.03,3.0,10,100,blockage,False,2,2,0,1,0,False,15,4.503375006606802
lambda,3.0,local-flat,3,mixed,40,0.03,3.0,11,105,blockage,True,10,11,1,2,1,False,287,167.17804200015962
lambda,1.0,local,0,mixed,40,0.03,1.0,0,11,blockage,False,3,6,3,3,1,False,393,4508.897709005396
lambda,1.0,local,0,mixed,40,0.03,1.0,1,23,breakdown,False,1,29,28,3,1,False,2061,41153.533750009956
lambda,1.0,local,0,mixed,40,0.03,1.0,2,25,emergency,True,1,2,1,2,1,False,31,67.20816700544674
lambda,1.0,local,0,mixed,40,0.03,1.0,3,27,blockage,False,7,10,3,2,1,False,239,528.980250004679
lambda,1.0,local,0,mixed,40,0.03,1.0,4,35,blockage,False,5,9,4,3,1,False,217,655.2941669942811
lambda,1.0,local,0,mixed,40,0.03,1.0,5,44,emergency,True,1,2,1,2,1,False,41,175.7472500030417
lambda,1.0,local,0,mixed,40,0.03,1.0,6,59,blockage,False,2,4,2,3,1,False,78,232.65804100083187
lambda,1.0,local,0,mixed,40,0.03,1.0,7,62,blockage,False,2,3,1,3,1,False,111,150.7537089928519
lambda,1.0,local,0,mixed,40,0.03,1.0,8,96,blockage,True,3,4,1,3,1,False,115,22.936291992664337
lambda,1.0,local,0,mixed,40,0.03,1.0,9,104,blockage,False,0,0,0,0,0,False,0,0.055500000598840415
lambda,1.0,local,0,mixed,40,0.03,1.0,10,105,breakdown,False,3,3,0,2,1,False,100,5.9665419976226985
lambda,1.0,local,0,mixed,40,0.03,1.0,11,111,blockage,False,0,0,0,0,0,False,0,0.050916001782752573
lambda,3.0,local-flat,5,mixed,40,0.03,3.0,0,46,blockage,True,7,10,3,3,1,False,471,2237.0242920005694
lambda,3.0,local-flat,5,mixed,40,0.03,3.0,1,58,blockage,False,6,6,0,1,0,False,366,970.7652910001343
lambda,3.0,local-flat,5,mixed,40,0.03,3.0,2,68,emergency,True,1,2,1,2,1,False,22,40.21841699432116
lambda,3.0,local-flat,5,mixed,40,0.03,3.0,3,69,emergency,True,1,1,0,1,0,False,103,98.21391700825188
lambda,3.0,local-flat,5,mixed,40,0.03,3.0,4,71,blockage,True,3,4,1,2,1,False,152,569.0384170011384
lambda,3.0,local-flat,5,mixed,40,0.03,3.0,5,72,blockage,True,5,7,2,3,1,False,251,387.3034580028616
lambda,3.0,local-flat,5,mixed,40,0.03,3.0,6,73,blockage,False,8,12,4,3,1,False,408,629.5241249899846
lambda,3.0,local-flat,5,mixed,40,0.03,3.0,7,77,breakdown,True,10,10,0,1,0,False,264,209.22220799548086
lambda,3.0,local-flat,5,mixed,40,0.03,3.0,8,80,breakdown,True,9,13,4,3,1,False,286,285.4016670025885
lambda,3.0,local-flat,5,mixed,40,0.03,3.0,9,88,blockage,False,3,5,2,3,1,False,153,83.72379199136049
lambda,3.0,local-flat,5,mixed,40,0.03,3.0,10,101,blockage,False,3,4,1,2,1,False,102,73.10012499510776
lambda,3.0,local-flat,5,mixed,40,0.03,3.0,11,122,blockage,False,3,5,2,1,0,False,230,46.929916003136896
lambda,3.0,local-flat,9,mixed,40,0.03,3.0,0,10,emergency,True,1,2,1,3,1,False,75,353.4190829959698
lambda,3.0,local-flat,9,mixed,40,0.03,3.0,1,37,blockage,False,1,1,0,1,0,False,55,29.522124998038635
lambda,3.0,local-flat,9,mixed,40,0.03,3.0,2,59,blockage,False,9,18,9,2,1,False,1313,2414.7349580016453
lambda,3.0,local-flat,9,mixed,40,0.03,3.0,3,60,blockage,False,2,2,0,1,0,False,38,5.496790996403433
lambda,3.0,local-flat,9,mixed,40,0.03,3.0,4,63,breakdown,False,2,3,1,2,1,False,17,13.707000005524606
lambda,3.0,local-flat,9,mixed,40,0.03,3.0,5,76,blockage,False,0,0,0,0,0,False,0,0.05400000372901559
lambda,3.0,local-flat,9,mixed,40,0.03,3.0,6,80,blockage,False,1,1,0,1,0,False,13,5.99958399834577
lambda,3.0,local-flat,9,mixed,40,0.03,3.0,7,85,blockage,False,5,6,1,2,1,False,149,52.67070799891371
lambda,3.0,local-flat,9,mixed,40,0.03,3.0,8,100,emergency,True,1,1,0,1,0,False,37,11.959625000599772
lambda,3.0,local-flat,9,mixed,40,0.03,3.0,9,105,breakdown,False,2,2,0,1,0,False,13,0.9544170025037602
lambda,3.0,local-flat,9,mixed,40,0.03,3.0,10,110,blockage,False,2,3,1,2,1,False,24,7.161957997595891
lambda,3.0,local-flat,9,mixed,40,0.03,3.0,11,121,blockage,True,1,1,0,1,0,False,35,4.241333008394577
lambda,3.0,local-flat,7,mixed,40,0.03,3.0,0,28,blockage,False,2,2,0,1,0,False,59,164.16233399650082
lambda,3.0,local-flat,7,mixed,40,0.03,3.0,1,35,blockage,False,4,5,1,3,1,False,292,1093.946707987925
lambda,3.0,local-flat,7,mixed,40,0.03,3.0,2,37,blockage,False,6,8,2,3,1,False,378,936.170624991064
lambda,3.0,local-flat,7,mixed,40,0.03,3.0,3,42,breakdown,True,19,23,4,3,1,False,954,2258.1342909979867
lambda,3.0,local-flat,7,mixed,40,0.03,3.0,4,100,blockage,False,5,6,1,3,1,False,249,77.94733399350662
lambda,3.0,local-flat,7,mixed,40,0.03,3.0,5,106,blockage,True,9,11,2,3,1,False,249,68.52841700310819
lambda,3.0,local-flat,7,mixed,40,0.03,3.0,6,113,blockage,False,4,4,0,1,0,False,108,33.20450001046993
lambda,3.0,local-flat,7,mixed,40,0.03,3.0,7,115,blockage,False,4,5,1,3,1,False,130,15.427708000061102
lambda,3.0,local-flat,7,mixed,40,0.03,3.0,8,119,emergency,True,1,1,0,1,0,False,81,34.57070799777284
lambda,3.0,local-flat,7,mixed,40,0.03,3.0,9,122,emergency,True,1,1,0,1,0,False,55,43.774000005214475
lambda,3.0,local-flat,7,mixed,40,0.03,3.0,10,125,breakdown,False,2,2,0,1,0,False,58,8.6872499960009
lambda,3.0,local-flat,7,mixed,40,0.03,3.0,11,136,blockage,True,4,4,0,1,0,False,99,70.81879199540708
lambda,6.0,local,1,mixed,40,0.03,6.0,0,28,breakdown,False,1,1,0,1,0,False,7,16.82974999130238
lambda,6.0,local,1,mixed,40,0.03,6.0,1,47,blockage,False,0,0,0,0,0,False,0,0.07016700692474842
lambda,6.0,local,1,mixed,40,0.03,6.0,2,53,blockage,True,10,11,1,3,1,False,640,2768.954291997943
lambda,6.0,local,1,mixed,40,0.03,6.0,3,63,breakdown,False,1,1,0,1,0,False,1,12.364875001367182
lambda,6.0,local,1,mixed,40,0.03,6.0,4,82,emergency,True,1,1,0,1,0,False,53,173.11183299170807
lambda,6.0,local,1,mixed,40,0.03,6.0,5,88,blockage,False,3,3,0,1,0,False,75,18.54766700125765
lambda,6.0,local,1,mixed,40,0.03,6.0,6,92,blockage,False,1,1,0,1,0,False,35,18.501333994208835
lambda,6.0,local,1,mixed,40,0.03,6.0,7,105,blockage,False,1,1,0,1,0,False,4,2.1956250129733235
lambda,6.0,local,1,mixed,40,0.03,6.0,8,111,emergency,True,1,1,0,1,0,False,62,14.116292004473507
lambda,6.0,local,1,mixed,40,0.03,6.0,9,118,blockage,False,2,2,0,1,0,False,103,54.47783399722539
lambda,6.0,local,1,mixed,40,0.03,6.0,10,121,blockage,False,11,14,3,3,1,False,702,412.43970800132956
lambda,6.0,local,1,mixed,40,0.03,6.0,11,127,blockage,False,1,1,0,1,0,False,38,10.04937500692904
lambda,3.0,local-flat,8,mixed,40,0.03,3.0,0,18,emergency,True,1,1,0,1,0,False,61,448.14229098847136
lambda,3.0,local-flat,8,mixed,40,0.03,3.0,1,22,blockage,True,12,17,5,3,1,False,723,3678.2812499877764
lambda,3.0,local-flat,8,mixed,40,0.03,3.0,2,24,breakdown,False,3,3,0,1,0,False,144,282.1817919902969
lambda,3.0,local-flat,8,mixed,40,0.03,3.0,3,29,blockage,False,1,1,0,1,0,False,106,670.58708400873
lambda,3.0,local-flat,8,mixed,40,0.03,3.0,4,48,breakdown,False,2,2,0,1,0,False,48,205.26866700674873
lambda,3.0,local-flat,8,mixed,40,0.03,3.0,5,51,emergency,True,1,2,1,2,1,False,43,19.000250002136454
lambda,3.0,local-flat,8,mixed,40,0.03,3.0,6,52,blockage,False,2,2,0,1,0,False,138,328.2897500030231
lambda,3.0,local-flat,8,mixed,40,0.03,3.0,7,80,blockage,False,2,3,1,3,1,False,117,169.67899999872316
lambda,3.0,local-flat,8,mixed,40,0.03,3.0,8,84,blockage,False,6,7,1,2,1,False,357,469.0117080026539
lambda,3.0,local-flat,8,mixed,40,0.03,3.0,9,109,blockage,False,2,3,1,2,1,False,58,11.333750007906929
lambda,3.0,local-flat,8,mixed,40,0.03,3.0,10,112,blockage,False,2,2,0,1,0,False,7,1.237958000274375
lambda,3.0,local-flat,8,mixed,40,0.03,3.0,11,115,blockage,False,5,5,0,2,1,False,41,8.642832995974459
lambda,6.0,local,2,mixed,40,0.03,6.0,0,19,blockage,False,1,1,0,1,0,False,1,1.022291005938314
lambda,6.0,local,2,mixed,40,0.03,6.0,1,21,blockage,False,5,6,1,2,1,False,345,1855.2926249976736
lambda,6.0,local,2,mixed,40,0.03,6.0,2,30,emergency,True,1,1,0,1,0,False,128,966.2708750111051
lambda,6.0,local,2,mixed,40,0.03,6.0,3,42,emergency,True,1,1,0,1,0,False,51,179.81074999261182
lambda,6.0,local,2,mixed,40,0.03,6.0,4,46,blockage,False,0,0,0,0,0,False,0,0.0593330041738227
lambda,6.0,local,2,mixed,40,0.03,6.0,5,59,breakdown,False,1,1,0,1,0,False,2,0.8027080039028078
lambda,6.0,local,2,mixed,40,0.03,6.0,6,61,blockage,False,2,2,0,1,0,False,130,291.5071250026813
lambda,6.0,local,2,mixed,40,0.03,6.0,7,70,blockage,False,0,0,0,0,0,False,0,0.05687499651685357
lambda,6.0,local,2,mixed,40,0.03,6.0,8,75,blockage,True,9,10,1,3,1,False,446,242.4309159978293
lambda,6.0,local,2,mixed,40,0.03,6.0,9,89,blockage,False,5,5,0,1,0,False,206,29.274000000441447
lambda,6.0,local,2,mixed,40,0.03,6.0,10,94,breakdown,False,4,5,1,3,1,False,66,9.6852920105448
lambda,6.0,local,2,mixed,40,0.03,6.0,11,101,blockage,True,11,11,0,4,1,False,407,53.13449999084696
lambda,3.0,local-flat,4,mixed,40,0.03,3.0,0,15,blockage,False,2,2,0,1,0,False,210,1630.947666009888
lambda,3.0,local-flat,4,mixed,40,0.03,3.0,1,21,emergency,True,1,2,1,2,1,False,34,279.62333399045747
lambda,3.0,local-flat,4,mixed,40,0.03,3.0,2,28,breakdown,True,23,28,5,3,1,False,1468,7526.4430419920245
lambda,3.0,local-flat,4,mixed,40,0.03,3.0,3,54,breakdown,False,1,1,0,1,0,False,6,9.019290999276564
lambda,3.0,local-flat,4,mixed,40,0.03,3.0,4,54,emergency,True,1,2,1,3,1,False,44,94.63783400133252
lambda,3.0,local-flat,4,mixed,40,0.03,3.0,5,59,blockage,True,9,13,4,3,1,False,749,1886.1963329982245
lambda,3.0,local-flat,4,mixed,40,0.03,3.0,6,61,blockage,False,0,0,0,0,0,False,0,0.05474999488797039
lambda,3.0,local-flat,4,mixed,40,0.03,3.0,7,64,blockage,False,6,8,2,3,1,False,325,298.0220419995021
lambda,3.0,local-flat,4,mixed,40,0.03,3.0,8,68,blockage,False,2,4,2,3,1,False,70,111.40633400646038
lambda,3.0,local-flat,4,mixed,40,0.03,3.0,9,77,blockage,False,5,6,1,2,1,False,165,155.46487500250805
lambda,3.0,local-flat,4,mixed,40,0.03,3.0,10,99,blockage,True,8,11,3,3,1,False,470,490.03995799284894
lambda,3.0,local-flat,4,mixed,40,0.03,3.0,11,110,blockage,False,2,4,2,1,0,False,399,306.20270800136495
lambda,3.0,local,4,mixed,40,0.03,3.0,0,15,blockage,False,2,2,0,1,0,False,282,3411.964041995816
lambda,3.0,local,4,mixed,40,0.03,3.0,1,21,emergency,True,1,2,1,2,1,False,50,585.9071660088375
lambda,3.0,local,4,mixed,40,0.03,3.0,2,28,breakdown,True,23,28,5,3,1,False,1764,15997.627624994493
lambda,3.0,local,4,mixed,40,0.03,3.0,3,54,breakdown,False,1,1,0,1,0,False,6,2.6526250003371388
lambda,3.0,local,4,mixed,40,0.03,3.0,4,54,emergency,True,1,2,1,2,1,False,10,49.98266600887291
lambda,3.0,local,4,mixed,40,0.03,3.0,5,59,blockage,True,10,11,1,3,1,False,1063,4671.989666996524
lambda,3.0,local,4,mixed,40,0.03,3.0,6,61,blockage,False,0,0,0,0,0,False,0,0.06591698911506683
lambda,3.0,local,4,mixed,40,0.03,3.0,7,64,blockage,False,6,9,3,3,1,False,362,943.6173330032034
lambda,3.0,local,4,mixed,40,0.03,3.0,8,68,blockage,False,1,2,1,3,1,False,88,140.1045419916045
lambda,3.0,local,4,mixed,40,0.03,3.0,9,77,blockage,False,6,7,1,3,1,False,324,847.4622919893591
lambda,3.0,local,4,mixed,40,0.03,3.0,10,99,blockage,True,8,9,1,2,1,False,510,669.900625012815
lambda,3.0,local,4,mixed,40,0.03,3.0,11,110,blockage,False,1,1,0,1,0,False,1,0.9505000052740797
lambda,6.0,local,7,mixed,40,0.03,6.0,0,28,blockage,False,2,2,0,1,0,False,53,149.977958004456
lambda,6.0,local,7,mixed,40,0.03,6.0,1,35,blockage,False,4,5,1,3,1,False,226,991.4174580044346
lambda,6.0,local,7,mixed,40,0.03,6.0,2,37,blockage,False,6,6,0,3,1,False,555,2991.4416249957867
lambda,6.0,local,7,mixed,40,0.03,6.0,3,42,breakdown,True,19,22,3,3,1,False,953,2340.048416997888
lambda,6.0,local,7,mixed,40,0.03,6.0,4,100,blockage,False,5,5,0,1,0,False,211,34.06345901021268
lambda,6.0,local,7,mixed,40,0.03,6.0,5,106,blockage,True,8,9,1,3,1,False,280,122.43808299535885
lambda,6.0,local,7,mixed,40,0.03,6.0,6,113,blockage,False,0,0,0,0,0,False,0,0.13058299373369664
lambda,6.0,local,7,mixed,40,0.03,6.0,7,115,blockage,False,3,3,0,1,0,False,77,10.136666998732835
lambda,6.0,local,7,mixed,40,0.03,6.0,8,119,emergency,True,1,1,0,1,0,False,55,9.27324999065604
lambda,6.0,local,7,mixed,40,0.03,6.0,9,122,emergency,True,1,1,0,1,0,False,109,124.74075000500306
lambda,6.0,local,7,mixed,40,0.03,6.0,10,125,breakdown,False,2,2,0,1,0,False,56,7.1098750049714
lambda,6.0,local,7,mixed,40,0.03,6.0,11,136,blockage,True,4,5,1,2,1,False,83,28.67612500267569
lambda,6.0,local,3,mixed,40,0.03,6.0,0,9,blockage,False,3,3,0,1,0,False,251,2184.050500000012
lambda,6.0,local,3,mixed,40,0.03,6.0,1,10,emergency,True,1,1,0,1,0,False,114,1491.5345000044908
lambda,6.0,local,3,mixed,40,0.03,6.0,2,18,blockage,False,0,0,0,0,0,False,0,0.057416007621213794
lambda,6.0,local,3,mixed,40,0.03,6.0,3,22,blockage,False,6,6,0,2,1,False,723,5669.227792008314
lambda,6.0,local,3,mixed,40,0.03,6.0,4,50,breakdown,False,2,2,0,1,0,False,64,9.640917007345706
lambda,6.0,local,3,mixed,40,0.03,6.0,5,60,blockage,True,15,15,0,1,0,False,668,1993.5113329993328
lambda,6.0,local,3,mixed,40,0.03,6.0,6,74,blockage,False,3,3,0,1,0,False,48,3.9836249925429
lambda,6.0,local,3,mixed,40,0.03,6.0,7,75,emergency,True,1,1,0,1,0,False,37,58.07420800556429
lambda,6.0,local,3,mixed,40,0.03,6.0,8,86,breakdown,False,1,1,0,1,0,False,7,0.8073339995462447
lambda,6.0,local,3,mixed,40,0.03,6.0,9,95,blockage,False,3,3,0,1,0,False,56,14.033333005500026
lambda,6.0,local,3,mixed,40,0.03,6.0,10,100,blockage,False,3,3,0,1,0,False,17,10.135584001545794
lambda,6.0,local,3,mixed,40,0.03,6.0,11,105,blockage,True,11,12,1,4,1,False,536,330.8976249973057
lambda,6.0,local,6,mixed,40,0.03,6.0,0,12,blockage,False,5,7,2,3,1,False,570,5763.070790999336
lambda,6.0,local,6,mixed,40,0.03,6.0,1,17,blockage,False,1,1,0,1,0,False,5,1.1220410087844357
lambda,6.0,local,6,mixed,40,0.03,6.0,2,19,breakdown,False,4,4,0,1,0,False,383,3101.2248330080183
lambda,6.0,local,6,mixed,40,0.03,6.0,3,59,blockage,False,1,1,0,1,0,False,5,0.6817079993197694
lambda,6.0,local,6,mixed,40,0.03,6.0,4,65,breakdown,False,1,1,0,1,0,False,3,14.79000000108499
lambda,6.0,local,6,mixed,40,0.03,6.0,5,71,blockage,False,5,5,0,1,0,False,73,12.145625005359761
lambda,6.0,local,6,mixed,40,0.03,6.0,6,92,emergency,True,1,1,0,1,0,False,117,87.84229200682603
lambda,6.0,local,6,mixed,40,0.03,6.0,7,93,blockage,False,3,3,0,1,0,False,200,157.84574999997858
lambda,6.0,local,6,mixed,40,0.03,6.0,8,97,blockage,False,4,4,0,1,0,False,79,4.702874997747131
lambda,6.0,local,6,mixed,40,0.03,6.0,9,98,blockage,False,1,1,0,1,0,False,51,1.992167002754286
lambda,6.0,local,6,mixed,40,0.03,6.0,10,104,emergency,True,1,1,0,1,0,False,55,13.128999999025837
lambda,6.0,local,6,mixed,40,0.03,6.0,11,114,blockage,False,8,8,0,1,0,False,323,22.971707992837764
lambda,6.0,local,5,mixed,40,0.03,6.0,0,46,blockage,True,7,8,1,3,1,False,732,5073.61399999354
lambda,6.0,local,5,mixed,40,0.03,6.0,1,58,blockage,False,6,6,0,1,0,False,324,586.0168340004748
lambda,6.0,local,5,mixed,40,0.03,6.0,2,68,emergency,True,1,1,0,1,0,False,141,567.6846249989467
lambda,6.0,local,5,mixed,40,0.03,6.0,3,69,emergency,True,1,1,0,1,0,False,119,196.58737500139978
lambda,6.0,local,5,mixed,40,0.03,6.0,4,71,blockage,True,2,3,1,2,1,False,93,174.3897080013994
lambda,6.0,local,5,mixed,40,0.03,6.0,5,72,blockage,True,5,5,0,1,0,False,393,1084.673791003297
lambda,6.0,local,5,mixed,40,0.03,6.0,6,73,blockage,False,9,11,2,3,1,False,478,706.3425420055864
lambda,6.0,local,5,mixed,40,0.03,6.0,7,77,breakdown,True,10,10,0,1,0,False,371,818.1837919983082
lambda,6.0,local,5,mixed,40,0.03,6.0,8,80,breakdown,True,10,10,0,1,0,False,329,497.8268749982817
lambda,6.0,local,5,mixed,40,0.03,6.0,9,88,blockage,False,3,3,0,1,0,False,153,149.1094160010107
lambda,6.0,local,5,mixed,40,0.03,6.0,10,101,blockage,False,2,3,1,2,1,False,58,28.489624994108453
lambda,6.0,local,5,mixed,40,0.03,6.0,11,122,blockage,False,0,0,0,0,0,False,0,0.1279170101042837
lambda,3.0,local-flat,0,mixed,40,0.03,3.0,0,11,blockage,False,3,6,3,3,1,False,297,3430.6512080074754
lambda,3.0,local-flat,0,mixed,40,0.03,3.0,1,23,breakdown,False,1,30,29,3,1,False,1442,19144.593833989347
lambda,3.0,local-flat,0,mixed,40,0.03,3.0,2,25,emergency,True,1,2,1,2,1,False,31,119.91366698930506
lambda,3.0,local-flat,0,mixed,40,0.03,3.0,3,27,blockage,False,7,10,3,3,1,False,396,1112.490750005236
lambda,3.0,local-flat,0,mixed,40,0.03,3.0,4,35,blockage,False,5,9,4,3,1,False,339,2650.590875011403
lambda,3.0,local-flat,0,mixed,40,0.03,3.0,5,44,emergency,True,1,1,0,1,0,False,159,597.874375001993
lambda,3.0,local-flat,0,mixed,40,0.03,3.0,6,59,blockage,False,3,4,1,2,1,False,102,234.75987500569317
lambda,3.0,local-flat,0,mixed,40,0.03,3.0,7,62,blockage,False,1,1,0,1,0,False,39,5.5003339948598295
lambda,3.0,local-flat,0,mixed,40,0.03,3.0,8,96,blockage,True,4,5,1,3,1,False,111,37.70874999463558
lambda,3.0,local-flat,0,mixed,40,0.03,3.0,9,104,blockage,False,0,0,0,0,0,False,0,0.05499999679159373
lambda,3.0,local-flat,0,mixed,40,0.03,3.0,10,105,breakdown,False,7,8,1,3,1,False,326,123.74695799371693
lambda,3.0,local-flat,0,mixed,40,0.03,3.0,11,111,blockage,False,1,1,0,1,0,False,3,0.643167004454881
lambda,6.0,local-flat,1,mixed,40,0.03,6.0,0,28,breakdown,False,1,1,0,1,0,False,7,20.226666005328298
lambda,6.0,local-flat,1,mixed,40,0.03,6.0,1,47,blockage,False,0,0,0,0,0,False,0,0.05545800377149135
lambda,6.0,local-flat,1,mixed,40,0.03,6.0,2,53,blockage,True,10,11,1,3,1,False,592,1879.7690000064904
lambda,6.0,local-flat,1,mixed,40,0.03,6.0,3,63,breakdown,False,1,1,0,1,0,False,1,17.316249999566935
lambda,6.0,local-flat,1,mixed,40,0.03,6.0,4,82,emergency,True,1,1,0,1,0,False,37,79.85974999610335
lambda,6.0,local-flat,1,mixed,40,0.03,6.0,5,88,blockage,False,3,3,0,1,0,False,75,26.128249999601394
lambda,6.0,local-flat,1,mixed,40,0.03,6.0,6,92,blockage,False,1,1,0,1,0,False,35,15.80070900672581
lambda,6.0,local-flat,1,mixed,40,0.03,6.0,7,105,blockage,False,1,1,0,1,0,False,4,1.007083003059961
lambda,6.0,local-flat,1,mixed,40,0.03,6.0,8,111,emergency,True,1,1,0,1,0,False,54,8.692041999893263
lambda,6.0,local-flat,1,mixed,40,0.03,6.0,9,118,blockage,False,2,2,0,1,0,False,91,16.749916001572274
lambda,6.0,local-flat,1,mixed,40,0.03,6.0,10,121,blockage,False,11,14,3,3,1,False,670,295.8369169937214
lambda,6.0,local-flat,1,mixed,40,0.03,6.0,11,127,blockage,False,1,1,0,1,0,False,38,8.374457989702933
lambda,6.0,local-flat,2,mixed,40,0.03,6.0,0,19,blockage,False,1,1,0,1,0,False,1,1.0601669928291813
lambda,6.0,local-flat,2,mixed,40,0.03,6.0,1,21,blockage,False,5,6,1,2,1,False,307,1233.3282500039786
lambda,6.0,local-flat,2,mixed,40,0.03,6.0,2,30,emergency,True,1,1,0,1,0,False,108,602.9295409971382
lambda,6.0,local-flat,2,mixed,40,0.03,6.0,3,42,emergency,True,1,1,0,1,0,False,41,115.43408301076852
lambda,6.0,local-flat,2,mixed,40,0.03,6.0,4,46,blockage,False,0,0,0,0,0,False,0,0.058958990848623216
lambda,6.0,local-flat,2,mixed,40,0.03,6.0,5,59,breakdown,False,1,1,0,1,0,False,2,0.8566670003347099
lambda,6.0,local-flat,2,mixed,40,0.03,6.0,6,61,blockage,False,2,2,0,1,0,False,122,242.35345800116193
lambda,6.0,local-flat,2,mixed,40,0.03,6.0,7,70,blockage,False,0,0,0,0,0,False,0,0.06316599319688976
lambda,6.0,local-flat,2,mixed,40,0.03,6.0,8,75,blockage,True,9,10,1,3,1,False,444,237.8192080068402
lambda,6.0,local-flat,2,mixed,40,0.03,6.0,9,89,blockage,False,5,5,0,1,0,False,204,20.553958005621098
lambda,6.0,local-flat,2,mixed,40,0.03,6.0,10,94,breakdown,False,4,5,1,3,1,False,66,21.593083991319872
lambda,6.0,local-flat,2,mixed,40,0.03,6.0,11,101,blockage,True,11,11,0,4,1,False,390,48.946416995022446
lambda,6.0,local,9,mixed,40,0.03,6.0,0,10,emergency,True,1,2,1,3,1,False,75,352.09479100012686
lambda,6.0,local,9,mixed,40,0.03,6.0,1,37,blockage,False,1,1,0,1,0,False,55,27.07475000352133
lambda,6.0,local,9,mixed,40,0.03,6.0,2,59,blockage,False,9,18,9,2,1,False,1402,5231.240666995291
lambda,6.0,local,9,mixed,40,0.03,6.0,3,60,blockage,False,2,2,0,1,0,False,34,1.9477500027278438
lambda,6.0,local,9,mixed,40,0.03,6.0,4,63,breakdown,False,2,3,1,3,1,False,78,37.84462499606889
lambda,6.0,local,9,mixed,40,0.03,6.0,5,76,blockage,False,0,0,0,0,0,False,0,0.06125000072643161
lambda,6.0,local,9,mixed,40,0.03,6.0,6,80,blockage,False,1,1,0,1,0,False,13,6.919457999174483
lambda,6.0,local,9,mixed,40,0.03,6.0,7,85,blockage,False,5,5,0,1,0,False,193,148.16070800588932
lambda,6.0,local,9,mixed,40,0.03,6.0,8,100,emergency,True,1,1,0,1,0,False,45,16.688709001755342
lambda,6.0,local,9,mixed,40,0.03,6.0,9,105,breakdown,False,2,2,0,1,0,False,13,0.8362079970538616
lambda,6.0,local,9,mixed,40,0.03,6.0,10,110,blockage,False,1,1,0,1,0,False,2,1.0060420027002692
lambda,6.0,local,9,mixed,40,0.03,6.0,11,121,blockage,True,2,2,0,1,0,False,40,3.83670799783431
lambda,6.0,local-flat,3,mixed,40,0.03,6.0,0,9,blockage,False,3,3,0,1,0,False,179,741.9287499942584
lambda,6.0,local-flat,3,mixed,40,0.03,6.0,1,10,emergency,True,1,1,0,1,0,False,62,457.7599170006579
lambda,6.0,local-flat,3,mixed,40,0.03,6.0,2,18,blockage,False,0,0,0,0,0,False,0,0.06049999501556158
lambda,6.0,local-flat,3,mixed,40,0.03,6.0,3,22,blockage,False,6,6,0,2,1,False,539,2230.1575830060756
lambda,6.0,local-flat,3,mixed,40,0.03,6.0,4,50,breakdown,False,2,2,0,1,0,False,64,9.172541002044454
lambda,6.0,local-flat,3,mixed,40,0.03,6.0,5,60,blockage,True,15,15,0,1,0,False,560,634.0402089990675
lambda,6.0,local-flat,3,mixed,40,0.03,6.0,6,74,blockage,False,3,3,0,1,0,False,48,7.127082993974909
lambda,6.0,local-flat,3,mixed,40,0.03,6.0,7,75,emergency,True,1,1,0,1,0,False,29,10.96283399965614
lambda,6.0,local-flat,3,mixed,40,0.03,6.0,8,86,breakdown,False,1,1,0,1,0,False,7,0.6917919963598251
lambda,6.0,local-flat,3,mixed,40,0.03,6.0,9,95,blockage,False,3,3,0,1,0,False,56,9.208624993334524
lambda,6.0,local-flat,3,mixed,40,0.03,6.0,10,100,blockage,False,3,3,0,1,0,False,17,12.346082992735319
lambda,6.0,local-flat,3,mixed,40,0.03,6.0,11,105,blockage,True,11,12,1,4,1,False,517,346.40029101865366
lambda,3.0,local,0,mixed,40,0.03,3.0,0,11,blockage,False,3,6,3,3,1,False,393,4291.996792002465
lambda,3.0,local,0,mixed,40,0.03,3.0,1,23,breakdown,False,1,29,28,3,1,False,2031,41455.841082992265
lambda,3.0,local,0,mixed,40,0.03,3.0,2,25,emergency,True,1,2,1,2,1,False,31,76.4723329921253
lambda,3.0,local,0,mixed,40,0.03,3.0,3,27,blockage,False,7,10,3,3,1,False,286,779.1577500029234
lambda,3.0,local,0,mixed,40,0.03,3.0,4,35,blockage,False,5,8,3,3,1,False,219,602.5280839967309
lambda,3.0,local,0,mixed,40,0.03,3.0,5,44,emergency,True,1,2,1,2,1,False,33,108.26470800384413
lambda,3.0,local,0,mixed,40,0.03,3.0,6,59,blockage,False,2,3,1,3,1,False,79,309.5316660037497
lambda,3.0,local,0,mixed,40,0.03,3.0,7,62,blockage,False,2,3,1,3,1,False,97,50.46958298771642
lambda,3.0,local,0,mixed,40,0.03,3.0,8,96,blockage,True,2,2,0,1,0,False,78,8.84487500297837
lambda,3.0,local,0,mixed,40,0.03,3.0,9,104,blockage,False,0,0,0,0,0,False,0,0.05408300785347819
lambda,3.0,local,0,mixed,40,0.03,3.0,10,105,breakdown,False,5,5,0,1,0,False,144,18.611917010275647
lambda,3.0,local,0,mixed,40,0.03,3.0,11,111,blockage,False,0,0,0,0,0,False,0,0.12037499982398003
lambda,6.0,local-flat,6,mixed,40,0.03,6.0,0,12,blockage,False,5,7,2,3,1,False,440,2425.6206669961102
lambda,6.0,local-flat,6,mixed,40,0.03,6.0,1,17,blockage,False,1,1,0,1,0,False,5,1.1431659950176254
lambda,6.0,local-flat,6,mixed,40,0.03,6.0,2,19,breakdown,False,4,4,0,1,0,False,295,1227.790000004461
lambda,6.0,local-flat,6,mixed,40,0.03,6.0,3,59,blockage,False,1,1,0,1,0,False,5,0.7295830000657588
lambda,6.0,local-flat,6,mixed,40,0.03,6.0,4,65,breakdown,False,1,1,0,1,0,False,3,17.900374994496815
lambda,6.0,local-flat,6,mixed,40,0.03,6.0,5,71,blockage,False,5,5,0,1,0,False,73,21.700416997191496
lambda,6.0,local-flat,6,mixed,40,0.03,6.0,6,92,emergency,True,1,1,0,1,0,False,61,12.219416996231303
lambda,6.0,local-flat,6,mixed,40,0.03,6.0,7,93,blockage,False,3,3,0,1,0,False,192,66.66812500043306
lambda,6.0,local-flat,6,mixed,40,0.03,6.0,8,97,blockage,False,4,4,0,1,0,False,79,7.470833996194415
lambda,6.0,local-flat,6,mixed,40,0.03,6.0,9,98,blockage,False,1,1,0,1,0,False,51,3.197165991878137
lambda,6.0,local-flat,6,mixed,40,0.03,6.0,10,104,emergency,True,1,1,0,1,0,False,47,2.7862919960170984
lambda,6.0,local-flat,6,mixed,40,0.03,6.0,11,114,blockage,False,8,8,0,1,0,False,323,33.81429199362174
lambda,6.0,local,8,mixed,40,0.03,6.0,0,18,emergency,True,1,1,0,1,0,False,87,1004.3982499919366
lambda,6.0,local,8,mixed,40,0.03,6.0,1,22,blockage,True,12,14,2,3,1,False,1094,13112.086875000386
lambda,6.0,local,8,mixed,40,0.03,6.0,2,24,breakdown,False,3,3,0,1,0,False,144,452.20170900574885
lambda,6.0,local,8,mixed,40,0.03,6.0,3,29,blockage,False,1,1,0,1,0,False,154,1137.7301669999724
lambda,6.0,local,8,mixed,40,0.03,6.0,4,48,breakdown,False,2,2,0,1,0,False,138,1215.8776659925934
lambda,6.0,local,8,mixed,40,0.03,6.0,5,51,emergency,True,1,1,0,1,0,False,266,804.3632500048261
lambda,6.0,local,8,mixed,40,0.03,6.0,6,52,blockage,False,2,2,0,1,0,False,90,77.69558399741072
lambda,6.0,local,8,mixed,40,0.03,6.0,7,80,blockage,False,2,3,1,3,1,False,123,157.03916699567344
lambda,6.0,local,8,mixed,40,0.03,6.0,8,84,blockage,False,7,7,0,3,1,False,425,388.8434580003377
lambda,6.0,local,8,mixed,40,0.03,6.0,9,109,blockage,False,2,3,1,2,1,False,30,7.927750004455447
lambda,6.0,local,8,mixed,40,0.03,6.0,10,112,blockage,False,2,2,0,1,0,False,8,1.2280829978408292
lambda,6.0,local,8,mixed,40,0.03,6.0,11,115,blockage,False,4,4,0,1,0,False,31,11.245000001508743
lambda,6.0,local-flat,5,mixed,40,0.03,6.0,0,46,blockage,True,7,8,1,3,1,False,528,2480.1843330060365
lambda,6.0,local-flat,5,mixed,40,0.03,6.0,1,58,blockage,False,6,6,0,1,0,False,324,640.1757499988889
lambda,6.0,local-flat,5,mixed,40,0.03,6.0,2,68,emergency,True,1,1,0,1,0,False,85,366.03054200531915
lambda,6.0,local-flat,5,mixed,40,0.03,6.0,3,69,emergency,True,1,1,0,1,0,False,103,99.48983299545944
lambda,6.0,local-flat,5,mixed,40,0.03,6.0,4,71,blockage,True,2,3,1,2,1,False,91,159.26379199663643
lambda,6.0,local-flat,5,mixed,40,0.03,6.0,5,72,blockage,True,5,5,0,1,0,False,313,801.194707994
lambda,6.0,local-flat,5,mixed,40,0.03,6.0,6,73,blockage,False,9,11,2,3,1,False,478,661.4061660075095
lambda,6.0,local-flat,5,mixed,40,0.03,6.0,7,77,breakdown,True,10,10,0,1,0,False,345,586.8952080054441
lambda,6.0,local-flat,5,mixed,40,0.03,6.0,8,80,breakdown,True,10,10,0,1,0,False,325,451.7266250040848
lambda,6.0,local-flat,5,mixed,40,0.03,6.0,9,88,blockage,False,3,3,0,1,0,False,143,64.82004199642688
lambda,6.0,local-flat,5,mixed,40,0.03,6.0,10,101,blockage,False,2,3,1,2,1,False,58,32.46291700634174
lambda,6.0,local-flat,5,mixed,40,0.03,6.0,11,122,blockage,False,0,0,0,0,0,False,0,0.05366699770092964
lambda,6.0,local-flat,7,mixed,40,0.03,6.0,0,28,blockage,False,2,2,0,1,0,False,53,121.3320420065429
lambda,6.0,local-flat,7,mixed,40,0.03,6.0,1,35,blockage,False,4,5,1,3,1,False,220,666.860291006742
lambda,6.0,local-flat,7,mixed,40,0.03,6.0,2,37,blockage,False,6,6,0,3,1,False,545,2706.9995409983676
lambda,6.0,local-flat,7,mixed,40,0.03,6.0,3,42,breakdown,True,19,22,3,3,1,False,881,1571.6284999944037
lambda,6.0,local-flat,7,mixed,40,0.03,6.0,4,100,blockage,False,5,5,0,1,0,False,211,41.97466700861696
lambda,6.0,local-flat,7,mixed,40,0.03,6.0,5,106,blockage,True,8,9,1,3,1,False,280,74.23724999534898
lambda,6.0,local-flat,7,mixed,40,0.03,6.0,6,113,blockage,False,0,0,0,0,0,False,0,0.05191699892748147
lambda,6.0,local-flat,7,mixed,40,0.03,6.0,7,115,blockage,False,3,3,0,1,0,False,77,7.66987499082461
lambda,6.0,local-flat,7,mixed,40,0.03,6.0,8,119,emergency,True,1,1,0,1,0,False,47,2.535041989176534
lambda,6.0,local-flat,7,mixed,40,0.03,6.0,9,122,emergency,True,1,1,0,1,0,False,49,41.184250003425404
lambda,6.0,local-flat,7,mixed,40,0.03,6.0,10,125,breakdown,False,2,2,0,1,0,False,56,6.969708003452979
lambda,6.0,local-flat,7,mixed,40,0.03,6.0,11,136,blockage,True,4,5,1,2,1,False,83,29.240832998766564
lambda,6.0,local-flat,9,mixed,40,0.03,6.0,0,10,emergency,True,1,2,1,3,1,False,75,371.0323330014944
lambda,6.0,local-flat,9,mixed,40,0.03,6.0,1,37,blockage,False,1,1,0,1,0,False,55,25.599750006222166
lambda,6.0,local-flat,9,mixed,40,0.03,6.0,2,59,blockage,False,9,18,9,2,1,False,1283,2275.000249996083
lambda,6.0,local-flat,9,mixed,40,0.03,6.0,3,60,blockage,False,2,2,0,1,0,False,34,1.9469169928925112
lambda,6.0,local-flat,9,mixed,40,0.03,6.0,4,63,breakdown,False,2,3,1,3,1,False,78,51.46916600642726
lambda,6.0,local-flat,9,mixed,40,0.03,6.0,5,76,blockage,False,0,0,0,0,0,False,0,0.1328750076936558
lambda,6.0,local-flat,9,mixed,40,0.03,6.0,6,80,blockage,False,1,1,0,1,0,False,13,11.437708002631553
lambda,6.0,local-flat,9,mixed,40,0.03,6.0,7,85,blockage,False,5,5,0,1,0,False,191,167.267290991731
lambda,6.0,local-flat,9,mixed,40,0.03,6.0,8,100,emergency,True,1,1,0,1,0,False,27,1.6287079924950376
lambda,6.0,local-flat,9,mixed,40,0.03,6.0,9,105,breakdown,False,2,2,0,1,0,False,13,0.9795419900910929
lambda,6.0,local-flat,9,mixed,40,0.03,6.0,10,110,blockage,False,2,2,0,1,0,False,52,7.000291996519081
lambda,6.0,local-flat,9,mixed,40,0.03,6.0,11,121,blockage,True,2,2,0,1,0,False,33,3.899957999237813
lambda,12.0,local,1,mixed,40,0.03,12.0,0,28,breakdown,False,1,1,0,1,0,False,7,16.166750006959774
lambda,12.0,local,1,mixed,40,0.03,12.0,1,47,blockage,False,0,0,0,0,0,False,0,0.06412500806618482
lambda,12.0,local,1,mixed,40,0.03,12.0,2,53,blockage,True,10,10,0,1,0,False,477,1502.5240830000257
lambda,12.0,local,1,mixed,40,0.03,12.0,3,63,breakdown,False,1,1,0,1,0,False,1,14.406333008082584
lambda,12.0,local,1,mixed,40,0.03,12.0,4,82,emergency,True,1,1,0,1,0,False,45,127.8149590070825
lambda,12.0,local,1,mixed,40,0.03,12.0,5,88,blockage,False,3,3,0,1,0,False,73,17.009582996251993
lambda,12.0,local,1,mixed,40,0.03,12.0,6,92,blockage,False,1,1,0,1,0,False,31,7.671459010452963
lambda,12.0,local,1,mixed,40,0.03,12.0,7,105,blockage,False,1,1,0,1,0,False,4,1.1706660006893799
lambda,12.0,local,1,mixed,40,0.03,12.0,8,111,emergency,True,1,1,0,1,0,False,62,15.87862501037307
lambda,12.0,local,1,mixed,40,0.03,12.0,9,118,blockage,False,2,2,0,1,0,False,95,32.654832990374416
lambda,12.0,local,1,mixed,40,0.03,12.0,10,121,blockage,False,11,13,2,1,0,False,637,255.714832994272
lambda,12.0,local,1,mixed,40,0.03,12.0,11,127,blockage,False,1,1,0,1,0,False,28,0.8913750061765313
lambda,12.0,local,2,mixed,40,0.03,12.0,0,19,blockage,False,1,1,0,1,0,False,1,0.971500005107373
lambda,12.0,local,2,mixed,40,0.03,12.0,1,21,blockage,False,5,5,0,1,0,False,257,739.6931249968475
lambda,12.0,local,2,mixed,40,0.03,12.0,2,30,emergency,True,1,1,0,1,0,False,92,360.8199159934884
lambda,12.0,local,2,mixed,40,0.03,12.0,3,42,emergency,True,1,1,0,1,0,False,43,159.85908299626317
lambda,12.0,local,2,mixed,40,0.03,12.0,4,46,blockage,False,0,0,0,0,0,False,0,0.05879100353922695
lambda,12.0,local,2,mixed,40,0.03,12.0,5,59,breakdown,False,1,1,0,1,0,False,2,0.8174589893314987
lambda,12.0,local,2,mixed,40,0.03,12.0,6,61,blockage,False,2,2,0,1,0,False,125,278.2234580081422
lambda,12.0,local,2,mixed,40,0.03,12.0,7,70,blockage,False,0,0,0,0,0,False,0,0.07933299639262259
lambda,12.0,local,2,mixed,40,0.03,12.0,8,75,blockage,True,9,10,1,3,1,False,353,157.8402500017546
lambda,12.0,local,2,mixed,40,0.03,12.0,9,89,blockage,False,5,5,0,1,0,False,201,9.002584003610536
lambda,12.0,local,2,mixed,40,0.03,12.0,10,94,breakdown,False,2,2,0,1,0,False,56,6.718584001646377
lambda,12.0,local,2,mixed,40,0.03,12.0,11,101,blockage,True,13,13,0,4,1,False,355,38.31370800617151
lambda,6.0,local-flat,8,mixed,40,0.03,6.0,0,18,emergency,True,1,1,0,1,0,False,61,512.1344170038356
lambda,6.0,local-flat,8,mixed,40,0.03,6.0,1,22,blockage,True,12,14,2,3,1,False,874,6428.6217910121195
lambda,6.0,local-flat,8,mixed,40,0.03,6.0,2,24,breakdown,False,3,3,0,1,0,False,144,353.04187500150874
lambda,6.0,local-flat,8,mixed,40,0.03,6.0,3,29,blockage,False,1,1,0,1,0,False,112,695.444500001031
lambda,6.0,local-flat,8,mixed,40,0.03,6.0,4,48,breakdown,False,2,2,0,1,0,False,80,544.7485410113586
lambda,6.0,local-flat,8,mixed,40,0.03,6.0,5,51,emergency,True,1,1,0,1,0,False,178,330.65766700019594
lambda,6.0,local-flat,8,mixed,40,0.03,6.0,6,52,blockage,False,2,2,0,1,0,False,90,72.9482500028098
lambda,6.0,local-flat,8,mixed,40,0.03,6.0,7,80,blockage,False,2,3,1,3,1,False,123,156.6153339954326
lambda,6.0,local-flat,8,mixed,40,0.03,6.0,8,84,blockage,False,7,7,0,3,1,False,393,256.622666012845
lambda,6.0,local-flat,8,mixed,40,0.03,6.0,9,109,blockage,False,2,3,1,2,1,False,30,15.063750004628673
lambda,6.0,local-flat,8,mixed,40,0.03,6.0,10,112,blockage,False,2,2,0,1,0,False,8,1.291416003368795
lambda,6.0,local-flat,8,mixed,40,0.03,6.0,11,115,blockage,False,4,4,0,1,0,False,31,7.987417004187591
lambda,12.0,local,3,mixed,40,0.03,12.0,0,9,blockage,False,3,3,0,1,0,False,127,339.15924999746494
lambda,12.0,local,3,mixed,40,0.03,12.0,1,10,emergency,True,1,1,0,1,0,False,100,1345.6555000011576
lambda,12.0,local,3,mixed,40,0.03,12.0,2,18,blockage,False,0,0,0,0,0,False,0,0.06695800402667373
lambda,12.0,local,3,mixed,40,0.03,12.0,3,22,blockage,False,6,6,0,2,1,False,483,2692.5342500035185
lambda,12.0,local,3,mixed,40,0.03,12.0,4,50,breakdown,False,2,2,0,1,0,False,64,10.856749999220483
lambda,12.0,local,3,mixed,40,0.03,12.0,5,60,blockage,True,15,15,0,1,0,False,506,453.1096249993425
lambda,12.0,local,3,mixed,40,0.03,12.0,6,74,blockage,False,3,3,0,1,0,False,48,4.938750003930181
lambda,12.0,local,3,mixed,40,0.03,12.0,7,75,emergency,True,1,1,0,1,0,False,37,47.458542001550086
lambda,12.0,local,3,mixed,40,0.03,12.0,8,86,breakdown,False,1,1,0,1,0,False,7,1.3778749998891726
lambda,12.0,local,3,mixed,40,0.03,12.0,9,95,blockage,False,3,3,0,1,0,False,56,15.31266600068193
lambda,12.0,local,3,mixed,40,0.03,12.0,10,100,blockage,False,3,3,0,1,0,False,15,4.65016599628143
lambda,12.0,local,3,mixed,40,0.03,12.0,11,105,blockage,True,11,12,1,4,1,False,480,157.1361250098562
lambda,6.0,local,4,mixed,40,0.03,6.0,0,15,blockage,False,2,2,0,1,0,False,196,2055.4355830099666
lambda,6.0,local,4,mixed,40,0.03,6.0,1,21,emergency,True,1,2,1,2,1,False,46,525.091750008869
lambda,6.0,local,4,mixed,40,0.03,6.0,2,28,breakdown,True,23,26,3,3,1,False,1997,19484.333917018375
lambda,6.0,local,4,mixed,40,0.03,6.0,3,54,breakdown,False,2,2,0,1,0,False,169,1335.9710829972755
lambda,6.0,local,4,mixed,40,0.03,6.0,4,54,emergency,True,1,2,1,2,1,False,10,44.70883299654815
lambda,6.0,local,4,mixed,40,0.03,6.0,5,59,blockage,True,9,10,1,2,1,False,785,3669.563667004695
lambda,6.0,local,4,mixed,40,0.03,6.0,6,61,blockage,False,0,0,0,0,0,False,0,0.05879100353922695
lambda,6.0,local,4,mixed,40,0.03,6.0,7,64,blockage,False,5,5,0,3,1,False,377,627.1077499986859
lambda,6.0,local,4,mixed,40,0.03,6.0,8,68,blockage,False,2,3,1,2,1,False,70,60.717333006323315
lambda,6.0,local,4,mixed,40,0.03,6.0,9,77,blockage,False,6,6,0,1,0,False,329,925.7218330021715
lambda,6.0,local,4,mixed,40,0.03,6.0,10,99,blockage,True,8,10,2,3,1,False,457,502.1435829985421
lambda,6.0,local,4,mixed,40,0.03,6.0,11,110,blockage,False,1,1,0,1,0,False,29,7.330791995627806
lambda,6.0,local-flat,4,mixed,40,0.03,6.0,0,15,blockage,False,2,2,0,1,0,False,158,1093.7403330026427
lambda,6.0,local-flat,4,mixed,40,0.03,6.0,1,21,emergency,True,1,2,1,2,1,False,34,327.7325000090059
lambda,6.0,local-flat,4,mixed,40,0.03,6.0,2,28,breakdown,True,23,26,3,3,1,False,1719,9996.106541992049
lambda,6.0,local-flat,4,mixed,40,0.03,6.0,3,54,breakdown,False,2,3,1,2,1,False,43,132.4876669968944
lambda,6.0,local-flat,4,mixed,40,0.03,6.0,4,54,emergency,True,1,2,1,3,1,False,47,146.09895799367223
lambda,6.0,local-flat,4,mixed,40,0.03,6.0,5,59,blockage,True,9,10,1,2,1,False,722,1807.202290990972
lambda,6.0,local-flat,4,mixed,40,0.03,6.0,6,61,blockage,False,0,0,0,0,0,False,0,0.05445799615699798
lambda,6.0,local-flat,4,mixed,40,0.03,6.0,7,64,blockage,False,6,9,3,3,1,False,379,578.0818339990219
lambda,6.0,local-flat,4,mixed,40,0.03,6.0,8,68,blockage,False,1,2,1,2,1,False,34,48.42012499284465
lambda,6.0,local-flat,4,mixed,40,0.03,6.0,9,77,blockage,False,4,5,1,3,1,False,144,283.4046659991145
lambda,6.0,local-flat,4,mixed,40,0.03,6.0,10,99,blockage,True,8,8,0,1,0,False,299,394.80070800345857
lambda,6.0,local-flat,4,mixed,40,0.03,6.0,11,110,blockage,False,2,3,1,3,1,False,55,17.07004100899212
lambda,12.0,local,6,mixed,40,0.03,12.0,0,12,blockage,False,5,6,1,2,1,False,333,1845.269166995422
lambda,12.0,local,6,mixed,40,0.03,12.0,1,17,blockage,False,1,1,0,1,0,False,5,1.6622080001980066
lambda,12.0,local,6,mixed,40,0.03,12.0,2,19,breakdown,False,4,4,0,3,1,False,201,307.49083300179336
lambda,12.0,local,6,mixed,40,0.03,12.0,3,59,blockage,False,1,1,0,1,0,False,5,0.6472079985542223
lambda,12.0,local,6,mixed,40,0.03,12.0,4,65,breakdown,False,1,1,0,1,0,False,3,6.802708987379447
lambda,12.0,local,6,mixed,40,0.03,12.0,5,71,blockage,False,5,5,0,1,0,False,65,6.641832995228469
lambda,12.0,local,6,mixed,40,0.03,12.0,6,92,emergency,True,1,1,0,1,0,False,72,66.71295801061206
lambda,12.0,local,6,mixed,40,0.03,12.0,7,93,blockage,False,3,3,0,1,0,False,160,4.64720900345128
lambda,12.0,local,6,mixed,40,0.03,12.0,8,97,blockage,False,4,4,0,1,0,False,76,8.181583994883113
lambda,12.0,local,6,mixed,40,0.03,12.0,9,98,blockage,False,1,1,0,1,0,False,5,0.3435420076129958
lambda,12.0,local,6,mixed,40,0.03,12.0,10,104,emergency,True,1,1,0,1,0,False,55,9.746249997988343
lambda,12.0,local,6,mixed,40,0.03,12.0,11,114,blockage,False,9,9,0,1,0,False,380,31.91537498787511
lambda,12.0,local,5,mixed,40,0.03,12.0,0,46,blockage,True,7,8,1,2,1,False,514,3396.1559169983957
lambda,12.0,local,5,mixed,40,0.03,12.0,1,58,blockage,False,6,6,0,1,0,False,264,527.4279580044094
lambda,12.0,local,5,mixed,40,0.03,12.0,2,68,emergency,True,1,1,0,1,0,False,81,192.94858300418127
lambda,12.0,local,5,mixed,40,0.03,12.0,3,69,emergency,True,1,1,0,1,0,False,87,163.88070800167043
lambda,12.0,local,5,mixed,40,0.03,12.0,4,71,blockage,True,3,3,0,1,0,False,153,230.3745829995023
lambda,12.0,local,5,mixed,40,0.03,12.0,5,72,blockage,True,6,6,0,1,0,False,249,704.0229589911178
lambda,12.0,local,5,mixed,40,0.03,12.0,6,73,blockage,False,9,9,0,1,0,False,457,466.0341660055565
lambda,12.0,local,5,mixed,40,0.03,12.0,7,77,breakdown,True,11,11,0,1,0,False,278,207.70299999276176
lambda,12.0,local,5,mixed,40,0.03,12.0,8,80,breakdown,True,11,11,0,1,0,False,399,689.1552079905523
lambda,12.0,local,5,mixed,40,0.03,12.0,9,88,blockage,False,3,3,0,1,0,False,137,52.44095799571369
lambda,12.0,local,5,mixed,40,0.03,12.0,10,101,blockage,False,1,1,0,1,0,False,28,26.66462500928901
lambda,12.0,local,5,mixed,40,0.03,12.0,11,122,blockage,False,0,0,0,0,0,False,0,0.055917000281624496
lambda,12.0,local,9,mixed,40,0.03,12.0,0,10,emergency,True,1,1,0,1,0,False,132,1483.532666999963
lambda,12.0,local,9,mixed,40,0.03,12.0,1,37,blockage,False,1,1,0,1,0,False,51,17.098499985877424
lambda,12.0,local,9,mixed,40,0.03,12.0,2,59,blockage,False,9,17,8,1,0,False,1252,2180.973251000978
lambda,12.0,local,9,mixed,40,0.03,12.0,3,60,blockage,False,2,2,0,1,0,False,34,2.0078749948879704
lambda,12.0,local,9,mixed,40,0.03,12.0,4,63,breakdown,False,2,3,1,3,1,False,78,77.06491700082552
lambda,12.0,local,9,mixed,40,0.03,12.0,5,76,blockage,False,0,0,0,0,0,False,0,0.05929199687670916
lambda,12.0,local,9,mixed,40,0.03,12.0,6,80,blockage,False,2,2,0,1,0,False,53,50.835417001508176
lambda,12.0,local,9,mixed,40,0.03,12.0,7,85,blockage,False,5,5,0,1,0,False,219,157.0162080024602
lambda,12.0,local,9,mixed,40,0.03,12.0,8,100,emergency,True,1,1,0,1,0,False,41,24.699125002371147
lambda,12.0,local,9,mixed,40,0.03,12.0,9,105,breakdown,False,2,2,0,1,0,False,13,1.2576669978443533
lambda,12.0,local,9,mixed,40,0.03,12.0,10,110,blockage,False,2,2,0,1,0,False,47,1.6985420079436153
lambda,12.0,local,9,mixed,40,0.03,12.0,11,121,blockage,True,3,3,0,1,0,False,81,105.28108400467318
lambda,12.0,local,7,mixed,40,0.03,12.0,0,28,blockage,False,2,2,0,1,0,False,41,87.67141700081993
lambda,12.0,local,7,mixed,40,0.03,12.0,1,35,blockage,False,4,5,1,3,1,False,178,462.5985419988865
lambda,12.0,local,7,mixed,40,0.03,12.0,2,37,blockage,False,6,6,0,3,1,False,445,2105.744375003269
lambda,12.0,local,7,mixed,40,0.03,12.0,3,42,breakdown,True,19,21,2,3,1,False,871,1305.0907919969177
lambda,12.0,local,7,mixed,40,0.03,12.0,4,100,blockage,False,6,6,0,1,0,False,276,61.2974590039812
lambda,12.0,local,7,mixed,40,0.03,12.0,5,106,blockage,True,8,8,0,1,0,False,234,58.65987499419134
lambda,12.0,local,7,mixed,40,0.03,12.0,6,113,blockage,False,4,4,0,1,0,False,122,95.3769580082735
lambda,12.0,local,7,mixed,40,0.03,12.0,7,115,blockage,False,2,2,0,1,0,False,56,2.069916998152621
lambda,12.0,local,7,mixed,40,0.03,12.0,8,119,emergency,True,1,1,0,1,0,False,74,22.523583989823237
lambda,12.0,local,7,mixed,40,0.03,12.0,9,122,emergency,True,1,1,0,1,0,False,52,48.29179200169165
lambda,12.0,local,7,mixed,40,0.03,12.0,10,125,breakdown,False,3,3,0,1,0,False,124,15.03641699673608
lambda,12.0,local,7,mixed,40,0.03,12.0,11,136,blockage,True,4,4,0,1,0,False,95,40.771375002805144
lambda,12.0,local-flat,1,mixed,40,0.03,12.0,0,28,breakdown,False,1,1,0,1,0,False,7,15.05916699534282
lambda,12.0,local-flat,1,mixed,40,0.03,12.0,1,47,blockage,False,0,0,0,0,0,False,0,0.13279198901727796
lambda,12.0,local-flat,1,mixed,40,0.03,12.0,2,53,blockage,True,10,10,0,1,0,False,461,1046.8837499938672
lambda,12.0,local-flat,1,mixed,40,0.03,12.0,3,63,breakdown,False,1,1,0,1,0,False,1,14.684792011394165
lambda,12.0,local-flat,1,mixed,40,0.03,12.0,4,82,emergency,True,1,1,0,1,0,False,37,57.362167004612274
lambda,12.0,local-flat,1,mixed,40,0.03,12.0,5,88,blockage,False,3,3,0,1,0,False,73,19.536250008968636
lambda,12.0,local-flat,1,mixed,40,0.03,12.0,6,92,blockage,False,1,1,0,1,0,False,31,3.5474580072332174
lambda,12.0,local-flat,1,mixed,40,0.03,12.0,7,105,blockage,False,1,1,0,1,0,False,4,0.8099580009002239
lambda,12.0,local-flat,1,mixed,40,0.03,12.0,8,111,emergency,True,1,1,0,1,0,False,54,3.9358329959213734
lambda,12.0,local-flat,1,mixed,40,0.03,12.0,9,118,blockage,False,2,2,0,1,0,False,83,4.431833993294276
lambda,12.0,local-flat,1,mixed,40,0.03,12.0,10,121,blockage,False,11,13,2,1,0,False,605,134.16379199770745
lambda,12.0,local-flat,1,mixed,40,0.03,12.0,11,127,blockage,False,1,1,0,1,0,False,28,0.8868339937180281
lambda,12.0,local-flat,2,mixed,40,0.03,12.0,0,19,blockage,False,1,1,0,1,0,False,1,1.5802499983692542
lambda,12.0,local-flat,2,mixed,40,0.03,12.0,1,21,blockage,False,5,5,0,1,0,False,257,644.1222079884028
lambda,12.0,local-flat,2,mixed,40,0.03,12.0,2,30,emergency,True,1,1,0,1,0,False,56,91.57658299955074
lambda,12.0,local-flat,2,mixed,40,0.03,12.0,3,42,emergency,True,1,1,0,1,0,False,35,58.62579100357834
lambda,12.0,local-flat,2,mixed,40,0.03,12.0,4,46,blockage,False,0,0,0,0,0,False,0,0.0694579939590767
lambda,12.0,local-flat,2,mixed,40,0.03,12.0,5,59,breakdown,False,1,1,0,1,0,False,2,0.9677909984020516
lambda,12.0,local-flat,2,mixed,40,0.03,12.0,6,61,blockage,False,2,2,0,1,0,False,125,269.8591250082245
lambda,12.0,local-flat,2,mixed,40,0.03,12.0,7,70,blockage,False,0,0,0,0,0,False,0,0.057375000324100256
lambda,12.0,local-flat,2,mixed,40,0.03,12.0,8,75,blockage,True,9,10,1,3,1,False,353,148.70262501062825
lambda,12.0,local-flat,2,mixed,40,0.03,12.0,9,89,blockage,False,5,5,0,1,0,False,201,8.86820800951682
lambda,12.0,local-flat,2,mixed,40,0.03,12.0,10,94,breakdown,False,2,2,0,1,0,False,56,6.616625003516674
lambda,12.0,local-flat,2,mixed,40,0.03,12.0,11,101,blockage,True,13,13,0,4,1,False,342,28.59816700220108
lambda,6.0,local-flat,0,mixed,40,0.03,6.0,0,11,blockage,False,3,4,1,2,1,False,334,4370.2627919992665
lambda,6.0,local-flat,0,mixed,40,0.03,6.0,1,23,breakdown,False,1,29,28,3,1,False,1362,16102.536792008323
lambda,6.0,local-flat,0,mixed,40,0.03,6.0,2,25,emergency,True,1,2,1,2,1,False,31,129.19658300234005
lambda,6.0,local-flat,0,mixed,40,0.03,6.0,3,27,blockage,False,7,12,5,3,1,False,266,788.2547499903012
lambda,6.0,local-flat,0,mixed,40,0.03,6.0,4,35,blockage,False,4,5,1,2,1,False,274,2515.3090829990106
lambda,6.0,local-flat,0,mixed,40,0.03,6.0,5,44,emergency,True,1,1,0,1,0,False,159,1209.3079999904148
lambda,6.0,local-flat,0,mixed,40,0.03,6.0,6,59,blockage,False,2,2,0,1,0,False,116,668.1145420006942
lambda,6.0,local-flat,0,mixed,40,0.03,6.0,7,62,blockage,False,3,3,0,1,0,False,135,223.6199999897508
lambda,6.0,local-flat,0,mixed,40,0.03,6.0,8,96,blockage,True,4,4,0,1,0,False,146,83.80104199750349
lambda,6.0,local-flat,0,mixed,40,0.03,6.0,9,104,blockage,False,0,0,0,0,0,False,0,0.056208999012596905
lambda,6.0,local-flat,0,mixed,40,0.03,6.0,10,105,breakdown,False,8,9,1,3,1,False,338,98.07300000102259
lambda,6.0,local-flat,0,mixed,40,0.03,6.0,11,111,blockage,False,1,1,0,1,0,False,7,0.560500004212372
lambda,12.0,local-flat,3,mixed,40,0.03,12.0,0,9,blockage,False,3,3,0,1,0,False,123,204.0912499942351
lambda,12.0,local-flat,3,mixed,40,0.03,12.0,1,10,emergency,True,1,1,0,1,0,False,56,375.73033399530686
lambda,12.0,local-flat,3,mixed,40,0.03,12.0,2,18,blockage,False,0,0,0,0,0,False,0,0.06624999514315277
lambda,12.0,local-flat,3,mixed,40,0.03,12.0,3,22,blockage,False,6,6,0,2,1,False,411,1216.7455839953618
lambda,12.0,local-flat,3,mixed,40,0.03,12.0,4,50,breakdown,False,2,2,0,1,0,False,64,8.224874996813014
lambda,12.0,local-flat,3,mixed,40,0.03,12.0,5,60,blockage,True,15,15,0,1,0,False,490,206.2926249927841
lambda,12.0,local-flat,3,mixed,40,0.03,12.0,6,74,blockage,False,3,3,0,1,0,False,48,3.9101250004023314
lambda,12.0,local-flat,3,mixed,40,0.03,12.0,7,75,emergency,True,1,1,0,1,0,False,29,10.581333001027815
lambda,12.0,local-flat,3,mixed,40,0.03,12.0,8,86,breakdown,False,1,1,0,1,0,False,7,0.7006669911788777
lambda,12.0,local-flat,3,mixed,40,0.03,12.0,9,95,blockage,False,3,3,0,1,0,False,56,14.24370899621863
lambda,12.0,local-flat,3,mixed,40,0.03,12.0,10,100,blockage,False,3,3,0,1,0,False,15,4.241167000145651
lambda,12.0,local-flat,3,mixed,40,0.03,12.0,11,105,blockage,True,11,12,1,4,1,False,465,139.56695901288185
lambda,12.0,local,8,mixed,40,0.03,12.0,0,18,emergency,True,1,1,0,1,0,False,73,840.401749999728
lambda,12.0,local,8,mixed,40,0.03,12.0,1,22,blockage,True,12,14,2,3,1,False,706,5093.461124997702
lambda,12.0,local,8,mixed,40,0.03,12.0,2,24,breakdown,False,3,3,0,1,0,False,134,337.4309170030756
lambda,12.0,local,8,mixed,40,0.03,12.0,3,29,blockage,False,1,1,0,1,0,False,64,175.86158400808927
lambda,12.0,local,8,mixed,40,0.03,12.0,4,48,breakdown,False,2,2,0,1,0,False,72,593.2248749886639
lambda,12.0,local,8,mixed,40,0.03,12.0,5,51,emergency,True,1,1,0,1,0,False,138,287.09595900727436
lambda,12.0,local,8,mixed,40,0.03,12.0,6,52,blockage,False,2,2,0,1,0,False,78,30.242209002608433
lambda,12.0,local,8,mixed,40,0.03,12.0,7,80,blockage,False,2,2,0,1,0,False,100,90.82970800227486
lambda,12.0,local,8,mixed,40,0.03,12.0,8,84,blockage,False,7,7,0,1,0,False,402,332.1564159996342
lambda,12.0,local,8,mixed,40,0.03,12.0,9,109,blockage,False,2,2,0,1,0,False,68,25.052458004211076
lambda,12.0,local,8,mixed,40,0.03,12.0,10,112,blockage,False,2,2,0,1,0,False,54,4.3411670048953965
lambda,12.0,local,8,mixed,40,0.03,12.0,11,115,blockage,False,2,2,0,1,0,False,99,4.865625000093132
lambda,12.0,local-flat,6,mixed,40,0.03,12.0,0,12,blockage,False,5,6,1,2,1,False,303,1055.3838329942664
lambda,12.0,local-flat,6,mixed,40,0.03,12.0,1,17,blockage,False,1,1,0,1,0,False,5,1.0923329973593354
lambda,12.0,local-flat,6,mixed,40,0.03,12.0,2,19,breakdown,False,4,4,0,3,1,False,201,328.26824999938253
lambda,12.0,local-flat,6,mixed,40,0.03,12.0,3,59,blockage,False,1,1,0,1,0,False,5,0.8539580012438819
lambda,12.0,local-flat,6,mixed,40,0.03,12.0,4,65,breakdown,False,1,1,0,1,0,False,3,4.551749996608123
lambda,12.0,local-flat,6,mixed,40,0.03,12.0,5,71,blockage,False,5,5,0,1,0,False,65,8.196458002203144
lambda,12.0,local-flat,6,mixed,40,0.03,12.0,6,92,emergency,True,1,1,0,1,0,False,48,1.3665410078829154
lambda,12.0,local-flat,6,mixed,40,0.03,12.0,7,93,blockage,False,3,3,0,1,0,False,160,7.5632920052157715
lambda,12.0,local-flat,6,mixed,40,0.03,12.0,8,97,blockage,False,4,4,0,1,0,False,76,12.452082999516279
lambda,12.0,local-flat,6,mixed,40,0.03,12.0,9,98,blockage,False,1,1,0,1,0,False,5,1.054167005349882
lambda,12.0,local-flat,6,mixed,40,0.03,12.0,10,104,emergency,True,1,1,0,1,0,False,47,7.159249988035299
lambda,12.0,local-flat,6,mixed,40,0.03,12.0,11,114,blockage,False,9,9,0,1,0,False,380,38.83758399751969
lambda,12.0,local-flat,7,mixed,40,0.03,12.0,0,28,blockage,False,2,2,0,1,0,False,41,94.67008399951737
lambda,12.0,local-flat,7,mixed,40,0.03,12.0,1,35,blockage,False,4,5,1,3,1,False,176,363.4222079999745
lambda,12.0,local-flat,7,mixed,40,0.03,12.0,2,37,blockage,False,6,6,0,3,1,False,445,2481.8362919904757
lambda,12.0,local-flat,7,mixed,40,0.03,12.0,3,42,breakdown,True,19,21,2,3,1,False,839,1112.2687919996679
lambda,12.0,local-flat,7,mixed,40,0.03,12.0,4,100,blockage,False,6,6,0,1,0,False,272,34.937582997372374
lambda,12.0,local-flat,7,mixed,40,0.03,12.0,5,106,blockage,True,8,8,0,1,0,False,234,74.73362500604708
lambda,12.0,local-flat,7,mixed,40,0.03,12.0,6,113,blockage,False,4,4,0,1,0,False,122,115.8929579978576
lambda,12.0,local-flat,7,mixed,40,0.03,12.0,7,115,blockage,False,2,2,0,1,0,False,56,3.614208006183617
lambda,12.0,local-flat,7,mixed,40,0.03,12.0,8,119,emergency,True,1,1,0,1,0,False,58,6.502666990854777
lambda,12.0,local-flat,7,mixed,40,0.03,12.0,9,122,emergency,True,1,1,0,1,0,False,34,8.109083995805122
lambda,12.0,local-flat,7,mixed,40,0.03,12.0,10,125,breakdown,False,3,3,0,1,0,False,112,6.351417003315873
lambda,12.0,local-flat,7,mixed,40,0.03,12.0,11,136,blockage,True,4,4,0,1,0,False,88,9.554167001624592
lambda,12.0,local-flat,5,mixed,40,0.03,12.0,0,46,blockage,True,7,8,1,2,1,False,404,2070.2269169996725
lambda,12.0,local-flat,5,mixed,40,0.03,12.0,1,58,blockage,False,6,6,0,1,0,False,264,634.9290000071051
lambda,12.0,local-flat,5,mixed,40,0.03,12.0,2,68,emergency,True,1,1,0,1,0,False,57,154.75891600362957
lambda,12.0,local-flat,5,mixed,40,0.03,12.0,3,69,emergency,True,1,1,0,1,0,False,55,105.54100001172628
lambda,12.0,local-flat,5,mixed,40,0.03,12.0,4,71,blockage,True,3,3,0,1,0,False,149,208.9892499934649
lambda,12.0,local-flat,5,mixed,40,0.03,12.0,5,72,blockage,True,6,6,0,1,0,False,229,777.8123750031227
lambda,12.0,local-flat,5,mixed,40,0.03,12.0,6,73,blockage,False,9,9,0,1,0,False,457,524.7108330077026
lambda,12.0,local-flat,5,mixed,40,0.03,12.0,7,77,breakdown,True,11,11,0,1,0,False,266,143.62295799946878
lambda,12.0,local-flat,5,mixed,40,0.03,12.0,8,80,breakdown,True,11,11,0,1,0,False,399,859.7212909953669
lambda,12.0,local-flat,5,mixed,40,0.03,12.0,9,88,blockage,False,3,3,0,1,0,False,137,63.518124996335246
lambda,12.0,local-flat,5,mixed,40,0.03,12.0,10,101,blockage,False,1,1,0,1,0,False,28,33.556166003108956
lambda,12.0,local-flat,5,mixed,40,0.03,12.0,11,122,blockage,False,0,0,0,0,0,False,0,0.05612500535789877
lambda,12.0,local-flat,9,mixed,40,0.03,12.0,0,10,emergency,True,1,1,0,1,0,False,94,1136.1660000111442
lambda,12.0,local-flat,9,mixed,40,0.03,12.0,1,37,blockage,False,1,1,0,1,0,False,51,29.405624998616986
lambda,12.0,local-flat,9,mixed,40,0.03,12.0,2,59,blockage,False,9,18,9,2,1,False,1120,1982.1744170039892
lambda,12.0,local-flat,9,mixed,40,0.03,12.0,3,60,blockage,False,2,2,0,1,0,False,34,2.166459002182819
lambda,12.0,local-flat,9,mixed,40,0.03,12.0,4,63,breakdown,False,2,3,1,3,1,False,78,92.02012501191348
lambda,12.0,local-flat,9,mixed,40,0.03,12.0,5,76,blockage,False,0,0,0,0,0,False,0,0.05920800322201103
lambda,12.0,local-flat,9,mixed,40,0.03,12.0,6,80,blockage,False,1,1,0,1,0,False,13,13.601625003502704
lambda,12.0,local-flat,9,mixed,40,0.03,12.0,7,85,blockage,False,5,5,0,1,0,False,183,141.23649999964982
lambda,12.0,local-flat,9,mixed,40,0.03,12.0,8,100,emergency,True,1,1,0,1,0,False,27,1.71254099404905
lambda,12.0,local-flat,9,mixed,40,0.03,12.0,9,105,breakdown,False,2,2,0,1,0,False,13,0.9610830020392314
lambda,12.0,local-flat,9,mixed,40,0.03,12.0,10,110,blockage,False,2,2,0,1,0,False,44,1.7519170069135725
lambda,12.0,local-flat,9,mixed,40,0.03,12.0,11,121,blockage,True,2,2,0,1,0,False,31,3.5387920070206746
lambda,0.0,local,1,mixed,20,0.03,0.0,0,11,breakdown,False,1,1,0,1,0,False,2,5.342290998669341
lambda,0.0,local,1,mixed,20,0.03,0.0,1,43,blockage,False,2,3,1,3,1,False,45,36.57637498690747
lambda,0.0,local,1,mixed,20,0.03,0.0,2,48,blockage,True,10,13,3,3,1,False,197,248.83937499544118
lambda,0.0,local,1,mixed,20,0.03,0.0,3,57,breakdown,False,2,2,0,1,0,False,27,28.83533400017768
lambda,0.0,local,1,mixed,20,0.03,0.0,4,80,blockage,False,1,1,0,1,0,False,2,5.5480829905718565
lambda,0.0,local,1,mixed,20,0.03,0.0,5,82,emergency,True,1,3,2,2,2,False,22,17.445000004954636
lambda,0.0,local,1,mixed,20,0.03,0.0,6,83,blockage,False,0,0,0,0,0,False,0,0.03512500552460551
lambda,0.0,local,1,mixed,20,0.03,0.0,7,95,blockage,False,3,3,0,1,0,False,19,4.724375001387671
lambda,0.0,local,1,mixed,20,0.03,0.0,8,100,emergency,True,1,1,0,1,0,False,55,42.4030410067644
lambda,0.0,local,1,mixed,20,0.03,0.0,9,107,blockage,False,1,1,0,1,0,False,1,1.8407079915050417
lambda,0.0,local,1,mixed,20,0.03,0.0,10,109,blockage,False,0,0,0,0,0,False,0,0.02808299905154854
lambda,0.0,local,1,mixed,20,0.03,0.0,11,115,blockage,False,1,1,0,1,0,False,8,4.753708999487571
lambda,0.0,local,0,mixed,20,0.03,0.0,0,11,blockage,False,1,3,2,2,2,False,32,155.08995900745504
lambda,0.0,local,0,mixed,20,0.03,0.0,1,14,breakdown,False,2,3,1,2,1,False,10,44.76045801129658
lambda,0.0,local,0,mixed,20,0.03,0.0,2,28,blockage,False,3,5,2,3,1,False,92,182.5709580007242
lambda,0.0,local,0,mixed,20,0.03,0.0,3,30,emergency,True,1,2,1,2,1,False,16,67.31354100338649
lambda,0.0,local,0,mixed,20,0.03,0.0,4,36,emergency,True,1,2,1,2,1,False,19,40.76062500826083
lambda,0.0,local,0,mixed,20,0.03,0.0,5,37,blockage,False,1,1,0,1,0,False,4,0.8894589991541579
lambda,0.0,local,0,mixed,20,0.03,0.0,6,62,blockage,False,1,1,0,1,0,False,3,1.108291995478794
lambda,0.0,local,0,mixed,20,0.03,0.0,7,66,blockage,False,0,0,0,0,0,False,0,0.02895899524446577
lambda,0.0,local,0,mixed,20,0.03,0.0,8,102,blockage,True,3,4,1,3,1,False,57,31.10508300596848
lambda,0.0,local,0,mixed,20,0.03,0.0,9,110,blockage,False,0,0,0,0,0,False,0,0.03512500552460551
lambda,0.0,local,0,mixed,20,0.03,0.0,10,112,breakdown,False,1,1,0,1,0,False,0,1.2584579963004217
lambda,0.0,local,0,mixed,20,0.03,0.0,11,117,blockage,False,0,0,0,0,0,False,0,0.03679200017359108
lambda,0.0,local,2,mixed,20,0.03,0.0,0,12,breakdown,False,4,5,1,3,1,False,64,90.39012499852106
lambda,0.0,local,2,mixed,20,0.03,0.0,1,18,blockage,False,2,2,0,1,0,False,8,2.661207996425219
lambda,0.0,local,2,mixed,20,0.03,0.0,2,20,blockage,False,1,1,0,1,0,False,2,2.508125005988404
lambda,0.0,local,2,mixed,20,0.03,0.0,3,20,emergency,True,1,2,1,3,1,False,41,70.60450001154095
lambda,0.0,local,2,mixed,20,0.03,0.0,4,25,emergency,True,1,2,1,3,1,False,26,22.36908300255891
lambda,0.0,local,2,mixed,20,0.03,0.0,5,43,blockage,False,2,2,0,1,0,False,50,4.856124985963106
lambda,0.0,local,2,mixed,20,0.03,0.0,6,57,blockage,False,0,0,0,0,0,False,0,0.033374992199242115
lambda,0.0,local,2,mixed,20,0.03,0.0,7,65,blockage,False,0,0,0,0,0,False,0,0.02549999044276774
lambda,0.0,local,2,mixed,20,0.03,0.0,8,69,blockage,True,2,2,0,1,0,False,3,2.440124997519888
lambda,0.0,local,2,mixed,20,0.03,0.0,9,83,blockage,False,1,1,0,1,0,False,24,7.628542007296346
lambda,0.0,local,2,mixed,20,0.03,0.0,10,88,breakdown,False,3,3,0,1,0,False,24,4.595166989020072
lambda,0.0,local,2,mixed,20,0.03,0.0,11,94,blockage,True,1,1,0,1,0,False,2,1.014582987409085
lambda,0.0,local,4,mixed,20,0.03,0.0,0,12,blockage,False,1,1,0,1,0,False,5,0.8788329869275913
lambda,0.0,local,4,mixed,20,0.03,0.0,1,24,breakdown,True,5,5,0,1,0,False,25,8.460833007120527
lambda,0.0,local,4,mixed,20,0.03,0.0,2,30,emergency,True,1,2,1,2,1,False,16,32.09812499699183
lambda,0.0,local,4,mixed,20,0.03,0.0,3,52,blockage,True,5,7,2,3,1,False,87,58.92599999788217
lambda,0.0,local,4,mixed,20,0.03,0.0,4,54,blockage,False,0,0,0,0,0,False,0,0.039582999306730926
lambda,0.0,local,4,mixed,20,0.03,0.0,5,57,blockage,False,3,3,0,1,0,False,10,4.046582995215431
lambda,0.0,local,4,mixed,20,0.03,0.0,6,60,blockage,False,0,0,0,0,0,False,0,0.03562499477993697
lambda,0.0,local,4,mixed,20,0.03,0.0,7,64,emergency,True,1,1,0,1,0,False,15,15.706749996752478
lambda,0.0,local,4,mixed,20,0.03,0.0,8,65,breakdown,False,2,2,0,1,0,False,22,2.738291004789062
lambda,0.0,local,4,mixed,20,0.03,0.0,9,68,blockage,False,1,3,2,6,0,True,25,14.741833001608029
lambda,0.0,local,4,mixed,20,0.03,0.0,10,88,blockage,True,4,7,3,6,0,True,34,10.278125002514571
lambda,0.0,local,4,mixed,20,0.03,0.0,11,98,blockage,False,1,1,0,1,0,False,5,0.4300419968785718
lambda,12.0,local-flat,8,mixed,40,0.03,12.0,0,18,emergency,True,1,1,0,1,0,False,43,262.5611669936916
lambda,12.0,local-flat,8,mixed,40,0.03,12.0,1,22,blockage,True,12,14,2,3,1,False,650,3584.2616250010906
lambda,12.0,local-flat,8,mixed,40,0.03,12.0,2,24,breakdown,False,3,3,0,1,0,False,134,287.45845799858216
lambda,12.0,local-flat,8,mixed,40,0.03,12.0,3,29,blockage,False,1,1,0,1,0,False,60,157.44954100227915
lambda,12.0,local-flat,8,mixed,40,0.03,12.0,4,48,breakdown,False,2,2,0,1,0,False,56,362.1252079901751
lambda,12.0,local-flat,8,mixed,40,0.03,12.0,5,51,emergency,True,1,1,0,1,0,False,82,55.518291002954356
lambda,12.0,local-flat,8,mixed,40,0.03,12.0,6,52,blockage,False,2,2,0,1,0,False,78,36.55304099083878
lambda,12.0,local-flat,8,mixed,40,0.03,12.0,7,80,blockage,False,2,2,0,1,0,False,100,69.70637499762233
lambda,12.0,local-flat,8,mixed,40,0.03,12.0,8,84,blockage,False,7,7,0,1,0,False,378,223.82945800200105
lambda,12.0,local-flat,8,mixed,40,0.03,12.0,9,109,blockage,False,2,2,0,1,0,False,68,13.22420900396537
lambda,12.0,local-flat,8,mixed,40,0.03,12.0,10,112,blockage,False,2,2,0,1,0,False,54,3.8711249944753945
lambda,12.0,local-flat,8,mixed,40,0.03,12.0,11,115,blockage,False,2,2,0,1,0,False,99,1.6180420061573386
lambda,0.0,local,6,mixed,20,0.03,0.0,0,9,blockage,False,4,6,2,2,2,False,96,170.9782090038061
lambda,0.0,local,6,mixed,20,0.03,0.0,1,13,blockage,False,0,0,0,0,0,False,0,0.05233399861026555
lambda,0.0,local,6,mixed,20,0.03,0.0,2,38,emergency,True,1,1,0,1,0,False,1,1.409791992045939
lambda,0.0,local,6,mixed,20,0.03,0.0,3,46,blockage,False,1,1,0,1,0,False,1,1.1230840027565137
lambda,0.0,local,6,mixed,20,0.03,0.0,4,51,breakdown,False,1,1,0,1,0,False,2,2.9964999994263053
lambda,0.0,local,6,mixed,20,0.03,0.0,5,55,blockage,False,4,4,0,1,0,False,58,26.884583014179952
lambda,0.0,local,6,mixed,20,0.03,0.0,6,59,breakdown,False,2,2,0,1,0,False,4,3.5113330086460337
lambda,0.0,local,6,mixed,20,0.03,0.0,7,72,blockage,False,0,0,0,0,0,False,0,0.0374590017599985
lambda,0.0,local,6,mixed,20,0.03,0.0,8,75,blockage,False,3,3,0,1,0,False,5,2.1290000004228204
lambda,0.0,local,6,mixed,20,0.03,0.0,9,76,blockage,False,2,3,1,3,1,False,31,31.787208004971035
lambda,0.0,local,6,mixed,20,0.03,0.0,10,88,blockage,False,1,2,1,2,1,False,16,8.508625003742054
lambda,0.0,local,6,mixed,20,0.03,0.0,11,94,emergency,True,1,3,2,6,0,True,24,10.613999998895451
lambda,0.0,local,3,mixed,20,0.03,0.0,0,9,blockage,False,3,4,1,3,1,False,140,536.8398340069689
lambda,0.0,local,3,mixed,20,0.03,0.0,1,18,blockage,False,1,1,0,1,0,False,17,11.536624995642342
lambda,0.0,local,3,mixed,20,0.03,0.0,2,21,blockage,False,2,3,1,3,1,False,38,27.523708005901426
lambda,0.0,local,3,mixed,20,0.03,0.0,3,59,blockage,True,10,10,0,1,0,False,98,169.17720799392555
lambda,0.0,local,3,mixed,20,0.03,0.0,4,73,blockage,False,1,2,1,2,1,False,19,3.639000002294779
lambda,0.0,local,3,mixed,20,0.03,0.0,5,75,emergency,True,1,2,1,3,1,False,20,12.254208995727822
lambda,0.0,local,3,mixed,20,0.03,0.0,6,84,breakdown,False,1,1,0,1,0,False,1,1.163833003374748
lambda,0.0,local,3,mixed,20,0.03,0.0,7,87,breakdown,False,1,1,0,1,0,False,3,1.6969159914879128
lambda,0.0,local,3,mixed,20,0.03,0.0,8,93,blockage,False,3,3,0,1,0,False,8,7.5965830037603155
lambda,0.0,local,3,mixed,20,0.03,0.0,9,96,emergency,True,1,1,0,1,0,False,5,12.305166994337924
lambda,0.0,local,3,mixed,20,0.03,0.0,10,98,blockage,False,3,4,1,3,1,False,41,10.23179100593552
lambda,0.0,local,3,mixed,20,0.03,0.0,11,103,blockage,True,1,1,0,1,0,False,13,9.870666995993815
lambda,0.0,local,8,mixed,20,0.03,0.0,0,18,blockage,True,6,9,3,3,1,False,104,149.96241600601934
lambda,0.0,local,8,mixed,20,0.03,0.0,1,24,blockage,False,1,1,0,1,0,False,38,50.88854199857451
lambda,0.0,local,8,mixed,20,0.03,0.0,2,32,emergency,True,1,2,1,2,1,False,34,21.61966700805351
lambda,0.0,local,8,mixed,20,0.03,0.0,3,41,breakdown,False,2,4,2,3,2,False,53,17.289084004005417
lambda,0.0,local,8,mixed,20,0.03,0.0,4,44,blockage,False,1,3,2,6,0,True,36,19.164208002621308
lambda,0.0,local,8,mixed,20,0.03,0.0,5,67,blockage,False,1,1,0,1,0,False,30,16.577957998379134
lambda,0.0,local,8,mixed,20,0.03,0.0,6,71,blockage,False,5,5,0,1,0,False,15,5.085625001811422
lambda,0.0,local,8,mixed,20,0.03,0.0,7,92,blockage,False,2,2,0,1,0,False,2,1.399832995957695
lambda,0.0,local,8,mixed,20,0.03,0.0,8,94,emergency,True,1,4,3,6,0,True,24,20.325000004959293
lambda,0.0,local,8,mixed,20,0.03,0.0,9,95,blockage,False,1,1,0,1,0,False,2,1.0706670000217855
lambda,0.0,local,8,mixed,20,0.03,0.0,10,97,blockage,False,1,1,0,1,0,False,32,2.186625002650544
lambda,0.0,local,8,mixed,20,0.03,0.0,11,102,breakdown,False,1,1,0,1,0,False,4,0.2928750036517158
lambda,0.0,local,9,mixed,20,0.03,0.0,0,19,breakdown,False,1,1,0,1,0,False,1,1.2964999914402142
lambda,0.0,local,9,mixed,20,0.03,0.0,1,26,emergency,True,1,2,1,2,1,False,16,56.70033299247734
lambda,0.0,local,9,mixed,20,0.03,0.0,2,37,blockage,False,0,0,0,0,0,False,0,0.04141700628679246
lambda,0.0,local,9,mixed,20,0.03,0.0,3,58,blockage,False,4,4,0,1,0,False,32,7.10145800258033
lambda,0.0,local,9,mixed,20,0.03,0.0,4,59,blockage,False,0,0,0,0,0,False,0,0.08074998913798481
lambda,0.0,local,9,mixed,20,0.03,0.0,5,75,blockage,False,2,2,0,1,0,False,3,2.368917004787363
lambda,0.0,local,9,mixed,20,0.03,0.0,6,79,blockage,False,4,6,2,3,1,False,84,17.589166993275285
lambda,0.0,local,9,mixed,20,0.03,0.0,7,84,blockage,False,2,2,0,1,0,False,4,2.510958001948893
lambda,0.0,local,9,mixed,20,0.03,0.0,8,99,emergency,True,1,1,0,1,0,False,13,11.29912500618957
lambda,0.0,local,9,mixed,20,0.03,0.0,9,103,breakdown,False,1,1,0,1,0,False,0,0.425833000917919
lambda,0.0,local,9,mixed,20,0.03,0.0,10,108,blockage,False,4,4,0,1,0,False,38,3.101666006841697
lambda,0.0,local,9,mixed,20,0.03,0.0,11,120,blockage,True,1,1,0,1,0,False,2,0.7312910020118579
lambda,0.0,local-flat,1,mixed,20,0.03,0.0,0,11,breakdown,False,1,1,0,1,0,False,2,2.9220830037957057
lambda,0.0,local-flat,1,mixed,20,0.03,0.0,1,43,blockage,False,2,3,1,3,1,False,45,40.419666009256616
lambda,0.0,local-flat,1,mixed,20,0.03,0.0,2,48,blockage,True,10,13,3,3,1,False,197,301.4414999925066
lambda,0.0,local-flat,1,mixed,20,0.03,0.0,3,57,breakdown,False,2,2,0,1,0,False,27,17.060250000213273
lambda,0.0,local-flat,1,mixed,20,0.03,0.0,4,80,blockage,False,1,1,0,1,0,False,2,4.51820800662972
lambda,0.0,local-flat,1,mixed,20,0.03,0.0,5,82,emergency,True,1,2,1,2,1,False,19,12.322249996941537
lambda,0.0,local-flat,1,mixed,20,0.03,0.0,6,83,blockage,False,0,0,0,0,0,False,0,0.03429099160712212
lambda,0.0,local-flat,1,mixed,20,0.03,0.0,7,95,blockage,False,3,3,0,1,0,False,25,6.099207996157929
lambda,0.0,local-flat,1,mixed,20,0.03,0.0,8,100,emergency,True,1,1,0,1,0,False,46,18.486875007511117
lambda,0.0,local-flat,1,mixed,20,0.03,0.0,9,107,blockage,False,1,1,0,1,0,False,0,1.9711670029209927
lambda,0.0,local-flat,1,mixed,20,0.03,0.0,10,109,blockage,False,0,0,0,0,0,False,0,0.03416599065531045
lambda,0.0,local-flat,1,mixed,20,0.03,0.0,11,115,blockage,False,1,1,0,1,0,False,8,7.710334000876173
lambda,0.0,local,7,mixed,20,0.03,0.0,0,23,blockage,False,1,4,3,3,2,False,102,191.34450001001824
lambda,0.0,local,7,mixed,20,0.03,0.0,1,29,blockage,False,3,4,1,2,1,False,151,779.7255420009606
lambda,0.0,local,7,mixed,20,0.03,0.0,2,31,blockage,False,2,2,0,1,0,False,66,208.81162499426864
lambda,0.0,local,7,mixed,20,0.03,0.0,3,58,emergency,True,1,1,0,1,0,False,45,47.034666989929974
lambda,0.0,local,7,mixed,20,0.03,0.0,4,69,emergency,True,1,3,2,3,1,False,52,95.79416700580623
lambda,0.0,local,7,mixed,20,0.03,0.0,5,73,breakdown,True,4,4,0,1,0,False,69,23.468125000363216
lambda,0.0,local,7,mixed,20,0.03,0.0,6,82,blockage,False,3,4,1,3,1,False,47,22.67950000532437
lambda,0.0,local,7,mixed,20,0.03,0.0,7,87,blockage,True,3,4,1,3,1,False,44,20.21945800515823
lambda,0.0,local,7,mixed,20,0.03,0.0,8,93,blockage,False,1,1,0,1,0,False,12,1.2757500080624595
lambda,0.0,local,7,mixed,20,0.03,0.0,9,95,blockage,False,1,1,0,1,0,False,2,1.2112499971408397
lambda,0.0,local,7,mixed,20,0.03,0.0,10,103,breakdown,False,2,2,0,1,0,False,13,1.8607500096550211
lambda,0.0,local,7,mixed,20,0.03,0.0,11,112,blockage,True,1,1,0,1,0,False,2,1.2275830085854977
lambda,0.0,local-flat,2,mixed,20,0.03,0.0,0,12,breakdown,False,4,5,1,3,1,False,64,95.89762499672361
lambda,0.0,local-flat,2,mixed,20,0.03,0.0,1,18,blockage,False,2,2,0,1,0,False,8,5.928290993324481
lambda,0.0,local-flat,2,mixed,20,0.03,0.0,2,20,blockage,False,1,1,0,1,0,False,2,2.6577499957056716
lambda,0.0,local-flat,2,mixed,20,0.03,0.0,3,20,emergency,True,1,2,1,3,1,False,41,68.0828340118751
lambda,0.0,local-flat,2,mixed,20,0.03,0.0,4,25,emergency,True,1,2,1,3,1,False,26,15.59958299912978
lambda,0.0,local-flat,2,mixed,20,0.03,0.0,5,43,blockage,False,2,2,0,1,0,False,50,4.951958006131463
lambda,0.0,local-flat,2,mixed,20,0.03,0.0,6,57,blockage,False,0,0,0,0,0,False,0,0.03245800326112658
lambda,0.0,local-flat,2,mixed,20,0.03,0.0,7,65,blockage,False,0,0,0,0,0,False,0,0.02545899769756943
lambda,0.0,local-flat,2,mixed,20,0.03,0.0,8,69,blockage,True,2,2,0,1,0,False,3,4.20533400028944
lambda,0.0,local-flat,2,mixed,20,0.03,0.0,9,83,blockage,False,1,1,0,1,0,False,24,9.944250006810762
lambda,0.0,local-flat,2,mixed,20,0.03,0.0,10,88,breakdown,False,3,3,0,1,0,False,24,5.4304169898387045
lambda,0.0,local-flat,2,mixed,20,0.03,0.0,11,94,blockage,True,1,1,0,1,0,False,2,3.0365420097950846
lambda,0.0,local-flat,0,mixed,20,0.03,0.0,0,11,blockage,False,1,4,3,3,1,False,112,507.2850419965107
lambda,0.0,local-flat,0,mixed,20,0.03,0.0,1,14,breakdown,False,2,3,1,2,1,False,10,54.83899998944253
lambda,0.0,local-flat,0,mixed,20,0.03,0.0,2,28,blockage,False,3,5,2,3,1,False,89,147.77300000423566
lambda,0.0,local-flat,0,mixed,20,0.03,0.0,3,30,emergency,True,1,2,1,2,1,False,16,81.26270899083465
lambda,0.0,local-flat,0,mixed,20,0.03,0.0,4,36,emergency,True,1,2,1,2,1,False,22,32.51083299983293
lambda,0.0,local-flat,0,mixed,20,0.03,0.0,5,37,blockage,False,1,1,0,1,0,False,4,0.9397499961778522
lambda,0.0,local-flat,0,mixed,20,0.03,0.0,6,62,blockage,False,1,1,0,1,0,False,4,1.4403749955818057
lambda,0.0,local-flat,0,mixed,20,0.03,0.0,7,66,blockage,False,0,0,0,0,0,False,0,0.04108299617655575
lambda,0.0,local-flat,0,mixed,20,0.03,0.0,8,102,blockage,True,2,3,1,3,1,False,61,37.016999995103106
lambda,0.0,local-flat,0,mixed,20,0.03,0.0,9,110,blockage,False,0,0,0,0,0,False,0,0.06233398744370788
lambda,0.0,local-flat,0,mixed,20,0.03,0.0,10,112,breakdown,False,1,1,0,1,0,False,0,1.4366250106832013
lambda,0.0,local-flat,0,mixed,20,0.03,0.0,11,117,blockage,False,0,0,0,0,0,False,0,0.03545900108292699
lambda,0.0,local-flat,4,mixed,20,0.03,0.0,0,12,blockage,False,1,1,0,1,0,False,5,0.8840000082273036
lambda,0.0,local-flat,4,mixed,20,0.03,0.0,1,24,breakdown,True,5,5,0,1,0,False,25,13.422792006167583
lambda,0.0,local-flat,4,mixed,20,0.03,0.0,2,30,emergency,True,1,2,1,2,1,False,16,36.34366700134706
lambda,0.0,local-flat,4,mixed,20,0.03,0.0,3,52,blockage,True,4,5,1,3,1,False,81,70.6496659986442
lambda,0.0,local-flat,4,mixed,20,0.03,0.0,4,54,blockage,False,0,0,0,0,0,False,0,0.036833007470704615
lambda,0.0,local-flat,4,mixed,20,0.03,0.0,5,57,blockage,False,4,5,1,3,1,False,80,9.847249995800667
lambda,0.0,local-flat,4,mixed,20,0.03,0.0,6,60,blockage,False,0,0,0,0,0,False,0,0.03837500116787851
lambda,0.0,local-flat,4,mixed,20,0.03,0.0,7,64,emergency,True,1,1,0,1,0,False,14,7.677750007133
lambda,0.0,local-flat,4,mixed,20,0.03,0.0,8,65,breakdown,False,1,1,0,1,0,False,1,0.505292002344504
lambda,0.0,local-flat,4,mixed,20,0.03,0.0,9,68,blockage,False,1,1,0,1,0,False,18,9.18916700175032
lambda,0.0,local-flat,4,mixed,20,0.03,0.0,10,88,blockage,True,5,5,0,1,0,False,43,15.183958006673492
lambda,0.0,local-flat,4,mixed,20,0.03,0.0,11,98,blockage,False,2,2,0,1,0,False,5,0.8595420076744631
lambda,0.0,local-flat,3,mixed,20,0.03,0.0,0,9,blockage,False,3,4,1,3,1,False,124,352.7467919921037
lambda,0.0,local-flat,3,mixed,20,0.03,0.0,1,18,blockage,False,1,1,0,1,0,False,17,12.118208993342705
lambda,0.0,local-flat,3,mixed,20,0.03,0.0,2,21,blockage,False,2,3,1,3,1,False,38,24.18300000135787
lambda,0.0,local-flat,3,mixed,20,0.03,0.0,3,59,blockage,True,10,10,0,1,0,False,82,48.51116599456873
lambda,0.0,local-flat,3,mixed,20,0.03,0.0,4,73,blockage,False,1,2,1,2,1,False,19,3.673875005915761
lambda,0.0,local-flat,3,mixed,20,0.03,0.0,5,75,emergency,True,1,2,1,3,1,False,20,6.765375001123175
lambda,0.0,local-flat,3,mixed,20,0.03,0.0,6,84,breakdown,False,1,1,0,1,0,False,1,0.37283299025148153
lambda,0.0,local-flat,3,mixed,20,0.03,0.0,7,87,breakdown,False,1,1,0,1,0,False,3,0.6734589987900108
lambda,0.0,local-flat,3,mixed,20,0.03,0.0,8,93,blockage,False,3,3,0,1,0,False,8,2.35462500131689
lambda,0.0,local-flat,3,mixed,20,0.03,0.0,9,96,emergency,True,1,1,0,1,0,False,4,3.9741249929647893
lambda,0.0,local-flat,3,mixed,20,0.03,0.0,10,98,blockage,False,3,4,1,3,1,False,39,10.874917003093287
lambda,0.0,local-flat,3,mixed,20,0.03,0.0,11,103,blockage,True,1,1,0,1,0,False,11,6.589540993445553
lambda,0.0,local-flat,6,mixed,20,0.03,0.0,0,9,blockage,False,4,5,1,2,1,False,92,152.9799580021063
lambda,0.0,local-flat,6,mixed,20,0.03,0.0,1,13,blockage,False,0,0,0,0,0,False,0,0.044832995627075434
lambda,0.0,local-flat,6,mixed,20,0.03,0.0,2,38,emergency,True,1,1,0,1,0,False,7,3.5779999889200553
lambda,0.0,local-flat,6,mixed,20,0.03,0.0,3,46,blockage,False,1,1,0,1,0,False,9,1.384583010803908
lambda,0.0,local-flat,6,mixed,20,0.03,0.0,4,51,breakdown,False,1,1,0,1,0,False,2,2.5567499978933483
lambda,0.0,local-flat,6,mixed,20,0.03,0.0,5,55,blockage,False,4,4,0,1,0,False,81,29.144083993742242
lambda,0.0,local-flat,6,mixed,20,0.03,0.0,6,59,breakdown,False,5,9,4,3,1,False,178,105.11891699570697
lambda,0.0,local-flat,6,mixed,20,0.03,0.0,7,72,blockage,False,2,4,2,3,1,False,43,51.00062499695923
lambda,0.0,local-flat,6,mixed,20,0.03,0.0,8,75,blockage,False,3,3,0,1,0,False,8,2.632458010339178
lambda,0.0,local-flat,6,mixed,20,0.03,0.0,9,76,blockage,False,0,0,0,0,0,False,0,0.03833300434052944
lambda,0.0,local-flat,6,mixed,20,0.03,0.0,10,88,blockage,False,2,4,2,3,1,False,62,8.885833012755029
lambda,0.0,local-flat,6,mixed,20,0.03,0.0,11,94,emergency,True,1,2,1,3,1,False,15,1.6538340132683516
lambda,0.0,local-flat,8,mixed,20,0.03,0.0,0,18,blockage,True,6,9,3,3,1,False,100,152.2020410047844
lambda,0.0,local-flat,8,mixed,20,0.03,0.0,1,24,blockage,False,1,1,0,1,0,False,38,35.469709007884376
lambda,0.0,local-flat,8,mixed,20,0.03,0.0,2,32,emergency,True,1,2,1,2,1,False,34,19.160875002853572
lambda,0.0,local-flat,8,mixed,20,0.03,0.0,3,41,breakdown,False,2,2,0,1,0,False,63,36.82779100199696
lambda,0.0,local-flat,8,mixed,20,0.03,0.0,4,44,blockage,False,1,1,0,1,0,False,27,6.327458002488129
lambda,0.0,local-flat,8,mixed,20,0.03,0.0,5,67,blockage,False,1,1,0,1,0,False,30,10.225749996607192
lambda,0.0,local-flat,8,mixed,20,0.03,0.0,6,71,blockage,False,5,5,0,1,0,False,12,8.24783300049603
lambda,0.0,local-flat,8,mixed,20,0.03,0.0,7,92,blockage,False,3,3,0,1,0,False,3,3.9716250030323863
lambda,0.0,local-flat,8,mixed,20,0.03,0.0,8,94,emergency,True,1,2,1,3,1,False,24,23.078333993908018
lambda,0.0,local-flat,8,mixed,20,0.03,0.0,9,95,blockage,False,1,1,0,1,0,False,2,0.9907079947879538
lambda,0.0,local-flat,8,mixed,20,0.03,0.0,10,97,blockage,False,1,2,1,3,1,False,36,3.7644580006599426
lambda,0.0,local-flat,8,mixed,20,0.03,0.0,11,102,breakdown,False,1,1,0,1,0,False,2,0.33183400228153914
lambda,0.0,local-flat,7,mixed,20,0.03,0.0,0,23,blockage,False,1,1,0,1,0,False,110,266.74866599205416
lambda,0.0,local-flat,7,mixed,20,0.03,0.0,1,29,blockage,False,3,5,2,3,1,False,119,213.76562501245644
lambda,0.0,local-flat,7,mixed,20,0.03,0.0,2,31,blockage,False,2,3,1,2,1,False,46,66.40049999987241
lambda,0.0,local-flat,7,mixed,20,0.03,0.0,3,58,emergency,True,1,2,1,3,1,False,24,13.705000004847534
lambda,0.0,local-flat,7,mixed,20,0.03,0.0,4,69,emergency,True,1,1,0,1,0,False,56,54.58845901011955
lambda,0.0,local-flat,7,mixed,20,0.03,0.0,5,73,breakdown,True,5,5,0,1,0,False,79,55.71112499455921
lambda,0.0,local-flat,7,mixed,20,0.03,0.0,6,82,blockage,False,3,4,1,3,1,False,47,12.073457997757941
lambda,0.0,local-flat,7,mixed,20,0.03,0.0,7,87,blockage,True,3,3,0,1,0,False,35,11.48845900024753
lambda,0.0,local-flat,7,mixed,20,0.03,0.0,8,93,blockage,False,1,1,0,1,0,False,3,0.56245899759233
lambda,0.0,local-flat,7,mixed,20,0.03,0.0,9,95,blockage,False,1,1,0,1,0,False,1,2.8531249990919605
lambda,0.0,local-flat,7,mixed,20,0.03,0.0,10,103,breakdown,False,1,1,0,1,0,False,2,1.3264159933896735
lambda,0.0,local-flat,7,mixed,20,0.03,0.0,11,112,blockage,True,2,2,0,1,0,False,4,3.522667000652291
lambda,0.0,local-flat,9,mixed,20,0.03,0.0,0,19,breakdown,False,1,1,0,1,0,False,1,1.3147499994374812
lambda,0.0,local-flat,9,mixed,20,0.03,0.0,1,26,emergency,True,1,2,1,2,1,False,16,59.233749998384155
lambda,0.0,local-flat,9,mixed,20,0.03,0.0,2,37,blockage,False,0,0,0,0,0,False,0,0.0397080002585426
lambda,0.0,local-flat,9,mixed,20,0.03,0.0,3,58,blockage,False,4,4,0,1,0,False,32,7.818332989700139
lambda,0.0,local-flat,9,mixed,20,0.03,0.0,4,59,blockage,False,0,0,0,0,0,False,0,0.08137499389704317
lambda,0.0,local-flat,9,mixed,20,0.03,0.0,5,75,blockage,False,2,2,0,1,0,False,3,2.49483399966266
lambda,0.0,local-flat,9,mixed,20,0.03,0.0,6,79,blockage,False,4,6,2,3,1,False,84,24.903249999624677
lambda,0.0,local-flat,9,mixed,20,0.03,0.0,7,84,blockage,False,2,2,0,1,0,False,4,2.4105839984258637
lambda,0.0,local-flat,9,mixed,20,0.03,0.0,8,99,emergency,True,1,1,0,1,0,False,11,5.409167002653703
lambda,0.0,local-flat,9,mixed,20,0.03,0.0,9,103,breakdown,False,1,1,0,1,0,False,0,0.45175000559538603
lambda,0.0,local-flat,9,mixed,20,0.03,0.0,10,108,blockage,False,4,4,0,1,0,False,38,3.141125009278767
lambda,0.0,local-flat,9,mixed,20,0.03,0.0,11,120,blockage,True,1,1,0,1,0,False,2,0.7727920019533485
lambda,1.0,local,1,mixed,20,0.03,1.0,0,11,breakdown,False,1,1,0,1,0,False,2,3.0902500002412125
lambda,1.0,local,1,mixed,20,0.03,1.0,1,43,blockage,False,2,5,3,3,2,False,68,93.875125006889
lambda,1.0,local,1,mixed,20,0.03,1.0,2,48,blockage,True,10,11,1,2,1,False,165,288.17154199350625
lambda,1.0,local,1,mixed,20,0.03,1.0,3,57,breakdown,False,2,2,0,1,0,False,27,18.64037501218263
lambda,1.0,local,1,mixed,20,0.03,1.0,4,80,blockage,False,1,1,0,1,0,False,2,3.8808329991297796
lambda,1.0,local,1,mixed,20,0.03,1.0,5,82,emergency,True,1,2,1,2,1,False,19,19.80391700635664
lambda,1.0,local,1,mixed,20,0.03,1.0,6,83,blockage,False,0,0,0,0,0,False,0,0.034374999813735485
lambda,1.0,local,1,mixed,20,0.03,1.0,7,95,blockage,False,3,4,1,2,1,False,36,16.63679200282786
lambda,1.0,local,1,mixed,20,0.03,1.0,8,100,emergency,True,1,1,0,1,0,False,25,23.87754200026393
lambda,1.0,local,1,mixed,20,0.03,1.0,9,107,blockage,False,0,0,0,0,0,False,0,0.037708014133386314
lambda,1.0,local,1,mixed,20,0.03,1.0,10,109,blockage,False,1,1,0,1,0,False,14,11.907541993423365
lambda,1.0,local,1,mixed,20,0.03,1.0,11,115,blockage,False,0,0,0,0,0,False,0,0.10454100265633315
lambda,1.0,local,2,mixed,20,0.03,1.0,0,12,breakdown,False,4,5,1,3,1,False,64,102.71762499178294
lambda,1.0,local,2,mixed,20,0.03,1.0,1,18,blockage,False,2,2,0,1,0,False,8,3.994957995018922
lambda,1.0,local,2,mixed,20,0.03,1.0,2,20,blockage,False,1,1,0,1,0,False,2,2.594749996205792
lambda,1.0,local,2,mixed,20,0.03,1.0,3,20,emergency,True,1,2,1,3,1,False,41,67.23899999633431
lambda,1.0,local,2,mixed,20,0.03,1.0,4,25,emergency,True,1,2,1,3,1,False,26,17.932041999301873
lambda,1.0,local,2,mixed,20,0.03,1.0,5,43,blockage,False,2,2,0,1,0,False,50,12.661041007959284
lambda,1.0,local,2,mixed,20,0.03,1.0,6,57,blockage,False,0,0,0,0,0,False,0,0.04212500061839819
lambda,1.0,local,2,mixed,20,0.03,1.0,7,65,blockage,False,0,0,0,0,0,False,0,0.02745899837464094
lambda,1.0,local,2,mixed,20,0.03,1.0,8,69,blockage,True,2,2,0,1,0,False,3,2.6821249921340495
lambda,1.0,local,2,mixed,20,0.03,1.0,9,83,blockage,False,1,1,0,1,0,False,24,15.584041000693105
lambda,1.0,local,2,mixed,20,0.03,1.0,10,88,breakdown,False,3,3,0,1,0,False,24,3.76700000197161
lambda,1.0,local,2,mixed,20,0.03,1.0,11,94,blockage,True,1,1,0,1,0,False,2,1.0059170017484576
lambda,12.0,local,4,mixed,40,0.03,12.0,0,15,blockage,False,2,2,0,1,0,False,136,1092.4579159909626
lambda,12.0,local,4,mixed,40,0.03,12.0,1,21,emergency,True,1,2,1,2,1,False,38,397.74495900201146
lambda,12.0,local,4,mixed,40,0.03,12.0,2,28,breakdown,True,23,25,2,3,1,False,1913,17783.157541998662
lambda,12.0,local,4,mixed,40,0.03,12.0,3,54,breakdown,False,2,2,0,1,0,False,121,694.6599160000915
lambda,12.0,local,4,mixed,40,0.03,12.0,4,54,emergency,True,1,2,1,3,1,False,47,204.3947920028586
lambda,12.0,local,4,mixed,40,0.03,12.0,5,59,blockage,True,9,10,1,3,1,False,703,2325.366667006165
lambda,12.0,local,4,mixed,40,0.03,12.0,6,61,blockage,False,0,0,0,0,0,False,0,0.0567499955650419
lambda,12.0,local,4,mixed,40,0.03,12.0,7,64,blockage,False,6,6,0,1,0,False,304,125.82829198800027
lambda,12.0,local,4,mixed,40,0.03,12.0,8,68,blockage,False,2,2,0,1,0,False,104,114.36862499976996
lambda,12.0,local,4,mixed,40,0.03,12.0,9,77,blockage,False,4,4,0,1,0,False,161,183.09562499052845
lambda,12.0,local,4,mixed,40,0.03,12.0,10,99,blockage,True,7,7,0,1,0,False,258,56.061958995996974
lambda,12.0,local,4,mixed,40,0.03,12.0,11,110,blockage,False,1,1,0,1,0,False,19,0.9716249915072694
lambda,1.0,local,4,mixed,20,0.03,1.0,0,12,blockage,False,1,1,0,1,0,False,5,0.8981660066638142
lambda,1.0,local,4,mixed,20,0.03,1.0,1,24,breakdown,True,5,5,0,1,0,False,25,14.916166997863911
lambda,1.0,local,4,mixed,20,0.03,1.0,2,30,emergency,True,1,2,1,2,1,False,16,27.05345799040515
lambda,1.0,local,4,mixed,20,0.03,1.0,3,52,blockage,True,5,7,2,3,1,False,87,60.71624999458436
lambda,1.0,local,4,mixed,20,0.03,1.0,4,54,blockage,False,0,0,0,0,0,False,0,0.04279200220480561
lambda,1.0,local,4,mixed,20,0.03,1.0,5,57,blockage,False,3,3,0,1,0,False,10,5.39129099342972
lambda,1.0,local,4,mixed,20,0.03,1.0,6,60,blockage,False,0,0,0,0,0,False,0,0.04545900446828455
lambda,1.0,local,4,mixed,20,0.03,1.0,7,64,emergency,True,1,1,0,1,0,False,15,33.042584007489495
lambda,1.0,local,4,mixed,20,0.03,1.0,8,65,breakdown,False,2,2,0,1,0,False,22,3.1690829928265885
lambda,1.0,local,4,mixed,20,0.03,1.0,9,68,blockage,False,1,3,2,6,0,True,25,25.72274999693036
lambda,1.0,local,4,mixed,20,0.03,1.0,10,88,blockage,True,4,4,0,1,0,False,31,14.56924999365583
lambda,1.0,local,4,mixed,20,0.03,1.0,11,98,blockage,False,2,2,0,1,0,False,6,1.2931249948451295
lambda,1.0,local,3,mixed,20,0.03,1.0,0,9,blockage,False,3,4,1,3,1,False,140,594.2251669912366
lambda,1.0,local,3,mixed,20,0.03,1.0,1,18,blockage,False,1,1,0,1,0,False,17,8.303583002998494
lambda,1.0,local,3,mixed,20,0.03,1.0,2,21,blockage,False,2,3,1,3,1,False,38,17.040791004546918
lambda,1.0,local,3,mixed,20,0.03,1.0,3,59,blockage,True,10,10,0,1,0,False,98,182.36937500478234
lambda,1.0,local,3,mixed,20,0.03,1.0,4,73,blockage,False,1,2,1,2,1,False,19,3.4838749998016283
lambda,1.0,local,3,mixed,20,0.03,1.0,5,75,emergency,True,1,2,1,3,1,False,20,13.674166999408044
lambda,1.0,local,3,mixed,20,0.03,1.0,6,84,breakdown,False,1,1,0,1,0,False,1,0.379165998310782
lambda,1.0,local,3,mixed,20,0.03,1.0,7,87,breakdown,False,1,1,0,1,0,False,3,0.6796670058974996
lambda,1.0,local,3,mixed,20,0.03,1.0,8,93,blockage,False,3,3,0,1,0,False,8,3.118125008768402
lambda,1.0,local,3,mixed,20,0.03,1.0,9,96,emergency,True,1,1,0,1,0,False,5,10.4996660083998
lambda,1.0,local,3,mixed,20,0.03,1.0,10,98,blockage,False,3,4,1,3,1,False,41,11.194624996278435
lambda,1.0,local,3,mixed,20,0.03,1.0,11,103,blockage,True,1,1,0,1,0,False,13,10.720416001277044
lambda,1.0,local,0,mixed,20,0.03,1.0,0,11,blockage,False,1,5,4,3,2,False,201,1599.9755839875434
lambda,1.0,local,0,mixed,20,0.03,1.0,1,14,breakdown,False,2,3,1,2,1,False,10,33.45045799505897
lambda,1.0,local,0,mixed,20,0.03,1.0,2,28,blockage,False,3,5,2,3,1,False,87,155.36641699145548
lambda,1.0,local,0,mixed,20,0.03,1.0,3,30,emergency,True,1,2,1,2,1,False,16,79.77312500588596
lambda,1.0,local,0,mixed,20,0.03,1.0,4,36,emergency,True,1,2,1,2,1,False,19,31.354040998849086
lambda,1.0,local,0,mixed,20,0.03,1.0,5,37,blockage,False,1,1,0,1,0,False,4,0.9015420073410496
lambda,1.0,local,0,mixed,20,0.03,1.0,6,62,blockage,False,1,1,0,1,0,False,2,0.843875008285977
lambda,1.0,local,0,mixed,20,0.03,1.0,7,66,blockage,False,0,0,0,0,0,False,0,0.027582995244301856
lambda,1.0,local,0,mixed,20,0.03,1.0,8,102,blockage,True,2,2,0,1,0,False,82,14.506417006487027
lambda,1.0,local,0,mixed,20,0.03,1.0,9,110,blockage,False,0,0,0,0,0,False,0,0.03720801032613963
lambda,1.0,local,0,mixed,20,0.03,1.0,10,112,breakdown,False,1,1,0,1,0,False,0,1.6386249917559326
lambda,1.0,local,0,mixed,20,0.03,1.0,11,117,blockage,False,0,0,0,0,0,False,0,0.0425000034738332
lambda,6.0,local,0,mixed,40,0.03,6.0,0,11,blockage,False,3,4,1,2,1,False,452,6227.893083007075
lambda,6.0,local,0,mixed,40,0.03,6.0,1,23,breakdown,False,1,30,29,3,1,False,2038,45234.62308300077
lambda,6.0,local,0,mixed,40,0.03,6.0,2,25,emergency,True,1,2,1,2,1,False,31,151.1968330014497
lambda,6.0,local,0,mixed,40,0.03,6.0,3,27,blockage,False,6,8,2,3,1,False,308,950.3124589973595
lambda,6.0,local,0,mixed,40,0.03,6.0,4,35,blockage,False,4,6,2,2,1,False,125,454.4667909940472
lambda,6.0,local,0,mixed,40,0.03,6.0,5,44,emergency,True,1,2,1,2,1,False,42,148.4950000012759
lambda,6.0,local,0,mixed,40,0.03,6.0,6,59,blockage,False,1,1,0,1,0,False,43,115.87704200064763
lambda,6.0,local,0,mixed,40,0.03,6.0,7,62,blockage,False,2,2,0,1,0,False,73,63.18466700031422
lambda,6.0,local,0,mixed,40,0.03,6.0,8,96,blockage,True,6,6,0,1,0,False,308,242.58050000935327
lambda,6.0,local,0,mixed,40,0.03,6.0,9,104,blockage,False,0,0,0,0,0,False,0,0.05983299342915416
lambda,6.0,local,0,mixed,40,0.03,6.0,10,105,breakdown,False,6,6,0,1,0,False,242,142.78545801062137
lambda,6.0,local,0,mixed,40,0.03,6.0,11,111,blockage,False,1,1,0,1,0,False,76,16.493500006617978
lambda,1.0,local,6,mixed,20,0.03,1.0,0,9,blockage,False,4,5,1,2,1,False,94,186.5824580017943
lambda,1.0,local,6,mixed,20,0.03,1.0,1,13,blockage,False,0,0,0,0,0,False,0,0.04404099308885634
lambda,1.0,local,6,mixed,20,0.03,1.0,2,38,emergency,True,1,1,0,1,0,False,9,4.37841699749697
lambda,1.0,local,6,mixed,20,0.03,1.0,3,46,blockage,False,1,2,1,6,0,True,13,18.549333995906636
lambda,1.0,local,6,mixed,20,0.03,1.0,4,51,breakdown,False,1,1,0,1,0,False,2,4.329583010985516
lambda,1.0,local,6,mixed,20,0.03,1.0,5,55,blockage,False,4,4,0,1,0,False,81,26.80883299035486
lambda,1.0,local,6,mixed,20,0.03,1.0,6,59,breakdown,False,4,5,1,3,1,False,94,124.8828749958193
lambda,1.0,local,6,mixed,20,0.03,1.0,7,72,blockage,False,1,1,0,1,0,False,19,4.790624996530823
lambda,1.0,local,6,mixed,20,0.03,1.0,8,75,blockage,False,3,3,0,1,0,False,8,2.2074170119594783
lambda,1.0,local,6,mixed,20,0.03,1.0,9,76,blockage,False,1,1,0,1,0,False,25,2.81633400300052
lambda,1.0,local,6,mixed,20,0.03,1.0,10,88,blockage,False,2,3,1,3,1,False,96,23.4175840014359
lambda,1.0,local,6,mixed,20,0.03,1.0,11,94,emergency,True,1,2,1,2,1,False,13,1.7174999957205728
lambda,1.0,local,8,mixed,20,0.03,1.0,0,18,blockage,True,6,6,0,1,0,False,98,129.13145800121129
lambda,1.0,local,8,mixed,20,0.03,1.0,1,24,blockage,False,1,1,0,1,0,False,38,57.945167005527765
lambda,1.0,local,8,mixed,20,0.03,1.0,2,32,emergency,True,1,3,2,3,1,False,107,167.91608300991356
lambda,1.0,local,8,mixed,20,0.03,1.0,3,41,breakdown,False,2,2,0,1,0,False,7,9.18183299654629
lambda,1.0,local,8,mixed,20,0.03,1.0,4,44,blockage,False,1,1,0,1,0,False,3,2.4224579974543303
lambda,1.0,local,8,mixed,20,0.03,1.0,5,67,blockage,False,1,1,0,1,0,False,46,32.9544169944711
lambda,1.0,local,8,mixed,20,0.03,1.0,6,71,blockage,False,5,5,0,1,0,False,12,4.930334005621262
lambda,1.0,local,8,mixed,20,0.03,1.0,7,92,blockage,False,3,3,0,1,0,False,3,1.698709005722776
lambda,1.0,local,8,mixed,20,0.03,1.0,8,94,emergency,True,1,1,0,1,0,False,31,45.52124999463558
lambda,1.0,local,8,mixed,20,0.03,1.0,9,95,blockage,False,1,1,0,1,0,False,1,0.9286249987781048
lambda,1.0,local,8,mixed,20,0.03,1.0,10,97,blockage,False,1,1,0,1,0,False,27,3.293750007287599
lambda,1.0,local,8,mixed,20,0.03,1.0,11,102,breakdown,False,1,1,0,1,0,False,2,0.35587498859968036
lambda,1.0,local,9,mixed,20,0.03,1.0,0,19,breakdown,False,1,1,0,1,0,False,1,1.2713750038528815
lambda,1.0,local,9,mixed,20,0.03,1.0,1,26,emergency,True,1,2,1,2,1,False,16,60.00179199327249
lambda,1.0,local,9,mixed,20,0.03,1.0,2,37,blockage,False,0,0,0,0,0,False,0,0.08645800699014217
lambda,1.0,local,9,mixed,20,0.03,1.0,3,58,blockage,False,4,4,0,1,0,False,32,12.87333300570026
lambda,1.0,local,9,mixed,20,0.03,1.0,4,59,blockage,False,0,0,0,0,0,False,0,0.04012499994132668
lambda,1.0,local,9,mixed,20,0.03,1.0,5,75,blockage,False,2,2,0,1,0,False,3,0.8887909934855998
lambda,1.0,local,9,mixed,20,0.03,1.0,6,79,blockage,False,4,5,1,3,1,False,105,36.550415999954566
lambda,1.0,local,9,mixed,20,0.03,1.0,7,84,blockage,False,2,2,0,1,0,False,4,4.043124994495884
lambda,1.0,local,9,mixed,20,0.03,1.0,8,99,emergency,True,1,1,0,1,0,False,13,21.464791003381833
lambda,1.0,local,9,mixed,20,0.03,1.0,9,103,breakdown,False,1,1,0,1,0,False,0,1.3991669984534383
lambda,1.0,local,9,mixed,20,0.03,1.0,10,108,blockage,False,4,4,0,1,0,False,38,8.025624993024394
lambda,1.0,local,9,mixed,20,0.03,1.0,11,120,blockage,True,1,1,0,1,0,False,2,0.7431669946527109
lambda,1.0,local-flat,1,mixed,20,0.03,1.0,0,11,breakdown,False,1,1,0,1,0,False,2,2.9243750032037497
lambda,1.0,local-flat,1,mixed,20,0.03,1.0,1,43,blockage,False,2,2,0,1,0,False,59,112.22816600638907
lambda,1.0,local-flat,1,mixed,20,0.03,1.0,2,48,blockage,True,10,12,2,2,1,False,146,228.41199999675155
lambda,1.0,local-flat,1,mixed,20,0.03,1.0,3,57,breakdown,False,2,2,0,1,0,False,27,16.63854200160131
lambda,1.0,local-flat,1,mixed,20,0.03,1.0,4,80,blockage,False,1,1,0,1,0,False,2,4.0090419934131205
lambda,1.0,local-flat,1,mixed,20,0.03,1.0,5,82,emergency,True,1,2,1,2,1,False,19,13.252208998892456
lambda,1.0,local-flat,1,mixed,20,0.03,1.0,6,83,blockage,False,0,0,0,0,0,False,0,0.03875000402331352
lambda,1.0,local-flat,1,mixed,20,0.03,1.0,7,95,blockage,False,3,4,1,2,1,False,16,10.809041996253654
lambda,1.0,local-flat,1,mixed,20,0.03,1.0,8,100,emergency,True,1,1,0,1,0,False,46,12.555124994833022
lambda,1.0,local-flat,1,mixed,20,0.03,1.0,9,107,blockage,False,0,0,0,0,0,False,0,0.03516700235195458
lambda,1.0,local-flat,1,mixed,20,0.03,1.0,10,109,blockage,False,0,0,0,0,0,False,0,0.10070799908135086
lambda,1.0,local-flat,1,mixed,20,0.03,1.0,11,115,blockage,False,0,0,0,0,0,False,0,0.06841699359938502
lambda,1.0,local,7,mixed,20,0.03,1.0,0,23,blockage,False,1,4,3,3,2,False,102,188.8687500031665
lambda,1.0,local,7,mixed,20,0.03,1.0,1,29,blockage,False,3,4,1,2,1,False,151,717.8959580051014
lambda,1.0,local,7,mixed,20,0.03,1.0,2,31,blockage,False,2,2,0,1,0,False,66,180.894666002132
lambda,1.0,local,7,mixed,20,0.03,1.0,3,58,emergency,True,1,1,0,1,0,False,45,41.68508399743587
lambda,1.0,local,7,mixed,20,0.03,1.0,4,69,emergency,True,1,3,2,3,1,False,52,91.18104199296795
lambda,1.0,local,7,mixed,20,0.03,1.0,5,73,breakdown,True,4,4,0,1,0,False,61,11.004250001860783
lambda,1.0,local,7,mixed,20,0.03,1.0,6,82,blockage,False,3,4,1,3,1,False,47,21.016625003539957
lambda,1.0,local,7,mixed,20,0.03,1.0,7,87,blockage,True,3,4,1,3,1,False,44,23.38808299100492
lambda,1.0,local,7,mixed,20,0.03,1.0,8,93,blockage,False,1,1,0,1,0,False,12,3.776582991122268
lambda,1.0,local,7,mixed,20,0.03,1.0,9,95,blockage,False,1,1,0,1,0,False,2,1.4083330024732277
lambda,1.0,local,7,mixed,20,0.03,1.0,10,103,breakdown,False,2,2,0,1,0,False,13,4.701624988229014
lambda,1.0,local,7,mixed,20,0.03,1.0,11,112,blockage,True,1,1,0,1,0,False,2,1.2735000054817647
lambda,1.0,local-flat,0,mixed,20,0.03,1.0,0,11,blockage,False,1,1,0,1,0,False,105,426.7989999934798
lambda,1.0,local-flat,0,mixed,20,0.03,1.0,1,14,breakdown,False,2,3,1,2,1,False,10,68.20570799754933
lambda,1.0,local-flat,0,mixed,20,0.03,1.0,2,28,blockage,False,2,2,0,1,0,False,28,13.21504199586343
lambda,1.0,local-flat,0,mixed,20,0.03,1.0,3,30,emergency,True,1,2,1,2,1,False,22,91.91354099311866
lambda,1.0,local-flat,0,mixed,20,0.03,1.0,4,36,emergency,True,1,2,1,3,1,False,48,142.38254200608935
lambda,1.0,local-flat,0,mixed,20,0.03,1.0,5,37,blockage,False,1,1,0,1,0,False,3,0.8870830060914159
lambda,1.0,local-flat,0,mixed,20,0.03,1.0,6,62,blockage,False,1,1,0,1,0,False,4,0.8171669906005263
lambda,1.0,local-flat,0,mixed,20,0.03,1.0,7,66,blockage,False,0,0,0,0,0,False,0,0.027000001864507794
lambda,1.0,local-flat,0,mixed,20,0.03,1.0,8,102,blockage,True,3,4,1,3,1,False,49,24.33266599837225
lambda,1.0,local-flat,0,mixed,20,0.03,1.0,9,110,blockage,False,0,0,0,0,0,False,0,0.10208399908151478
lambda,1.0,local-flat,0,mixed,20,0.03,1.0,10,112,breakdown,False,1,1,0,1,0,False,0,0.9037089912453666
lambda,1.0,local-flat,0,mixed,20,0.03,1.0,11,117,blockage,False,0,0,0,0,0,False,0,0.07974999607540667
lambda,1.0,local-flat,2,mixed,20,0.03,1.0,0,12,breakdown,False,4,5,1,3,1,False,64,85.39095800369978
lambda,1.0,local-flat,2,mixed,20,0.03,1.0,1,18,blockage,False,2,2,0,1,0,False,8,2.605999994557351
lambda,1.0,local-flat,2,mixed,20,0.03,1.0,2,20,blockage,False,1,1,0,1,0,False,2,2.515000000130385
lambda,1.0,local-flat,2,mixed,20,0.03,1.0,3,20,emergency,True,1,2,1,3,1,False,41,55.761916999472305
lambda,1.0,local-flat,2,mixed,20,0.03,1.0,4,25,emergency,True,1,2,1,3,1,False,26,15.19712500157766
lambda,1.0,local-flat,2,mixed,20,0.03,1.0,5,43,blockage,False,2,2,0,1,0,False,50,4.903709006612189
lambda,1.0,local-flat,2,mixed,20,0.03,1.0,6,57,blockage,False,0,0,0,0,0,False,0,0.0397080002585426
lambda,1.0,local-flat,2,mixed,20,0.03,1.0,7,65,blockage,False,0,0,0,0,0,False,0,0.02708299143705517
lambda,1.0,local-flat,2,mixed,20,0.03,1.0,8,69,blockage,True,2,2,0,1,0,False,3,2.5409579975530505
lambda,1.0,local-flat,2,mixed,20,0.03,1.0,9,83,blockage,False,1,1,0,1,0,False,24,7.18929099093657
lambda,1.0,local-flat,2,mixed,20,0.03,1.0,10,88,breakdown,False,3,3,0,1,0,False,24,4.289541990146972
lambda,1.0,local-flat,2,mixed,20,0.03,1.0,11,94,blockage,True,1,1,0,1,0,False,2,1.4001669915160164
lambda,1.0,local-flat,4,mixed,20,0.03,1.0,0,12,blockage,False,1,1,0,1,0,False,5,1.0570830054348335
lambda,1.0,local-flat,4,mixed,20,0.03,1.0,1,24,breakdown,True,5,5,0,1,0,False,25,13.211333003710024
lambda,1.0,local-flat,4,mixed,20,0.03,1.0,2,30,emergency,True,1,2,1,2,1,False,16,25.45437500521075
lambda,1.0,local-flat,4,mixed,20,0.03,1.0,3,52,blockage,True,4,5,1,3,1,False,81,56.53362500015646
lambda,1.0,local-flat,4,mixed,20,0.03,1.0,4,54,blockage,False,0,0,0,0,0,False,0,0.03866699989885092
lambda,1.0,local-flat,4,mixed,20,0.03,1.0,5,57,blockage,False,4,4,0,1,0,False,78,9.496792001300491
lambda,1.0,local-flat,4,mixed,20,0.03,1.0,6,60,blockage,False,0,0,0,0,0,False,0,0.03850000211969018
lambda,1.0,local-flat,4,mixed,20,0.03,1.0,7,64,emergency,True,1,1,0,1,0,False,14,7.681041999603622
lambda,1.0,local-flat,4,mixed,20,0.03,1.0,8,65,breakdown,False,1,1,0,1,0,False,1,0.5108330078655854
lambda,1.0,local-flat,4,mixed,20,0.03,1.0,9,68,blockage,False,1,1,0,1,0,False,18,5.991416997858323
lambda,1.0,local-flat,4,mixed,20,0.03,1.0,10,88,blockage,True,5,5,0,1,0,False,43,16.011999992770143
lambda,1.0,local-flat,4,mixed,20,0.03,1.0,11,98,blockage,False,2,2,0,1,0,False,5,0.8562500006519258
lambda,1.0,local-flat,3,mixed,20,0.03,1.0,0,9,blockage,False,3,4,1,3,1,False,124,329.7243749984773
lambda,1.0,local-flat,3,mixed,20,0.03,1.0,1,18,blockage,False,1,1,0,1,0,False,17,9.453958002268337
lambda,1.0,local-flat,3,mixed,20,0.03,1.0,2,21,blockage,False,2,3,1,3,1,False,38,25.07416698790621
lambda,1.0,local-flat,3,mixed,20,0.03,1.0,3,59,blockage,True,10,10,0,1,0,False,82,64.48479200480506
lambda,1.0,local-flat,3,mixed,20,0.03,1.0,4,73,blockage,False,1,2,1,2,1,False,19,7.190457996330224
lambda,1.0,local-flat,3,mixed,20,0.03,1.0,5,75,emergency,True,1,2,1,3,1,False,20,14.676291990326717
lambda,1.0,local-flat,3,mixed,20,0.03,1.0,6,84,breakdown,False,1,1,0,1,0,False,1,0.40141701174434274
lambda,1.0,local-flat,3,mixed,20,0.03,1.0,7,87,breakdown,False,1,1,0,1,0,False,3,0.7059170020511374
lambda,1.0,local-flat,3,mixed,20,0.03,1.0,8,93,blockage,False,3,3,0,1,0,False,8,2.2601660020882264
lambda,1.0,local-flat,3,mixed,20,0.03,1.0,9,96,emergency,True,1,1,0,1,0,False,4,4.805457996553741
lambda,1.0,local-flat,3,mixed,20,0.03,1.0,10,98,blockage,False,3,4,1,3,1,False,39,12.48908399429638
lambda,1.0,local-flat,3,mixed,20,0.03,1.0,11,103,blockage,True,1,1,0,1,0,False,11,9.214499994413927
lambda,1.0,local-flat,6,mixed,20,0.03,1.0,0,9,blockage,False,4,5,1,2,1,False,92,137.9674170020735
lambda,1.0,local-flat,6,mixed,20,0.03,1.0,1,13,blockage,False,0,0,0,0,0,False,0,0.040916987927630544
lambda,1.0,local-flat,6,mixed,20,0.03,1.0,2,38,emergency,True,1,1,0,1,0,False,7,1.6683330031810328
lambda,1.0,local-flat,6,mixed,20,0.03,1.0,3,46,blockage,False,1,1,0,1,0,False,9,1.3409579987637699
lambda,1.0,local-flat,6,mixed,20,0.03,1.0,4,51,breakdown,False,1,1,0,1,0,False,2,3.520375001244247
lambda,1.0,local-flat,6,mixed,20,0.03,1.0,5,55,blockage,False,4,4,0,1,0,False,81,30.498833002639003
lambda,1.0,local-flat,6,mixed,20,0.03,1.0,6,59,breakdown,False,5,6,1,3,1,False,171,102.16275000129826
lambda,1.0,local-flat,6,mixed,20,0.03,1.0,7,72,blockage,False,2,3,1,3,1,False,60,41.634915993199684
lambda,1.0,local-flat,6,mixed,20,0.03,1.0,8,75,blockage,False,3,3,0,1,0,False,8,2.1526250056922436
lambda,1.0,local-flat,6,mixed,20,0.03,1.0,9,76,blockage,False,0,0,0,0,0,False,0,0.030875002266839147
lambda,1.0,local-flat,6,mixed,20,0.03,1.0,10,88,blockage,False,2,4,2,3,1,False,75,15.874291988438927
lambda,1.0,local-flat,6,mixed,20,0.03,1.0,11,94,emergency,True,1,1,0,1,0,False,9,1.1135419917991385
lambda,1.0,local-flat,8,mixed,20,0.03,1.0,0,18,blockage,True,6,6,0,1,0,False,94,225.50054200110026
lambda,1.0,local-flat,8,mixed,20,0.03,1.0,1,24,blockage,False,1,1,0,1,0,False,38,50.01045799872372
lambda,1.0,local-flat,8,mixed,20,0.03,1.0,2,32,emergency,True,1,3,2,3,1,False,107,171.14066699286923
lambda,1.0,local-flat,8,mixed,20,0.03,1.0,3,41,breakdown,False,2,2,0,1,0,False,7,5.113499995786697
lambda,1.0,local-flat,8,mixed,20,0.03,1.0,4,44,blockage,False,1,1,0,1,0,False,3,1.0314160026609898
lambda,1.0,local-flat,8,mixed,20,0.03,1.0,5,67,blockage,False,1,1,0,1,0,False,46,35.12304098694585
lambda,1.0,local-flat,8,mixed,20,0.03,1.0,6,71,blockage,False,5,5,0,1,0,False,12,5.606375008937903
lambda,1.0,local-flat,8,mixed,20,0.03,1.0,7,92,blockage,False,3,3,0,1,0,False,3,1.7953749920707196
lambda,1.0,local-flat,8,mixed,20,0.03,1.0,8,94,emergency,True,1,1,0,1,0,False,25,22.225875000003725
lambda,1.0,local-flat,8,mixed,20,0.03,1.0,9,95,blockage,False,1,1,0,1,0,False,1,2.499958995031193
lambda,1.0,local-flat,8,mixed,20,0.03,1.0,10,97,blockage,False,1,1,0,1,0,False,27,4.103375002159737
lambda,1.0,local-flat,8,mixed,20,0.03,1.0,11,102,breakdown,False,1,1,0,1,0,False,2,0.3691669990075752
lambda,1.0,local-flat,7,mixed,20,0.03,1.0,0,23,blockage,False,1,1,0,1,0,False,110,283.9605410117656
lambda,1.0,local-flat,7,mixed,20,0.03,1.0,1,29,blockage,False,3,5,2,3,1,False,119,337.1754590043565
lambda,1.0,local-flat,7,mixed,20,0.03,1.0,2,31,blockage,False,2,3,1,2,1,False,46,64.87179201212712
lambda,1.0,local-flat,7,mixed,20,0.03,1.0,3,58,emergency,True,1,2,1,3,1,False,24,18.757625002763234
lambda,1.0,local-flat,7,mixed,20,0.03,1.0,4,69,emergency,True,1,1,0,1,0,False,56,74.09491699945647
lambda,1.0,local-flat,7,mixed,20,0.03,1.0,5,73,breakdown,True,5,5,0,1,0,False,79,44.81170799408574
lambda,1.0,local-flat,7,mixed,20,0.03,1.0,6,82,blockage,False,3,4,1,3,1,False,47,11.71875
lambda,1.0,local-flat,7,mixed,20,0.03,1.0,7,87,blockage,True,3,3,0,1,0,False,35,5.378250003559515
lambda,1.0,local-flat,7,mixed,20,0.03,1.0,8,93,blockage,False,1,1,0,1,0,False,3,0.5044999998062849
lambda,1.0,local-flat,7,mixed,20,0.03,1.0,9,95,blockage,False,1,1,0,1,0,False,1,1.1430419981479645
lambda,1.0,local-flat,7,mixed,20,0.03,1.0,10,103,breakdown,False,1,1,0,1,0,False,2,1.2414999946486205
lambda,1.0,local-flat,7,mixed,20,0.03,1.0,11,112,blockage,True,2,2,0,1,0,False,4,3.5759590100497007
lambda,12.0,local-flat,4,mixed,40,0.03,12.0,0,15,blockage,False,2,2,0,1,0,False,122,716.7709169880254
lambda,12.0,local-flat,4,mixed,40,0.03,12.0,1,21,emergency,True,1,1,0,1,0,False,115,1526.5667079947889
lambda,12.0,local-flat,4,mixed,40,0.03,12.0,2,28,breakdown,True,23,25,2,2,1,False,1670,10316.072583998903
lambda,12.0,local-flat,4,mixed,40,0.03,12.0,3,54,breakdown,False,2,2,0,1,0,False,121,498.8433749967953
lambda,12.0,local-flat,4,mixed,40,0.03,12.0,4,54,emergency,True,1,2,1,3,1,False,47,132.67825001094025
lambda,12.0,local-flat,4,mixed,40,0.03,12.0,5,59,blockage,True,9,9,0,1,0,False,561,1903.4166250057751
lambda,12.0,local-flat,4,mixed,40,0.03,12.0,6,61,blockage,False,0,0,0,0,0,False,0,0.056958000641316175
lambda,12.0,local-flat,4,mixed,40,0.03,12.0,7,64,blockage,False,6,6,0,3,1,False,317,263.00204200379085
lambda,12.0,local-flat,4,mixed,40,0.03,12.0,8,68,blockage,False,3,4,1,3,1,False,184,224.84229199471883
lambda,12.0,local-flat,4,mixed,40,0.03,12.0,9,77,blockage,False,5,5,0,1,0,False,174,218.19108299678192
lambda,12.0,local-flat,4,mixed,40,0.03,12.0,10,99,blockage,True,6,6,0,1,0,False,191,104.93270799634047
lambda,12.0,local-flat,4,mixed,40,0.03,12.0,11,110,blockage,False,3,3,0,1,0,False,92,6.38650001201313
lambda,1.0,local-flat,9,mixed,20,0.03,1.0,0,19,breakdown,False,1,1,0,1,0,False,1,1.3249169860500842
lambda,1.0,local-flat,9,mixed,20,0.03,1.0,1,26,emergency,True,1,2,1,2,1,False,16,79.22787500137929
lambda,1.0,local-flat,9,mixed,20,0.03,1.0,2,37,blockage,False,0,0,0,0,0,False,0,0.040458995499648154
lambda,1.0,local-flat,9,mixed,20,0.03,1.0,3,58,blockage,False,4,4,0,1,0,False,32,12.305083990213461
lambda,1.0,local-flat,9,mixed,20,0.03,1.0,4,59,blockage,False,0,0,0,0,0,False,0,0.045082997530698776
lambda,1.0,local-flat,9,mixed,20,0.03,1.0,5,75,blockage,False,2,2,0,1,0,False,3,0.8709999965503812
lambda,1.0,local-flat,9,mixed,20,0.03,1.0,6,79,blockage,False,4,5,1,3,1,False,105,28.34354099468328
lambda,1.0,local-flat,9,mixed,20,0.03,1.0,7,84,blockage,False,2,2,0,1,0,False,4,3.404041999601759
lambda,1.0,local-flat,9,mixed,20,0.03,1.0,8,99,emergency,True,1,1,0,1,0,False,11,12.351833007414825
lambda,1.0,local-flat,9,mixed,20,0.03,1.0,9,103,breakdown,False,1,1,0,1,0,False,0,0.7117500063031912
lambda,1.0,local-flat,9,mixed,20,0.03,1.0,10,108,blockage,False,4,4,0,1,0,False,38,8.177916999557056
lambda,1.0,local-flat,9,mixed,20,0.03,1.0,11,120,blockage,True,1,1,0,1,0,False,2,0.7915000023785979
lambda,0.0,local-flat,5,mixed,20,0.03,0.0,0,8,breakdown,False,2,16,14,3,1,False,650,6589.645791988005
lambda,0.0,local-flat,5,mixed,20,0.03,0.0,1,40,blockage,True,2,2,0,1,0,False,24,22.771125004510395
lambda,0.0,local-flat,5,mixed,20,0.03,0.0,2,49,blockage,False,1,1,0,1,0,False,26,20.749083007103764
lambda,0.0,local-flat,5,mixed,20,0.03,0.0,3,60,blockage,True,4,5,1,2,1,False,52,35.497541990480386
lambda,0.0,local-flat,5,mixed,20,0.03,0.0,4,61,blockage,True,2,2,0,1,0,False,96,90.44129200628959
lambda,0.0,local-flat,5,mixed,20,0.03,0.0,5,62,blockage,False,2,4,2,3,1,False,95,80.74891701107845
lambda,0.0,local-flat,5,mixed,20,0.03,0.0,6,65,emergency,True,1,1,0,1,0,False,39,68.47641700005624
lambda,0.0,local-flat,5,mixed,20,0.03,0.0,7,68,breakdown,True,4,7,3,3,1,False,116,122.31112500012387
lambda,0.0,local-flat,5,mixed,20,0.03,0.0,8,76,blockage,False,1,2,1,3,1,False,21,10.547957994276658
lambda,0.0,local-flat,5,mixed,20,0.03,0.0,9,86,blockage,False,0,0,0,0,0,False,0,0.03520799509715289
lambda,0.0,local-flat,5,mixed,20,0.03,0.0,10,94,emergency,True,1,2,1,2,1,False,13,3.3966250048251823
lambda,0.0,local-flat,5,mixed,20,0.03,0.0,11,104,blockage,False,0,0,0,0,0,False,0,0.036666999221779406
lambda,3.0,local,2,mixed,20,0.03,3.0,0,12,breakdown,False,4,4,0,1,0,False,65,112.96812500222586
lambda,3.0,local,2,mixed,20,0.03,3.0,1,18,blockage,False,2,2,0,1,0,False,8,3.520416998071596
lambda,3.0,local,2,mixed,20,0.03,3.0,2,20,blockage,False,1,1,0,1,0,False,2,2.6476250059204176
lambda,3.0,local,2,mixed,20,0.03,3.0,3,20,emergency,True,1,1,0,1,0,False,92,339.44174999487586
lambda,3.0,local,2,mixed,20,0.03,3.0,4,25,emergency,True,1,2,1,3,1,False,26,18.18779099266976
lambda,3.0,local,2,mixed,20,0.03,3.0,5,43,blockage,False,2,2,0,1,0,False,53,8.612958001322113
lambda,3.0,local,2,mixed,20,0.03,3.0,6,57,blockage,False,0,0,0,0,0,False,0,0.042208004742860794
lambda,3.0,local,2,mixed,20,0.03,3.0,7,65,blockage,False,0,0,0,0,0,False,0,0.02795799809973687
lambda,3.0,local,2,mixed,20,0.03,3.0,8,69,blockage,True,2,2,0,1,0,False,3,2.8894580027554184
lambda,3.0,local,2,mixed,20,0.03,3.0,9,83,blockage,False,1,1,0,1,0,False,24,8.247875011875294
lambda,3.0,local,2,mixed,20,0.03,3.0,10,88,breakdown,False,3,3,0,1,0,False,19,3.822208003839478
lambda,3.0,local,2,mixed,20,0.03,3.0,11,94,blockage,True,1,1,0,1,0,False,2,0.9994170104619116
lambda,3.0,local,1,mixed,20,0.03,3.0,0,11,breakdown,False,1,1,0,1,0,False,2,2.7721670048777014
lambda,3.0,local,1,mixed,20,0.03,3.0,1,43,blockage,False,2,2,0,1,0,False,75,142.52699998905882
lambda,3.0,local,1,mixed,20,0.03,3.0,2,48,blockage,True,10,11,1,2,1,False,161,284.9929579970194
lambda,3.0,local,1,mixed,20,0.03,3.0,3,57,breakdown,False,2,2,0,1,0,False,27,27.747208005166613
lambda,3.0,local,1,mixed,20,0.03,3.0,4,80,blockage,False,1,1,0,1,0,False,2,10.56100000278093
lambda,3.0,local,1,mixed,20,0.03,3.0,5,82,emergency,True,1,2,1,2,1,False,19,20.307833998231217
lambda,3.0,local,1,mixed,20,0.03,3.0,6,83,blockage,False,0,0,0,0,0,False,0,0.07920899952296168
lambda,3.0,local,1,mixed,20,0.03,3.0,7,95,blockage,False,3,3,0,1,0,False,45,35.23312500328757
lambda,3.0,local,1,mixed,20,0.03,3.0,8,100,emergency,True,1,1,0,1,0,False,16,15.276250007445924
lambda,3.0,local,1,mixed,20,0.03,3.0,9,107,blockage,False,0,0,0,0,0,False,0,0.17875000776257366
lambda,3.0,local,1,mixed,20,0.03,3.0,10,109,blockage,False,1,1,0,1,0,False,14,11.876125005073845
lambda,3.0,local,1,mixed,20,0.03,3.0,11,115,blockage,False,0,0,0,0,0,False,0,0.08466700091958046
lambda,3.0,local,4,mixed,20,0.03,3.0,0,12,blockage,False,1,1,0,1,0,False,5,0.8864580013323575
lambda,3.0,local,4,mixed,20,0.03,3.0,1,24,breakdown,True,5,5,0,1,0,False,25,14.47037499747239
lambda,3.0,local,4,mixed,20,0.03,3.0,2,30,emergency,True,1,2,1,2,1,False,16,30.102000004262663
lambda,3.0,local,4,mixed,20,0.03,3.0,3,52,blockage,True,5,6,1,3,1,False,107,73.56858300045133
lambda,3.0,local,4,mixed,20,0.03,3.0,4,54,blockage,False,0,0,0,0,0,False,0,0.038291997043415904
lambda,3.0,local,4,mixed,20,0.03,3.0,5,57,blockage,False,4,4,0,1,0,False,38,5.8507079957053065
lambda,3.0,local,4,mixed,20,0.03,3.0,6,60,blockage,False,0,0,0,0,0,False,0,0.04166600410826504
lambda,3.0,local,4,mixed,20,0.03,3.0,7,64,emergency,True,1,1,0,1,0,False,15,13.001999992411584
lambda,3.0,local,4,mixed,20,0.03,3.0,8,65,breakdown,False,2,2,0,1,0,False,22,8.126083994284272
lambda,3.0,local,4,mixed,20,0.03,3.0,9,68,blockage,False,1,1,0,1,0,False,23,8.232791005866602
lambda,3.0,local,4,mixed,20,0.03,3.0,10,88,blockage,True,4,4,0,1,0,False,54,19.981999997980893
lambda,3.0,local,4,mixed,20,0.03,3.0,11,98,blockage,False,2,2,0,1,0,False,6,0.9537080040900037
lambda,3.0,local,3,mixed,20,0.03,3.0,0,9,blockage,False,3,4,1,3,1,False,122,365.9279580024304
lambda,3.0,local,3,mixed,20,0.03,3.0,1,18,blockage,False,1,1,0,1,0,False,17,12.739333003992215
lambda,3.0,local,3,mixed,20,0.03,3.0,2,21,blockage,False,2,2,0,1,0,False,46,45.18945899326354
lambda,3.0,local,3,mixed,20,0.03,3.0,3,59,blockage,True,10,11,1,3,1,False,110,221.19266699883156
lambda,3.0,local,3,mixed,20,0.03,3.0,4,73,blockage,False,1,2,1,2,1,False,19,3.7515000003622845
lambda,3.0,local,3,mixed,20,0.03,3.0,5,75,emergency,True,1,1,0,1,0,False,21,4.118458004086278
lambda,3.0,local,3,mixed,20,0.03,3.0,6,84,breakdown,False,1,1,0,1,0,False,1,0.914333009859547
lambda,3.0,local,3,mixed,20,0.03,3.0,7,87,breakdown,False,1,1,0,1,0,False,3,1.8849170010071248
lambda,3.0,local,3,mixed,20,0.03,3.0,8,93,blockage,False,3,3,0,1,0,False,9,2.0707079966086894
lambda,3.0,local,3,mixed,20,0.03,3.0,9,96,emergency,True,1,1,0,1,0,False,17,18.975917002535425
lambda,3.0,local,3,mixed,20,0.03,3.0,10,98,blockage,False,3,3,0,1,0,False,50,19.97437499812804
lambda,3.0,local,3,mixed,20,0.03,3.0,11,103,blockage,True,1,1,0,1,0,False,29,20.959582994692028
lambda,3.0,local,6,mixed,20,0.03,3.0,0,9,blockage,False,4,5,1,3,1,False,130,286.275749997003
lambda,3.0,local,6,mixed,20,0.03,3.0,1,13,blockage,False,0,0,0,0,0,False,0,0.04258299304638058
lambda,3.0,local,6,mixed,20,0.03,3.0,2,38,emergency,True,1,1,0,1,0,False,1,1.2877909903181717
lambda,3.0,local,6,mixed,20,0.03,3.0,3,46,blockage,False,1,1,0,1,0,False,1,3.2046250125858933
lambda,3.0,local,6,mixed,20,0.03,3.0,4,51,breakdown,False,2,2,0,1,0,False,5,2.7836669905809686
lambda,3.0,local,6,mixed,20,0.03,3.0,5,55,blockage,False,3,3,0,1,0,False,24,5.080415998236276
lambda,3.0,local,6,mixed,20,0.03,3.0,6,59,breakdown,False,2,2,0,1,0,False,46,35.850790998665616
lambda,3.0,local,6,mixed,20,0.03,3.0,7,72,blockage,False,0,0,0,0,0,False,0,0.03599999763537198
lambda,3.0,local,6,mixed,20,0.03,3.0,8,75,blockage,False,3,3,0,1,0,False,5,2.0057920046383515
lambda,3.0,local,6,mixed,20,0.03,3.0,9,76,blockage,False,1,2,1,3,1,False,26,13.807084003929049
lambda,3.0,local,6,mixed,20,0.03,3.0,10,88,blockage,False,2,3,1,3,1,False,65,9.858290999545716
lambda,3.0,local,6,mixed,20,0.03,3.0,11,94,emergency,True,1,1,0,1,0,False,31,13.109917010297067
lambda,3.0,local,8,mixed,20,0.03,3.0,0,18,blockage,True,6,6,0,1,0,False,98,159.31629200349562
lambda,3.0,local,8,mixed,20,0.03,3.0,1,24,blockage,False,1,1,0,1,0,False,32,40.59866699390113
lambda,3.0,local,8,mixed,20,0.03,3.0,2,32,emergency,True,1,1,0,1,0,False,67,98.07224999531172
lambda,3.0,local,8,mixed,20,0.03,3.0,3,41,breakdown,False,2,2,0,1,0,False,55,61.92395799735095
lambda,3.0,local,8,mixed,20,0.03,3.0,4,44,blockage,False,1,1,0,1,0,False,36,41.51183299836703
lambda,3.0,local,8,mixed,20,0.03,3.0,5,67,blockage,False,1,1,0,1,0,False,30,14.913874998455867
lambda,3.0,local,8,mixed,20,0.03,3.0,6,71,blockage,False,5,5,0,1,0,False,11,4.8675840080250055
lambda,3.0,local,8,mixed,20,0.03,3.0,7,92,blockage,False,0,0,0,0,0,False,0,0.04099999205209315
lambda,3.0,local,8,mixed,20,0.03,3.0,8,94,emergency,True,1,1,0,1,0,False,18,7.07829199382104
lambda,3.0,local,8,mixed,20,0.03,3.0,9,95,blockage,False,1,1,0,1,0,False,5,1.0558329959167168
lambda,3.0,local,8,mixed,20,0.03,3.0,10,97,blockage,False,1,2,1,3,1,False,37,6.0108750039944425
lambda,3.0,local,8,mixed,20,0.03,3.0,11,102,breakdown,False,2,2,0,1,0,False,5,1.1438340006861836
lambda,3.0,local,9,mixed,20,0.03,3.0,0,19,breakdown,False,1,1,0,1,0,False,1,1.5063749888213351
lambda,3.0,local,9,mixed,20,0.03,3.0,1,26,emergency,True,1,2,1,2,1,False,16,60.71433299803175
lambda,3.0,local,9,mixed,20,0.03,3.0,2,37,blockage,False,0,0,0,0,0,False,0,0.03979199391324073
lambda,3.0,local,9,mixed,20,0.03,3.0,3,58,blockage,False,4,4,0,1,0,False,32,10.619291992043145
lambda,3.0,local,9,mixed,20,0.03,3.0,4,59,blockage,False,0,0,0,0,0,False,0,0.03954100247938186
lambda,3.0,local,9,mixed,20,0.03,3.0,5,75,blockage,False,2,2,0,1,0,False,3,0.8814169996185228
lambda,3.0,local,9,mixed,20,0.03,3.0,6,79,blockage,False,4,6,2,3,1,False,110,40.65087500202935
lambda,3.0,local,9,mixed,20,0.03,3.0,7,84,blockage,False,2,2,0,1,0,False,4,4.314833990065381
lambda,3.0,local,9,mixed,20,0.03,3.0,8,99,emergency,True,1,1,0,1,0,False,13,8.98145799874328
lambda,3.0,local,9,mixed,20,0.03,3.0,9,103,breakdown,False,1,1,0,1,0,False,0,0.5046670121373609
lambda,3.0,local,9,mixed,20,0.03,3.0,10,108,blockage,False,4,4,0,1,0,False,38,3.327790996991098
lambda,3.0,local,9,mixed,20,0.03,3.0,11,120,blockage,True,1,1,0,1,0,False,2,0.7586660067318007
lambda,3.0,local,7,mixed,20,0.03,3.0,0,23,blockage,False,1,1,0,1,0,False,60,67.74191600561608
lambda,3.0,local,7,mixed,20,0.03,3.0,1,29,blockage,False,3,3,0,3,1,False,189,592.2018749988638
lambda,3.0,local,7,mixed,20,0.03,3.0,2,31,blockage,False,2,3,1,2,1,False,50,71.9517500110669
lambda,3.0,local,7,mixed,20,0.03,3.0,3,58,emergency,True,1,1,0,1,0,False,29,25.032833000295796
lambda,3.0,local,7,mixed,20,0.03,3.0,4,69,emergency,True,1,2,1,2,1,False,10,3.802207997068763
lambda,3.0,local,7,mixed,20,0.03,3.0,5,73,breakdown,True,4,4,0,1,0,False,39,12.387750000925735
lambda,3.0,local,7,mixed,20,0.03,3.0,6,82,blockage,False,3,4,1,3,1,False,70,41.08812499907799
lambda,3.0,local,7,mixed,20,0.03,3.0,7,87,blockage,True,3,3,0,1,0,False,35,29.605959003674798
lambda,3.0,local,7,mixed,20,0.03,3.0,8,93,blockage,False,1,1,0,1,0,False,2,1.9964160019299015
lambda,3.0,local,7,mixed,20,0.03,3.0,9,95,blockage,False,1,1,0,1,0,False,14,2.148333005607128
lambda,3.0,local,7,mixed,20,0.03,3.0,10,103,breakdown,False,1,1,0,1,0,False,2,0.8873749902704731
lambda,3.0,local,7,mixed,20,0.03,3.0,11,112,blockage,True,3,3,0,1,0,False,25,7.835583004634827
lambda,3.0,local,0,mixed,20,0.03,3.0,0,11,blockage,False,1,1,0,1,0,False,185,1439.4998329953523
lambda,3.0,local,0,mixed,20,0.03,3.0,1,14,breakdown,False,2,4,2,3,1,False,51,388.7177500000689
lambda,3.0,local,0,mixed,20,0.03,3.0,2,28,blockage,False,2,2,0,1,0,False,30,42.15454199584201
lambda,3.0,local,0,mixed,20,0.03,3.0,3,30,emergency,True,1,2,1,2,1,False,22,89.22929099935573
lambda,3.0,local,0,mixed,20,0.03,3.0,4,36,emergency,True,1,1,0,1,0,False,109,501.2404170120135
lambda,3.0,local,0,mixed,20,0.03,3.0,5,37,blockage,False,1,1,0,1,0,False,4,0.9110420069191605
lambda,3.0,local,0,mixed,20,0.03,3.0,6,62,blockage,False,1,1,0,1,0,False,4,2.4482500011799857
lambda,3.0,local,0,mixed,20,0.03,3.0,7,66,blockage,False,0,0,0,0,0,False,0,0.04241599526721984
lambda,3.0,local,0,mixed,20,0.03,3.0,8,102,blockage,True,3,3,0,1,0,False,58,56.64279099437408
lambda,3.0,local,0,mixed,20,0.03,3.0,9,110,blockage,False,0,0,0,0,0,False,0,0.04199999966658652
lambda,3.0,local,0,mixed,20,0.03,3.0,10,112,breakdown,False,1,1,0,1,0,False,0,0.4424170037964359
lambda,3.0,local,0,mixed,20,0.03,3.0,11,117,blockage,False,0,0,0,0,0,False,0,0.07391600229311734
lambda,3.0,local-flat,1,mixed,20,0.03,3.0,0,11,breakdown,False,1,1,0,1,0,False,2,2.917417004937306
lambda,3.0,local-flat,1,mixed,20,0.03,3.0,1,43,blockage,False,2,2,0,1,0,False,59,106.22295900247991
lambda,3.0,local-flat,1,mixed,20,0.03,3.0,2,48,blockage,True,10,11,1,2,1,False,161,254.05925000086427
lambda,3.0,local-flat,1,mixed,20,0.03,3.0,3,57,breakdown,False,2,2,0,1,0,False,27,19.569249998312443
lambda,3.0,local-flat,1,mixed,20,0.03,3.0,4,80,blockage,False,1,1,0,1,0,False,2,7.412999999360181
lambda,3.0,local-flat,1,mixed,20,0.03,3.0,5,82,emergency,True,1,1,0,1,0,False,58,42.46366700681392
lambda,3.0,local-flat,1,mixed,20,0.03,3.0,6,83,blockage,False,0,0,0,0,0,False,0,0.04083300882484764
lambda,3.0,local-flat,1,mixed,20,0.03,3.0,7,95,blockage,False,3,3,0,1,0,False,43,32.19275000446942
lambda,3.0,local-flat,1,mixed,20,0.03,3.0,8,100,emergency,True,1,1,0,1,0,False,11,8.696042001247406
lambda,3.0,local-flat,1,mixed,20,0.03,3.0,9,107,blockage,False,0,0,0,0,0,False,0,0.03837500116787851
lambda,3.0,local-flat,1,mixed,20,0.03,3.0,10,109,blockage,False,1,1,0,1,0,False,13,7.636666996404529
lambda,3.0,local-flat,1,mixed,20,0.03,3.0,11,115,blockage,False,0,0,0,0,0,False,0,0.03837500116787851
lambda,0.0,local,5,mixed,20,0.03,0.0,0,8,breakdown,False,2,16,14,3,2,False,729,11320.098582989885
lambda,0.0,local,5,mixed,20,0.03,0.0,1,40,blockage,True,2,2,0,1,0,False,20,10.977167010423727
lambda,0.0,local,5,mixed,20,0.03,0.0,2,49,blockage,False,1,1,0,1,0,False,29,16.611958999419585
lambda,0.0,local,5,mixed,20,0.03,0.0,3,60,blockage,True,5,6,1,3,1,False,79,60.472709010355175
lambda,0.0,local,5,mixed,20,0.03,0.0,4,61,blockage,True,2,3,1,3,1,False,48,21.947375003946945
lambda,0.0,local,5,mixed,20,0.03,0.0,5,62,blockage,False,2,5,3,3,1,False,95,58.81874999613501
lambda,0.0,local,5,mixed,20,0.03,0.0,6,65,emergency,True,1,1,0,1,0,False,26,56.756666002911516
lambda,0.0,local,5,mixed,20,0.03,0.0,7,68,breakdown,True,5,5,0,1,0,False,118,152.82599999045487
lambda,0.0,local,5,mixed,20,0.03,0.0,8,76,blockage,False,1,2,1,3,1,False,24,7.398332993034273
lambda,0.0,local,5,mixed,20,0.03,0.0,9,86,blockage,False,2,2,0,1,0,False,3,2.893209006288089
lambda,0.0,local,5,mixed,20,0.03,0.0,10,94,emergency,True,1,1,0,1,0,False,3,1.5724580007372424
lambda,0.0,local,5,mixed,20,0.03,0.0,11,104,blockage,False,0,0,0,0,0,False,0,0.09379100811202079
lambda,3.0,local-flat,2,mixed,20,0.03,3.0,0,12,breakdown,False,4,4,0,1,0,False,65,110.1063329988392
lambda,3.0,local-flat,2,mixed,20,0.03,3.0,1,18,blockage,False,2,2,0,1,0,False,8,2.831125006196089
lambda,3.0,local-flat,2,mixed,20,0.03,3.0,2,20,blockage,False,1,1,0,1,0,False,2,2.4668749974807724
lambda,3.0,local-flat,2,mixed,20,0.03,3.0,3,20,emergency,True,1,1,0,1,0,False,84,311.45150000520516
lambda,3.0,local-flat,2,mixed,20,0.03,3.0,4,25,emergency,True,1,1,0,1,0,False,24,22.675208005239256
lambda,3.0,local-flat,2,mixed,20,0.03,3.0,5,43,blockage,False,1,1,0,1,0,False,31,1.691291996394284
lambda,3.0,local-flat,2,mixed,20,0.03,3.0,6,57,blockage,False,0,0,0,0,0,False,0,0.03170898708049208
lambda,3.0,local-flat,2,mixed,20,0.03,3.0,7,65,blockage,False,0,0,0,0,0,False,0,0.024916997062973678
lambda,3.0,local-flat,2,mixed,20,0.03,3.0,8,69,blockage,True,2,2,0,1,0,False,3,3.9587499923072755
lambda,3.0,local-flat,2,mixed,20,0.03,3.0,9,83,blockage,False,1,1,0,1,0,False,38,22.404417002690025
lambda,3.0,local-flat,2,mixed,20,0.03,3.0,10,88,breakdown,False,2,2,0,1,0,False,4,2.134082998964004
lambda,3.0,local-flat,2,mixed,20,0.03,3.0,11,94,blockage,True,9,9,0,3,1,False,126,70.95137498981785
lambda,3.0,local-flat,4,mixed,20,0.03,3.0,0,12,blockage,False,1,1,0,1,0,False,5,2.2335829999065027
lambda,3.0,local-flat,4,mixed,20,0.03,3.0,1,24,breakdown,True,5,5,0,1,0,False,25,14.409916999284178
lambda,3.0,local-flat,4,mixed,20,0.03,3.0,2,30,emergency,True,1,2,1,2,1,False,16,31.79354200256057
lambda,3.0,local-flat,4,mixed,20,0.03,3.0,3,52,blockage,True,4,5,1,3,1,False,81,50.32016600307543
lambda,3.0,local-flat,4,mixed,20,0.03,3.0,4,54,blockage,False,0,0,0,0,0,False,0,0.03650000144261867
lambda,3.0,local-flat,4,mixed,20,0.03,3.0,5,57,blockage,False,4,4,0,1,0,False,78,13.49524999386631
lambda,3.0,local-flat,4,mixed,20,0.03,3.0,6,60,blockage,False,0,0,0,0,0,False,0,0.03608300175983459
lambda,3.0,local-flat,4,mixed,20,0.03,3.0,7,64,emergency,True,1,1,0,1,0,False,14,7.68391699239146
lambda,3.0,local-flat,4,mixed,20,0.03,3.0,8,65,breakdown,False,1,1,0,1,0,False,1,0.48587500350549817
lambda,3.0,local-flat,4,mixed,20,0.03,3.0,9,68,blockage,False,1,1,0,1,0,False,18,5.1915840012952685
lambda,3.0,local-flat,4,mixed,20,0.03,3.0,10,88,blockage,True,5,5,0,1,0,False,43,11.586666005314328
lambda,3.0,local-flat,4,mixed,20,0.03,3.0,11,98,blockage,False,2,2,0,1,0,False,5,0.8600830042269081
lambda,3.0,local-flat,0,mixed,20,0.03,3.0,0,11,blockage,False,1,1,0,1,0,False,105,459.90233300835826
lambda,3.0,local-flat,0,mixed,20,0.03,3.0,1,14,breakdown,False,2,4,2,3,1,False,49,301.3728749938309
lambda,3.0,local-flat,0,mixed,20,0.03,3.0,2,28,blockage,False,2,2,0,1,0,False,28,25.89079200697597
lambda,3.0,local-flat,0,mixed,20,0.03,3.0,3,30,emergency,True,1,2,1,2,1,False,22,101.89970799547154
lambda,3.0,local-flat,0,mixed,20,0.03,3.0,4,36,emergency,True,1,3,2,3,1,False,75,263.53100000415
lambda,3.0,local-flat,0,mixed,20,0.03,3.0,5,37,blockage,False,1,1,0,1,0,False,4,0.90470899885986
lambda,3.0,local-flat,0,mixed,20,0.03,3.0,6,62,blockage,False,1,1,0,1,0,False,4,0.8242500043706968
lambda,3.0,local-flat,0,mixed,20,0.03,3.0,7,66,blockage,False,0,0,0,0,0,False,0,0.0272089964710176
lambda,3.0,local-flat,0,mixed,20,0.03,3.0,8,102,blockage,True,3,4,1,3,1,False,50,15.457208006409928
lambda,3.0,local-flat,0,mixed,20,0.03,3.0,9,110,blockage,False,0,0,0,0,0,False,0,0.03941600152757019
lambda,3.0,local-flat,0,mixed,20,0.03,3.0,10,112,breakdown,False,1,1,0,1,0,False,0,0.7854169962229207
lambda,3.0,local-flat,0,mixed,20,0.03,3.0,11,117,blockage,False,0,0,0,0,0,False,0,0.028624999686144292
lambda,3.0,local-flat,3,mixed,20,0.03,3.0,0,9,blockage,False,3,4,1,3,1,False,118,272.82437500252854
lambda,3.0,local-flat,3,mixed,20,0.03,3.0,1,18,blockage,False,1,1,0,1,0,False,17,18.54625000851229
lambda,3.0,local-flat,3,mixed,20,0.03,3.0,2,21,blockage,False,2,2,0,1,0,False,46,52.93412499304395
lambda,3.0,local-flat,3,mixed,20,0.03,3.0,3,59,blockage,True,10,11,1,3,1,False,102,104.45245799201075
lambda,3.0,local-flat,3,mixed,20,0.03,3.0,4,73,blockage,False,1,2,1,2,1,False,19,9.045333004905842
lambda,3.0,local-flat,3,mixed,20,0.03,3.0,5,75,emergency,True,1,1,0,1,0,False,16,1.3796249986626208
lambda,3.0,local-flat,3,mixed,20,0.03,3.0,6,84,breakdown,False,1,1,0,1,0,False,1,0.9643750090617687
lambda,3.0,local-flat,3,mixed,20,0.03,3.0,7,87,breakdown,False,1,1,0,1,0,False,3,1.9515409949235618
lambda,3.0,local-flat,3,mixed,20,0.03,3.0,8,93,blockage,False,3,3,0,1,0,False,9,3.7904170021647587
lambda,3.0,local-flat,3,mixed,20,0.03,3.0,9,96,emergency,True,1,1,0,1,0,False,13,4.516750006587245
lambda,3.0,local-flat,3,mixed,20,0.03,3.0,10,98,blockage,False,3,3,0,1,0,False,46,19.001958004082553
lambda,3.0,local-flat,3,mixed,20,0.03,3.0,11,103,blockage,True,1,1,0,1,0,False,24,11.993916996289045
lambda,3.0,local-flat,6,mixed,20,0.03,3.0,0,9,blockage,False,4,5,1,3,1,False,118,193.79812500847038
lambda,3.0,local-flat,6,mixed,20,0.03,3.0,1,13,blockage,False,0,0,0,0,0,False,0,0.04979199729859829
lambda,3.0,local-flat,6,mixed,20,0.03,3.0,2,38,emergency,True,1,1,0,1,0,False,1,1.3792499958071858
lambda,3.0,local-flat,6,mixed,20,0.03,3.0,3,46,blockage,False,1,1,0,1,0,False,1,1.0415840079076588
lambda,3.0,local-flat,6,mixed,20,0.03,3.0,4,51,breakdown,False,2,2,0,1,0,False,5,1.768417001585476
lambda,3.0,local-flat,6,mixed,20,0.03,3.0,5,55,blockage,False,3,3,0,1,0,False,24,5.648791004205123
lambda,3.0,local-flat,6,mixed,20,0.03,3.0,6,59,breakdown,False,2,2,0,1,0,False,46,29.52529200410936
lambda,3.0,local-flat,6,mixed,20,0.03,3.0,7,72,blockage,False,0,0,0,0,0,False,0,0.03941600152757019
lambda,3.0,local-flat,6,mixed,20,0.03,3.0,8,75,blockage,False,3,3,0,1,0,False,5,6.255500004044734
lambda,3.0,local-flat,6,mixed,20,0.03,3.0,9,76,blockage,False,1,2,1,3,1,False,26,8.592582991695963
lambda,3.0,local-flat,6,mixed,20,0.03,3.0,10,88,blockage,False,2,3,1,3,1,False,65,10.496666000108235
lambda,3.0,local-flat,6,mixed,20,0.03,3.0,11,94,emergency,True,1,1,0,1,0,False,24,6.569791992660612
lambda,3.0,local-flat,8,mixed,20,0.03,3.0,0,18,blockage,True,6,6,0,1,0,False,94,145.43754199985415
lambda,3.0,local-flat,8,mixed,20,0.03,3.0,1,24,blockage,False,1,1,0,1,0,False,32,101.96462500607595
lambda,3.0,local-flat,8,mixed,20,0.03,3.0,2,32,emergency,True,1,1,0,1,0,False,59,64.64850000338629
lambda,3.0,local-flat,8,mixed,20,0.03,3.0,3,41,breakdown,False,2,2,0,1,0,False,47,22.11895800428465
lambda,3.0,local-flat,8,mixed,20,0.03,3.0,4,44,blockage,False,1,1,0,1,0,False,29,18.969374999869615
lambda,3.0,local-flat,8,mixed,20,0.03,3.0,5,67,blockage,False,1,1,0,1,0,False,30,14.66104200517293
lambda,3.0,local-flat,8,mixed,20,0.03,3.0,6,71,blockage,False,5,5,0,1,0,False,11,7.19920800474938
lambda,3.0,local-flat,8,mixed,20,0.03,3.0,7,92,blockage,False,0,0,0,0,0,False,0,0.04187499871477485
lambda,3.0,local-flat,8,mixed,20,0.03,3.0,8,94,emergency,True,1,1,0,1,0,False,13,2.1460419957293198
lambda,3.0,local-flat,8,mixed,20,0.03,3.0,9,95,blockage,False,1,1,0,1,0,False,5,1.0262499999953434
lambda,3.0,local-flat,8,mixed,20,0.03,3.0,10,97,blockage,False,1,2,1,3,1,False,37,11.986584009719081
lambda,3.0,local-flat,8,mixed,20,0.03,3.0,11,102,breakdown,False,2,2,0,1,0,False,5,0.6514589913422242
lambda,3.0,local-flat,9,mixed,20,0.03,3.0,0,19,breakdown,False,1,1,0,1,0,False,1,1.2565829965751618
lambda,3.0,local-flat,9,mixed,20,0.03,3.0,1,26,emergency,True,1,2,1,2,1,False,16,50.46541699266527
lambda,3.0,local-flat,9,mixed,20,0.03,3.0,2,37,blockage,False,0,0,0,0,0,False,0,0.03962501068599522
lambda,3.0,local-flat,9,mixed,20,0.03,3.0,3,58,blockage,False,4,4,0,1,0,False,32,9.11587500013411
lambda,3.0,local-flat,9,mixed,20,0.03,3.0,4,59,blockage,False,0,0,0,0,0,False,0,0.033249991247430444
lambda,3.0,local-flat,9,mixed,20,0.03,3.0,5,75,blockage,False,2,2,0,1,0,False,3,0.8562500006519258
lambda,3.0,local-flat,9,mixed,20,0.03,3.0,6,79,blockage,False,4,6,2,3,1,False,110,46.01083300076425
lambda,3.0,local-flat,9,mixed,20,0.03,3.0,7,84,blockage,False,2,2,0,1,0,False,4,2.1733339963248
lambda,3.0,local-flat,9,mixed,20,0.03,3.0,8,99,emergency,True,1,1,0,1,0,False,11,16.222749996813945
lambda,3.0,local-flat,9,mixed,20,0.03,3.0,9,103,breakdown,False,1,1,0,1,0,False,0,1.7019579972838983
lambda,3.0,local-flat,9,mixed,20,0.03,3.0,10,108,blockage,False,4,4,0,1,0,False,38,4.973625007551163
lambda,3.0,local-flat,9,mixed,20,0.03,3.0,11,120,blockage,True,1,1,0,1,0,False,2,2.8294579969951883
lambda,3.0,local-flat,7,mixed,20,0.03,3.0,0,23,blockage,False,1,1,0,1,0,False,58,61.55708400183357
lambda,3.0,local-flat,7,mixed,20,0.03,3.0,1,29,blockage,False,3,3,0,3,1,False,173,516.1799579946091
lambda,3.0,local-flat,7,mixed,20,0.03,3.0,2,31,blockage,False,2,3,1,2,1,False,46,64.16775000980124
lambda,3.0,local-flat,7,mixed,20,0.03,3.0,3,58,emergency,True,1,1,0,1,0,False,22,14.063666996662505
lambda,3.0,local-flat,7,mixed,20,0.03,3.0,4,69,emergency,True,1,2,1,2,1,False,10,4.773125008796342
lambda,3.0,local-flat,7,mixed,20,0.03,3.0,5,73,breakdown,True,4,4,0,1,0,False,39,9.954334003850818
lambda,3.0,local-flat,7,mixed,20,0.03,3.0,6,82,blockage,False,3,4,1,3,1,False,70,37.91820899641607
lambda,3.0,local-flat,7,mixed,20,0.03,3.0,7,87,blockage,True,3,3,0,1,0,False,33,20.70550000644289
lambda,3.0,local-flat,7,mixed,20,0.03,3.0,8,93,blockage,False,1,1,0,1,0,False,2,3.0053329974180087
lambda,3.0,local-flat,7,mixed,20,0.03,3.0,9,95,blockage,False,1,1,0,1,0,False,14,6.562875001691282
lambda,3.0,local-flat,7,mixed,20,0.03,3.0,10,103,breakdown,False,1,1,0,1,0,False,2,2.1114160044817254
lambda,3.0,local-flat,7,mixed,20,0.03,3.0,11,112,blockage,True,3,3,0,1,0,False,25,5.374416999984533
lambda,6.0,local,1,mixed,20,0.03,6.0,0,11,breakdown,False,1,1,0,1,0,False,2,2.8067089879186824
lambda,6.0,local,1,mixed,20,0.03,6.0,1,43,blockage,False,2,2,0,1,0,False,61,90.82441599457525
lambda,6.0,local,1,mixed,20,0.03,6.0,2,48,blockage,True,10,10,0,1,0,False,153,138.02025000040885
lambda,6.0,local,1,mixed,20,0.03,6.0,3,57,breakdown,False,2,2,0,1,0,False,27,30.42749999440275
lambda,6.0,local,1,mixed,20,0.03,6.0,4,80,blockage,False,1,1,0,1,0,False,2,10.001041999203153
lambda,6.0,local,1,mixed,20,0.03,6.0,5,82,emergency,True,1,2,1,2,1,False,19,11.64808300381992
lambda,6.0,local,1,mixed,20,0.03,6.0,6,83,blockage,False,0,0,0,0,0,False,0,0.03879198629874736
lambda,6.0,local,1,mixed,20,0.03,6.0,7,95,blockage,False,3,3,0,1,0,False,37,27.0058330061147
lambda,6.0,local,1,mixed,20,0.03,6.0,8,100,emergency,True,1,1,0,1,0,False,16,17.692499997792765
lambda,6.0,local,1,mixed,20,0.03,6.0,9,107,blockage,False,1,1,0,1,0,False,3,0.41979200614150614
lambda,6.0,local,1,mixed,20,0.03,6.0,10,109,blockage,False,1,1,0,1,0,False,10,0.771125007304363
lambda,6.0,local,1,mixed,20,0.03,6.0,11,115,blockage,False,0,0,0,0,0,False,0,0.028583002858795226
lambda,6.0,local,2,mixed,20,0.03,6.0,0,12,breakdown,False,4,4,0,1,0,False,61,88.28258299035951
lambda,6.0,local,2,mixed,20,0.03,6.0,1,18,blockage,False,2,2,0,1,0,False,8,2.6039999938802794
lambda,6.0,local,2,mixed,20,0.03,6.0,2,20,blockage,False,1,1,0,1,0,False,2,2.5247919984394684
lambda,6.0,local,2,mixed,20,0.03,6.0,3,20,emergency,True,1,1,0,1,0,False,44,107.14195799664594
lambda,6.0,local,2,mixed,20,0.03,6.0,4,25,emergency,True,1,2,1,3,1,False,26,21.314500001608394
lambda,6.0,local,2,mixed,20,0.03,6.0,5,43,blockage,False,2,2,0,1,0,False,53,4.721459001302719
lambda,6.0,local,2,mixed,20,0.03,6.0,6,57,blockage,False,0,0,0,0,0,False,0,0.03270800516474992
lambda,6.0,local,2,mixed,20,0.03,6.0,7,65,blockage,False,0,0,0,0,0,False,0,0.024583001504652202
lambda,6.0,local,2,mixed,20,0.03,6.0,8,69,blockage,True,2,2,0,1,0,False,3,2.673415991012007
lambda,6.0,local,2,mixed,20,0.03,6.0,9,83,blockage,False,1,1,0,1,0,False,20,4.759999996167608
lambda,6.0,local,2,mixed,20,0.03,6.0,10,88,breakdown,False,3,3,0,1,0,False,19,4.524541000137106
lambda,6.0,local,2,mixed,20,0.03,6.0,11,94,blockage,True,1,1,0,1,0,False,2,1.0929999989457428
lambda,6.0,local,4,mixed,20,0.03,6.0,0,12,blockage,False,1,1,0,1,0,False,5,2.0925839926349
lambda,6.0,local,4,mixed,20,0.03,6.0,1,24,breakdown,True,5,5,0,1,0,False,25,19.972082998719998
lambda,6.0,local,4,mixed,20,0.03,6.0,2,30,emergency,True,1,1,0,1,0,False,46,88.42195900797378
lambda,6.0,local,4,mixed,20,0.03,6.0,3,52,blockage,True,4,5,1,3,1,False,82,48.13304200069979
lambda,6.0,local,4,mixed,20,0.03,6.0,4,54,blockage,False,1,2,1,3,1,False,43,33.2710840011714
lambda,6.0,local,4,mixed,20,0.03,6.0,5,57,blockage,False,4,4,0,1,0,False,78,7.727584001258947
lambda,6.0,local,4,mixed,20,0.03,6.0,6,60,blockage,False,0,0,0,0,0,False,0,0.03591699351090938
lambda,6.0,local,4,mixed,20,0.03,6.0,7,64,emergency,True,1,1,0,1,0,False,24,32.2905419889139
lambda,6.0,local,4,mixed,20,0.03,6.0,8,65,breakdown,False,1,1,0,1,0,False,1,1.2576250010170043
lambda,6.0,local,4,mixed,20,0.03,6.0,9,68,blockage,False,1,1,0,1,0,False,16,9.306416992330924
lambda,6.0,local,4,mixed,20,0.03,6.0,10,88,blockage,True,5,5,0,1,0,False,42,19.244250011979602
lambda,6.0,local,4,mixed,20,0.03,6.0,11,98,blockage,False,2,2,0,1,0,False,5,0.8289580000564456
lambda,6.0,local,3,mixed,20,0.03,6.0,0,9,blockage,False,3,4,1,3,1,False,102,238.76066599041224
lambda,6.0,local,3,mixed,20,0.03,6.0,1,18,blockage,False,1,1,0,1,0,False,17,10.33720800478477
lambda,6.0,local,3,mixed,20,0.03,6.0,2,21,blockage,False,2,2,0,1,0,False,34,22.323750003124587
lambda,6.0,local,3,mixed,20,0.03,6.0,3,59,blockage,True,10,11,1,2,1,False,84,200.91670799592976
lambda,6.0,local,3,mixed,20,0.03,6.0,4,73,blockage,False,1,2,1,2,1,False,19,6.226541008800268
lambda,6.0,local,3,mixed,20,0.03,6.0,5,75,emergency,True,1,1,0,1,0,False,3,2.3434580070897937
lambda,6.0,local,3,mixed,20,0.03,6.0,6,84,breakdown,False,1,1,0,1,0,False,1,1.0178329976042733
lambda,6.0,local,3,mixed,20,0.03,6.0,7,87,breakdown,False,1,1,0,1,0,False,3,1.502665996667929
lambda,6.0,local,3,mixed,20,0.03,6.0,8,93,blockage,False,3,3,0,1,0,False,9,4.012000004877336
lambda,6.0,local,3,mixed,20,0.03,6.0,9,96,emergency,True,1,1,0,1,0,False,5,9.321915989858098
lambda,6.0,local,3,mixed,20,0.03,6.0,10,98,blockage,False,3,3,0,1,0,False,35,8.145083993440494
lambda,6.0,local,3,mixed,20,0.03,6.0,11,103,blockage,True,1,1,0,1,0,False,13,24.873916001524776
lambda,1.0,local-flat,5,mixed,20,0.03,1.0,0,8,breakdown,False,2,14,12,3,1,False,706,6698.34666600218
lambda,1.0,local-flat,5,mixed,20,0.03,1.0,1,40,blockage,True,2,2,0,1,0,False,24,12.666916009038687
lambda,1.0,local-flat,5,mixed,20,0.03,1.0,2,49,blockage,False,1,1,0,1,0,False,24,10.371791999205016
lambda,1.0,local-flat,5,mixed,20,0.03,1.0,3,60,blockage,True,4,5,1,3,1,False,76,12.749625006108545
lambda,1.0,local-flat,5,mixed,20,0.03,1.0,4,61,blockage,True,2,3,1,3,1,False,50,17.744917000527494
lambda,1.0,local-flat,5,mixed,20,0.03,1.0,5,62,blockage,False,2,5,3,3,1,False,95,62.0690000068862
lambda,1.0,local-flat,5,mixed,20,0.03,1.0,6,65,emergency,True,1,1,0,1,0,False,15,28.812999997171573
lambda,1.0,local-flat,5,mixed,20,0.03,1.0,7,68,breakdown,True,5,5,0,1,0,False,70,39.39141699811444
lambda,1.0,local-flat,5,mixed,20,0.03,1.0,8,76,blockage,False,1,2,1,3,1,False,21,3.5551670007407665
lambda,1.0,local-flat,5,mixed,20,0.03,1.0,9,86,blockage,False,3,3,0,1,0,False,47,10.319875000277534
lambda,1.0,local-flat,5,mixed,20,0.03,1.0,10,94,emergency,True,1,1,0,1,0,False,33,28.709707999951206
lambda,1.0,local-flat,5,mixed,20,0.03,1.0,11,104,blockage,False,0,0,0,0,0,False,0,0.04033400909975171
lambda,6.0,local,6,mixed,20,0.03,6.0,0,9,blockage,False,4,4,0,1,0,False,173,619.2565410019597
lambda,6.0,local,6,mixed,20,0.03,6.0,1,13,blockage,False,0,0,0,0,0,False,0,0.04612500197254121
lambda,6.0,local,6,mixed,20,0.03,6.0,2,38,emergency,True,1,1,0,1,0,False,1,1.3399170129559934
lambda,6.0,local,6,mixed,20,0.03,6.0,3,46,blockage,False,1,1,0,1,0,False,1,1.1117920075776055
lambda,6.0,local,6,mixed,20,0.03,6.0,4,51,breakdown,False,1,1,0,1,0,False,2,1.2496660056058317
lambda,6.0,local,6,mixed,20,0.03,6.0,5,55,blockage,False,4,4,0,1,0,False,40,19.871333002811298
lambda,6.0,local,6,mixed,20,0.03,6.0,6,59,breakdown,False,2,2,0,1,0,False,44,31.41479099576827
lambda,6.0,local,6,mixed,20,0.03,6.0,7,72,blockage,False,0,0,0,0,0,False,0,0.04458300827536732
lambda,6.0,local,6,mixed,20,0.03,6.0,8,75,blockage,False,3,3,0,1,0,False,5,5.084125004941598
lambda,6.0,local,6,mixed,20,0.03,6.0,9,76,blockage,False,1,2,1,3,1,False,24,9.470832999795675
lambda,6.0,local,6,mixed,20,0.03,6.0,10,88,blockage,False,2,2,0,1,0,False,58,15.526707997196354
lambda,6.0,local,6,mixed,20,0.03,6.0,11,94,emergency,True,1,1,0,1,0,False,20,8.063457993557677
lambda,6.0,local,7,mixed,20,0.03,6.0,0,23,blockage,False,1,1,0,1,0,False,46,1.9678330136230215
lambda,6.0,local,7,mixed,20,0.03,6.0,1,29,blockage,False,3,3,0,3,1,False,157,425.0842500041472
lambda,6.0,local,7,mixed,20,0.03,6.0,2,31,blockage,False,2,3,1,2,1,False,44,53.168834012467414
lambda,6.0,local,7,mixed,20,0.03,6.0,3,58,emergency,True,1,1,0,1,0,False,29,34.335916992858984
lambda,6.0,local,7,mixed,20,0.03,6.0,4,69,emergency,True,1,2,1,2,1,False,10,4.677707998780534
lambda,6.0,local,7,mixed,20,0.03,6.0,5,73,breakdown,True,4,4,0,1,0,False,37,7.490499992854893
lambda,6.0,local,7,mixed,20,0.03,6.0,6,82,blockage,False,3,3,0,1,0,False,92,59.207540994975716
lambda,6.0,local,7,mixed,20,0.03,6.0,7,87,blockage,True,3,3,0,1,0,False,97,113.3779169904301
lambda,6.0,local,7,mixed,20,0.03,6.0,8,93,blockage,False,1,1,0,1,0,False,2,2.8020410099998116
lambda,6.0,local,7,mixed,20,0.03,6.0,9,95,blockage,False,1,1,0,1,0,False,14,2.1550840028794482
lambda,6.0,local,7,mixed,20,0.03,6.0,10,103,breakdown,False,1,1,0,1,0,False,2,0.8809590071905404
lambda,6.0,local,7,mixed,20,0.03,6.0,11,112,blockage,True,4,4,0,1,0,False,25,7.906625003670342
lambda,6.0,local,8,mixed,20,0.03,6.0,0,18,blockage,True,6,6,0,1,0,False,72,87.95225000358187
lambda,6.0,local,8,mixed,20,0.03,6.0,1,24,blockage,False,1,1,0,1,0,False,20,19.56449999124743
lambda,6.0,local,8,mixed,20,0.03,6.0,2,32,emergency,True,1,1,0,1,0,False,53,44.511084008263424
lambda,6.0,local,8,mixed,20,0.03,6.0,3,41,breakdown,False,2,2,0,1,0,False,47,36.088624998228624
lambda,6.0,local,8,mixed,20,0.03,6.0,4,44,blockage,False,1,1,0,1,0,False,32,19.440290998318233
lambda,6.0,local,8,mixed,20,0.03,6.0,5,67,blockage,False,1,1,0,1,0,False,26,14.759167010197416
lambda,6.0,local,8,mixed,20,0.03,6.0,6,71,blockage,False,5,5,0,1,0,False,11,9.311541012721136
lambda,6.0,local,8,mixed,20,0.03,6.0,7,92,blockage,False,0,0,0,0,0,False,0,0.08258299203589559
lambda,6.0,local,8,mixed,20,0.03,6.0,8,94,emergency,True,1,1,0,1,0,False,18,11.316667005303316
lambda,6.0,local,8,mixed,20,0.03,6.0,9,95,blockage,False,1,1,0,1,0,False,5,2.059749996988103
lambda,6.0,local,8,mixed,20,0.03,6.0,10,97,blockage,False,1,2,1,3,1,False,37,8.06725000438746
lambda,6.0,local,8,mixed,20,0.03,6.0,11,102,breakdown,False,2,2,0,1,0,False,5,0.6284170085564256
lambda,6.0,local,9,mixed,20,0.03,6.0,0,19,breakdown,False,1,1,0,1,0,False,1,1.3479999906849116
lambda,6.0,local,9,mixed,20,0.03,6.0,1,26,emergency,True,1,1,0,1,0,False,26,115.95725000370294
lambda,6.0,local,9,mixed,20,0.03,6.0,2,37,blockage,False,0,0,0,0,0,False,0,0.04095899930689484
lambda,6.0,local,9,mixed,20,0.03,6.0,3,58,blockage,False,4,4,0,1,0,False,64,5.577999996603467
lambda,6.0,local,9,mixed,20,0.03,6.0,4,59,blockage,False,0,0,0,0,0,False,0,0.029582995921373367
lambda,6.0,local,9,mixed,20,0.03,6.0,5,75,blockage,False,2,2,0,1,0,False,3,1.107290998334065
lambda,6.0,local,9,mixed,20,0.03,6.0,6,79,blockage,False,3,3,0,1,0,False,64,12.428166010067798
lambda,6.0,local,9,mixed,20,0.03,6.0,7,84,blockage,False,2,2,0,1,0,False,3,2.2129999997559935
lambda,6.0,local,9,mixed,20,0.03,6.0,8,99,emergency,True,1,1,0,1,0,False,19,18.808375010848977
lambda,6.0,local,9,mixed,20,0.03,6.0,9,103,breakdown,False,1,1,0,1,0,False,0,1.2827500031562522
lambda,6.0,local,9,mixed,20,0.03,6.0,10,108,blockage,False,4,4,0,1,0,False,38,6.819625006755814
lambda,6.0,local,9,mixed,20,0.03,6.0,11,120,blockage,True,1,1,0,1,0,False,3,0.8187079947674647
lambda,6.0,local,0,mixed,20,0.03,6.0,0,11,blockage,False,1,1,0,1,0,False,177,1362.7915410033893
lambda,6.0,local,0,mixed,20,0.03,6.0,1,14,breakdown,False,2,2,0,1,0,False,52,448.49925000744406
lambda,6.0,local,0,mixed,20,0.03,6.0,2,28,blockage,False,2,2,0,1,0,False,26,35.68187500059139
lambda,6.0,local,0,mixed,20,0.03,6.0,3,30,emergency,True,1,2,1,2,1,False,22,114.40108300303109
lambda,6.0,local,0,mixed,20,0.03,6.0,4,36,emergency,True,1,1,0,1,0,False,107,423.23695799859706
lambda,6.0,local,0,mixed,20,0.03,6.0,5,37,blockage,False,1,1,0,1,0,False,3,0.9175839950330555
lambda,6.0,local,0,mixed,20,0.03,6.0,6,62,blockage,False,1,1,0,1,0,False,4,0.8299589972011745
lambda,6.0,local,0,mixed,20,0.03,6.0,7,66,blockage,False,0,0,0,0,0,False,0,0.027709000278264284
lambda,6.0,local,0,mixed,20,0.03,6.0,8,102,blockage,True,3,3,0,1,0,False,46,75.65912501013372
lambda,6.0,local,0,mixed,20,0.03,6.0,9,110,blockage,False,0,0,0,0,0,False,0,0.03737499355338514
lambda,6.0,local,0,mixed,20,0.03,6.0,10,112,breakdown,False,1,1,0,1,0,False,0,0.4289579956093803
lambda,6.0,local,0,mixed,20,0.03,6.0,11,117,blockage,False,0,0,0,0,0,False,0,0.02924998989328742
lambda,6.0,local-flat,1,mixed,20,0.03,6.0,0,11,breakdown,False,1,1,0,1,0,False,2,2.8508329996839166
lambda,6.0,local-flat,1,mixed,20,0.03,6.0,1,43,blockage,False,2,2,0,1,0,False,53,82.13041699491441
lambda,6.0,local-flat,1,mixed,20,0.03,6.0,2,48,blockage,True,10,10,0,1,0,False,153,113.71162500290666
lambda,6.0,local-flat,1,mixed,20,0.03,6.0,3,57,breakdown,False,2,2,0,1,0,False,27,17.094541995902546
lambda,6.0,local-flat,1,mixed,20,0.03,6.0,4,80,blockage,False,1,1,0,1,0,False,2,4.994707996957004
lambda,6.0,local-flat,1,mixed,20,0.03,6.0,5,82,emergency,True,1,1,0,1,0,False,52,44.028332995367236
lambda,6.0,local-flat,1,mixed,20,0.03,6.0,6,83,blockage,False,0,0,0,0,0,False,0,0.07658299000468105
lambda,6.0,local-flat,1,mixed,20,0.03,6.0,7,95,blockage,False,3,3,0,1,0,False,35,26.032291003502905
lambda,6.0,local-flat,1,mixed,20,0.03,6.0,8,100,emergency,True,1,1,0,1,0,False,11,12.441999992006458
lambda,6.0,local-flat,1,mixed,20,0.03,6.0,9,107,blockage,False,1,1,0,1,0,False,3,1.0593749902909622
lambda,6.0,local-flat,1,mixed,20,0.03,6.0,10,109,blockage,False,1,1,0,1,0,False,9,2.168874998460524
lambda,6.0,local-flat,1,mixed,20,0.03,6.0,11,115,blockage,False,0,0,0,0,0,False,0,0.07158399967011064
lambda,6.0,local-flat,2,mixed,20,0.03,6.0,0,12,breakdown,False,4,4,0,1,0,False,61,92.06900000572205
lambda,6.0,local-flat,2,mixed,20,0.03,6.0,1,18,blockage,False,2,2,0,1,0,False,8,4.75433400424663
lambda,6.0,local-flat,2,mixed,20,0.03,6.0,2,20,blockage,False,1,1,0,1,0,False,2,5.708833006792702
lambda,6.0,local-flat,2,mixed,20,0.03,6.0,3,20,emergency,True,1,1,0,1,0,False,36,57.77283299539704
lambda,6.0,local-flat,2,mixed,20,0.03,6.0,4,25,emergency,True,1,1,0,1,0,False,24,20.6436250009574
lambda,6.0,local-flat,2,mixed,20,0.03,6.0,5,43,blockage,False,1,1,0,1,0,False,31,1.6834580019349232
lambda,6.0,local-flat,2,mixed,20,0.03,6.0,6,57,blockage,False,0,0,0,0,0,False,0,0.031082992791198194
lambda,6.0,local-flat,2,mixed,20,0.03,6.0,7,65,blockage,False,0,0,0,0,0,False,0,0.02562500594649464
lambda,6.0,local-flat,2,mixed,20,0.03,6.0,8,69,blockage,True,2,2,0,1,0,False,3,2.6727499935077503
lambda,6.0,local-flat,2,mixed,20,0.03,6.0,9,83,blockage,False,1,1,0,1,0,False,26,8.049833006225526
lambda,6.0,local-flat,2,mixed,20,0.03,6.0,10,88,breakdown,False,2,2,0,1,0,False,4,2.047042013145983
lambda,6.0,local-flat,2,mixed,20,0.03,6.0,11,94,blockage,True,9,9,0,1,0,False,116,36.64216700417455
lambda,12.0,local-flat,0,mixed,40,0.03,12.0,0,11,blockage,False,3,3,0,1,0,False,432,6055.582083994523
lambda,12.0,local-flat,0,mixed,40,0.03,12.0,1,23,breakdown,False,1,28,27,3,1,False,1553,18528.618416006793
lambda,12.0,local-flat,0,mixed,40,0.03,12.0,2,25,emergency,True,1,2,1,2,1,False,31,108.63058399991132
lambda,12.0,local-flat,0,mixed,40,0.03,12.0,3,27,blockage,False,7,9,2,3,1,False,255,492.29641699639615
lambda,12.0,local-flat,0,mixed,40,0.03,12.0,4,35,blockage,False,4,7,3,3,1,False,278,1745.1159589982126
lambda,12.0,local-flat,0,mixed,40,0.03,12.0,5,44,emergency,True,1,1,0,1,0,False,67,107.91854200942907
lambda,12.0,local-flat,0,mixed,40,0.03,12.0,6,59,blockage,False,2,2,0,1,0,False,43,19.686665997141972
lambda,12.0,local-flat,0,mixed,40,0.03,12.0,7,62,blockage,False,2,2,0,1,0,False,62,36.66849998990074
lambda,12.0,local-flat,0,mixed,40,0.03,12.0,8,96,blockage,True,3,3,0,1,0,False,116,82.04733299498912
lambda,12.0,local-flat,0,mixed,40,0.03,12.0,9,104,blockage,False,0,0,0,0,0,False,0,0.05258301098365337
lambda,12.0,local-flat,0,mixed,40,0.03,12.0,10,105,breakdown,False,6,6,0,1,0,False,228,54.833249989314936
lambda,12.0,local-flat,0,mixed,40,0.03,12.0,11,111,blockage,False,1,1,0,1,0,False,9,0.5832089955219999
lambda,6.0,local-flat,4,mixed,20,0.03,6.0,0,12,blockage,False,1,1,0,1,0,False,5,0.899125006981194
lambda,6.0,local-flat,4,mixed,20,0.03,6.0,1,24,breakdown,True,5,5,0,1,0,False,25,9.274500000174157
lambda,6.0,local-flat,4,mixed,20,0.03,6.0,2,30,emergency,True,1,1,0,1,0,False,39,60.364040997228585
lambda,6.0,local-flat,4,mixed,20,0.03,6.0,3,52,blockage,True,4,5,1,3,1,False,82,43.684999996912666
lambda,6.0,local-flat,4,mixed,20,0.03,6.0,4,54,blockage,False,1,2,1,3,1,False,43,21.413624999695458
lambda,6.0,local-flat,4,mixed,20,0.03,6.0,5,57,blockage,False,4,4,0,1,0,False,78,13.370625005336478
lambda,6.0,local-flat,4,mixed,20,0.03,6.0,6,60,blockage,False,0,0,0,0,0,False,0,0.04008300311397761
lambda,6.0,local-flat,4,mixed,20,0.03,6.0,7,64,emergency,True,1,1,0,1,0,False,18,10.252624997519888
lambda,6.0,local-flat,4,mixed,20,0.03,6.0,8,65,breakdown,False,1,1,0,1,0,False,1,0.5397500062827021
lambda,6.0,local-flat,4,mixed,20,0.03,6.0,9,68,blockage,False,1,1,0,1,0,False,11,1.6398750012740493
lambda,6.0,local-flat,4,mixed,20,0.03,6.0,10,88,blockage,True,5,5,0,1,0,False,38,18.586208010674454
lambda,6.0,local-flat,4,mixed,20,0.03,6.0,11,98,blockage,False,2,2,0,1,0,False,5,0.8761250064708292
lambda,6.0,local-flat,3,mixed,20,0.03,6.0,0,9,blockage,False,3,4,1,3,1,False,102,153.2295420038281
lambda,6.0,local-flat,3,mixed,20,0.03,6.0,1,18,blockage,False,1,1,0,1,0,False,17,10.40229199861642
lambda,6.0,local-flat,3,mixed,20,0.03,6.0,2,21,blockage,False,2,2,0,1,0,False,34,19.736916990950704
lambda,6.0,local-flat,3,mixed,20,0.03,6.0,3,59,blockage,True,10,11,1,2,1,False,68,59.080083010485396
lambda,6.0,local-flat,3,mixed,20,0.03,6.0,4,73,blockage,False,1,2,1,2,1,False,19,12.131041003158316
lambda,6.0,local-flat,3,mixed,20,0.03,6.0,5,75,emergency,True,1,1,0,1,0,False,3,2.6402910007163882
lambda,6.0,local-flat,3,mixed,20,0.03,6.0,6,84,breakdown,False,1,1,0,1,0,False,1,0.6994580035097897
lambda,6.0,local-flat,3,mixed,20,0.03,6.0,7,87,breakdown,False,1,1,0,1,0,False,3,1.6951249999692664
lambda,6.0,local-flat,3,mixed,20,0.03,6.0,8,93,blockage,False,3,3,0,1,0,False,9,5.914833003771491
lambda,6.0,local-flat,3,mixed,20,0.03,6.0,9,96,emergency,True,1,1,0,1,0,False,4,3.974417006247677
lambda,6.0,local-flat,3,mixed,20,0.03,6.0,10,98,blockage,False,3,3,0,1,0,False,35,12.335207997239195
lambda,6.0,local-flat,3,mixed,20,0.03,6.0,11,103,blockage,True,1,1,0,1,0,False,11,23.154833004809916
lambda,6.0,local-flat,0,mixed,20,0.03,6.0,0,11,blockage,False,1,1,0,1,0,False,105,446.3073750084732
lambda,6.0,local-flat,0,mixed,20,0.03,6.0,1,14,breakdown,False,2,2,0,1,0,False,50,336.772499998915
lambda,6.0,local-flat,0,mixed,20,0.03,6.0,2,28,blockage,False,2,2,0,1,0,False,24,14.213791000656784
lambda,6.0,local-flat,0,mixed,20,0.03,6.0,3,30,emergency,True,1,2,1,2,1,False,22,126.1843329994008
lambda,6.0,local-flat,0,mixed,20,0.03,6.0,4,36,emergency,True,1,2,1,3,1,False,48,177.08833300275728
lambda,6.0,local-flat,0,mixed,20,0.03,6.0,5,37,blockage,False,1,1,0,1,0,False,3,0.9470000077271834
lambda,6.0,local-flat,0,mixed,20,0.03,6.0,6,62,blockage,False,1,1,0,1,0,False,4,0.8580830035498366
lambda,6.0,local-flat,0,mixed,20,0.03,6.0,7,66,blockage,False,0,0,0,0,0,False,0,0.02849999873433262
lambda,6.0,local-flat,0,mixed,20,0.03,6.0,8,102,blockage,True,3,3,0,1,0,False,37,17.450625004130416
lambda,6.0,local-flat,0,mixed,20,0.03,6.0,9,110,blockage,False,0,0,0,0,0,False,0,0.058999998145736754
lambda,6.0,local-flat,0,mixed,20,0.03,6.0,10,112,breakdown,False,1,1,0,1,0,False,0,1.1637500138022006
lambda,6.0,local-flat,0,mixed,20,0.03,6.0,11,117,blockage,False,0,0,0,0,0,False,0,0.12862500443588942
lambda,6.0,local-flat,6,mixed,20,0.03,6.0,0,9,blockage,False,4,4,0,1,0,False,155,381.3021249952726
lambda,6.0,local-flat,6,mixed,20,0.03,6.0,1,13,blockage,False,0,0,0,0,0,False,0,0.04112500755582005
lambda,6.0,local-flat,6,mixed,20,0.03,6.0,2,38,emergency,True,1,1,0,1,0,False,1,1.303124998230487
lambda,6.0,local-flat,6,mixed,20,0.03,6.0,3,46,blockage,False,1,1,0,1,0,False,1,1.0797499999171123
lambda,6.0,local-flat,6,mixed,20,0.03,6.0,4,51,breakdown,False,1,1,0,1,0,False,2,1.3178329973015934
lambda,6.0,local-flat,6,mixed,20,0.03,6.0,5,55,blockage,False,4,4,0,1,0,False,40,14.546792008331977
lambda,6.0,local-flat,6,mixed,20,0.03,6.0,6,59,breakdown,False,2,2,0,1,0,False,44,32.0005840039812
lambda,6.0,local-flat,6,mixed,20,0.03,6.0,7,72,blockage,False,0,0,0,0,0,False,0,0.041665989556349814
lambda,6.0,local-flat,6,mixed,20,0.03,6.0,8,75,blockage,False,3,3,0,1,0,False,5,2.0446249982342124
lambda,6.0,local-flat,6,mixed,20,0.03,6.0,9,76,blockage,False,1,2,1,3,1,False,24,8.145207990310155
lambda,6.0,local-flat,6,mixed,20,0.03,6.0,10,88,blockage,False,2,2,0,1,0,False,58,12.723959007416852
lambda,6.0,local-flat,6,mixed,20,0.03,6.0,11,94,emergency,True,1,1,0,1,0,False,16,4.2204170022159815
lambda,1.0,local,5,mixed,20,0.03,1.0,0,8,breakdown,False,2,14,12,3,2,False,705,11247.470208007144
lambda,1.0,local,5,mixed,20,0.03,1.0,1,40,blockage,True,2,2,0,1,0,False,20,12.297958004637621
lambda,1.0,local,5,mixed,20,0.03,1.0,2,49,blockage,False,1,1,0,1,0,False,29,19.24508300726302
lambda,1.0,local,5,mixed,20,0.03,1.0,3,60,blockage,True,4,5,1,3,1,False,83,31.250208005076274
lambda,1.0,local,5,mixed,20,0.03,1.0,4,61,blockage,True,2,2,0,1,0,False,91,63.75104199105408
lambda,1.0,local,5,mixed,20,0.03,1.0,5,62,blockage,False,2,2,0,1,0,False,94,64.87970800662879
lambda,1.0,local,5,mixed,20,0.03,1.0,6,65,emergency,True,1,2,1,3,1,False,20,43.33237498940434
lambda,1.0,local,5,mixed,20,0.03,1.0,7,68,breakdown,True,4,4,0,1,0,False,173,161.70820899424143
lambda,1.0,local,5,mixed,20,0.03,1.0,8,76,blockage,False,2,2,0,1,0,False,48,12.61037499352824
lambda,1.0,local,5,mixed,20,0.03,1.0,9,86,blockage,False,3,3,0,1,0,False,58,27.70737500395626
lambda,1.0,local,5,mixed,20,0.03,1.0,10,94,emergency,True,1,1,0,1,0,False,32,13.325958003406413
lambda,1.0,local,5,mixed,20,0.03,1.0,11,104,blockage,False,0,0,0,0,0,False,0,0.14525000005960464
lambda,6.0,local-flat,8,mixed,20,0.03,6.0,0,18,blockage,True,6,6,0,1,0,False,72,93.05058300378732
lambda,6.0,local-flat,8,mixed,20,0.03,6.0,1,24,blockage,False,1,1,0,1,0,False,20,16.913542000111192
lambda,6.0,local-flat,8,mixed,20,0.03,6.0,2,32,emergency,True,1,1,0,1,0,False,45,3.091499995207414
lambda,6.0,local-flat,8,mixed,20,0.03,6.0,3,41,breakdown,False,2,2,0,1,0,False,39,4.035374993691221
lambda,6.0,local-flat,8,mixed,20,0.03,6.0,4,44,blockage,False,1,1,0,1,0,False,25,1.9767920020967722
lambda,6.0,local-flat,8,mixed,20,0.03,6.0,5,67,blockage,False,1,1,0,1,0,False,26,7.187541006715037
lambda,6.0,local-flat,8,mixed,20,0.03,6.0,6,71,blockage,False,5,5,0,1,0,False,11,4.624334003892727
lambda,6.0,local-flat,8,mixed,20,0.03,6.0,7,92,blockage,False,0,0,0,0,0,False,0,0.030584007618017495
lambda,6.0,local-flat,8,mixed,20,0.03,6.0,8,94,emergency,True,1,1,0,1,0,False,13,2.1220000053290278
lambda,6.0,local-flat,8,mixed,20,0.03,6.0,9,95,blockage,False,1,1,0,1,0,False,5,1.6263330035144463
lambda,6.0,local-flat,8,mixed,20,0.03,6.0,10,97,blockage,False,1,2,1,3,1,False,37,5.458290994283743
lambda,6.0,local-flat,8,mixed,20,0.03,6.0,11,102,breakdown,False,2,2,0,1,0,False,5,0.6142910133348778
lambda,6.0,local-flat,7,mixed,20,0.03,6.0,0,23,blockage,False,1,1,0,1,0,False,46,2.9278339934535325
lambda,6.0,local-flat,7,mixed,20,0.03,6.0,1,29,blockage,False,3,3,0,3,1,False,149,376.8338749941904
lambda,6.0,local-flat,7,mixed,20,0.03,6.0,2,31,blockage,False,2,3,1,2,1,False,42,38.67541698855348
lambda,6.0,local-flat,7,mixed,20,0.03,6.0,3,58,emergency,True,1,1,0,1,0,False,18,10.914541009697132
lambda,6.0,local-flat,7,mixed,20,0.03,6.0,4,69,emergency,True,1,1,0,1,0,False,36,7.951084000524133
lambda,6.0,local-flat,7,mixed,20,0.03,6.0,5,73,breakdown,True,4,4,0,1,0,False,37,8.79966700449586
lambda,6.0,local-flat,7,mixed,20,0.03,6.0,6,82,blockage,False,3,3,0,1,0,False,41,18.946083000628278
lambda,6.0,local-flat,7,mixed,20,0.03,6.0,7,87,blockage,True,3,3,0,1,0,False,39,4.633332995581441
lambda,6.0,local-flat,7,mixed,20,0.03,6.0,8,93,blockage,False,1,1,0,1,0,False,2,2.465583005687222
lambda,6.0,local-flat,7,mixed,20,0.03,6.0,9,95,blockage,False,1,1,0,1,0,False,1,1.3129589933669195
lambda,6.0,local-flat,7,mixed,20,0.03,6.0,10,103,breakdown,False,1,1,0,1,0,False,2,1.0367920040152967
lambda,6.0,local-flat,7,mixed,20,0.03,6.0,11,112,blockage,True,4,4,0,1,0,False,17,10.74299999163486
lambda,6.0,local-flat,9,mixed,20,0.03,6.0,0,19,breakdown,False,1,1,0,1,0,False,1,4.314207995776087
lambda,6.0,local-flat,9,mixed,20,0.03,6.0,1,26,emergency,True,1,1,0,1,0,False,23,138.80458399944473
lambda,6.0,local-flat,9,mixed,20,0.03,6.0,2,37,blockage,False,0,0,0,0,0,False,0,0.050125003326684237
lambda,6.0,local-flat,9,mixed,20,0.03,6.0,3,58,blockage,False,4,4,0,1,0,False,64,14.407458002096973
lambda,6.0,local-flat,9,mixed,20,0.03,6.0,4,59,blockage,False,0,0,0,0,0,False,0,0.0822080037323758
lambda,6.0,local-flat,9,mixed,20,0.03,6.0,5,75,blockage,False,2,2,0,1,0,False,3,2.005166999879293
lambda,6.0,local-flat,9,mixed,20,0.03,6.0,6,79,blockage,False,3,3,0,1,0,False,64,10.48304200230632
lambda,6.0,local-flat,9,mixed,20,0.03,6.0,7,84,blockage,False,2,2,0,1,0,False,3,4.207082994980738
lambda,6.0,local-flat,9,mixed,20,0.03,6.0,8,99,emergency,True,1,1,0,1,0,False,7,5.047833998105489
lambda,6.0,local-flat,9,mixed,20,0.03,6.0,9,103,breakdown,False,1,1,0,1,0,False,0,0.7187919982243329
lambda,6.0,local-flat,9,mixed,20,0.03,6.0,10,108,blockage,False,4,4,0,1,0,False,38,5.63937499828171
lambda,6.0,local-flat,9,mixed,20,0.03,6.0,11,120,blockage,True,1,1,0,1,0,False,3,0.8340420026797801
lambda,12.0,local,1,mixed,20,0.03,12.0,0,11,breakdown,False,1,1,0,1,0,False,2,3.874250003718771
lambda,12.0,local,1,mixed,20,0.03,12.0,1,43,blockage,False,2,2,0,1,0,False,41,41.74316700664349
lambda,12.0,local,1,mixed,20,0.03,12.0,2,48,blockage,True,10,10,0,1,0,False,143,99.6760000125505
lambda,12.0,local,1,mixed,20,0.03,12.0,3,57,breakdown,False,2,2,0,1,0,False,23,19.08733400341589
lambda,12.0,local,1,mixed,20,0.03,12.0,4,80,blockage,False,1,1,0,1,0,False,2,4.895083009614609
lambda,12.0,local,1,mixed,20,0.03,12.0,5,82,emergency,True,1,2,1,2,1,False,19,17.330332993878983
lambda,12.0,local,1,mixed,20,0.03,12.0,6,83,blockage,False,0,0,0,0,0,False,0,0.03833298978861421
lambda,12.0,local,1,mixed,20,0.03,12.0,7,95,blockage,False,3,3,0,1,0,False,29,5.920124996919185
lambda,12.0,local,1,mixed,20,0.03,12.0,8,100,emergency,True,1,1,0,1,0,False,16,16.56975000514649
lambda,12.0,local,1,mixed,20,0.03,12.0,9,107,blockage,False,1,1,0,1,0,False,3,1.0597080108709633
lambda,12.0,local,1,mixed,20,0.03,12.0,10,109,blockage,False,1,1,0,1,0,False,10,2.5880000030156225
lambda,12.0,local,1,mixed,20,0.03,12.0,11,115,blockage,False,0,0,0,0,0,False,0,0.08512499334756285
lambda,12.0,local,2,mixed,20,0.03,12.0,0,12,breakdown,False,4,4,0,1,0,False,57,104.27858300681692
lambda,12.0,local,2,mixed,20,0.03,12.0,1,18,blockage,False,2,2,0,1,0,False,8,7.833750001736917
lambda,12.0,local,2,mixed,20,0.03,12.0,2,20,blockage,False,1,1,0,1,0,False,2,4.677624994656071
lambda,12.0,local,2,mixed,20,0.03,12.0,3,20,emergency,True,1,1,0,1,0,False,36,43.43554099614266
lambda,12.0,local,2,mixed,20,0.03,12.0,4,25,emergency,True,1,1,0,1,0,False,31,56.8038330093259
lambda,12.0,local,2,mixed,20,0.03,12.0,5,43,blockage,False,1,1,0,1,0,False,31,2.2803330066381022
lambda,12.0,local,2,mixed,20,0.03,12.0,6,57,blockage,False,0,0,0,0,0,False,0,0.036999990697950125
lambda,12.0,local,2,mixed,20,0.03,12.0,7,65,blockage,False,0,0,0,0,0,False,0,0.02620898885652423
lambda,12.0,local,2,mixed,20,0.03,12.0,8,69,blockage,True,2,2,0,1,0,False,3,4.064332999405451
lambda,12.0,local,2,mixed,20,0.03,12.0,9,83,blockage,False,1,1,0,1,0,False,18,1.3687500031664968
lambda,12.0,local,2,mixed,20,0.03,12.0,10,88,breakdown,False,2,2,0,1,0,False,4,2.0294170099077746
lambda,12.0,local,2,mixed,20,0.03,12.0,11,94,blockage,True,9,9,0,1,0,False,108,19.563624999136664
lambda,12.0,local,3,mixed,20,0.03,12.0,0,9,blockage,False,3,3,0,1,0,False,80,50.52379200060386
lambda,12.0,local,3,mixed,20,0.03,12.0,1,18,blockage,False,1,1,0,1,0,False,17,6.625791997066699
lambda,12.0,local,3,mixed,20,0.03,12.0,2,21,blockage,False,2,2,0,1,0,False,28,4.944749991409481
lambda,12.0,local,3,mixed,20,0.03,12.0,3,59,blockage,True,10,10,0,1,0,False,95,19.952040995121934
lambda,12.0,local,3,mixed,20,0.03,12.0,4,73,blockage,False,1,1,0,1,0,False,27,2.3941250110510737
lambda,12.0,local,3,mixed,20,0.03,12.0,5,75,emergency,True,1,1,0,1,0,False,27,25.20516600634437
lambda,12.0,local,3,mixed,20,0.03,12.0,6,84,breakdown,False,1,1,0,1,0,False,2,0.670000008540228
lambda,12.0,local,3,mixed,20,0.03,12.0,7,87,breakdown,False,1,1,0,1,0,False,4,3.2369590044254437
lambda,12.0,local,3,mixed,20,0.03,12.0,8,93,blockage,False,2,2,0,1,0,False,6,4.585583010339178
lambda,12.0,local,3,mixed,20,0.03,12.0,9,96,emergency,True,1,1,0,1,0,False,7,10.052750003524125
lambda,12.0,local,3,mixed,20,0.03,12.0,10,98,blockage,False,3,3,0,1,0,False,33,6.844624993391335
lambda,12.0,local,3,mixed,20,0.03,12.0,11,103,blockage,True,1,1,0,1,0,False,10,16.018583992263302
lambda,12.0,local,4,mixed,20,0.03,12.0,0,12,blockage,False,1,1,0,1,0,False,5,2.2699170076521114
lambda,12.0,local,4,mixed,20,0.03,12.0,1,24,breakdown,True,5,5,0,1,0,False,25,9.57199999538716
lambda,12.0,local,4,mixed,20,0.03,12.0,2,30,emergency,True,1,1,0,1,0,False,46,87.78537499892991
lambda,12.0,local,4,mixed,20,0.03,12.0,3,52,blockage,True,4,4,0,1,0,False,92,36.909542002831586
lambda,12.0,local,4,mixed,20,0.03,12.0,4,54,blockage,False,0,0,0,0,0,False,0,0.08925001020543277
lambda,12.0,local,4,mixed,20,0.03,12.0,5,57,blockage,False,4,4,0,1,0,False,74,22.987124990322627
lambda,12.0,local,4,mixed,20,0.03,12.0,6,60,blockage,False,0,0,0,0,0,False,0,0.0931249960558489
lambda,12.0,local,4,mixed,20,0.03,12.0,7,64,emergency,True,1,1,0,1,0,False,11,7.346291997237131
lambda,12.0,local,4,mixed,20,0.03,12.0,8,65,breakdown,False,1,1,0,1,0,False,1,0.4919579951092601
lambda,12.0,local,4,mixed,20,0.03,12.0,9,68,blockage,False,1,1,0,1,0,False,14,3.3336250053253025
lambda,12.0,local,4,mixed,20,0.03,12.0,10,88,blockage,True,5,5,0,1,0,False,29,10.71162500011269
lambda,12.0,local,4,mixed,20,0.03,12.0,11,98,blockage,False,2,2,0,1,0,False,5,0.8446249994449317
lambda,12.0,local,6,mixed,20,0.03,12.0,0,9,blockage,False,4,4,0,1,0,False,103,179.8883330047829
lambda,12.0,local,6,mixed,20,0.03,12.0,1,13,blockage,False,0,0,0,0,0,False,0,0.04587500006891787
lambda,12.0,local,6,mixed,20,0.03,12.0,2,38,emergency,True,1,1,0,1,0,False,1,1.9912499992642552
lambda,12.0,local,6,mixed,20,0.03,12.0,3,46,blockage,False,1,1,0,1,0,False,1,1.134374993853271
lambda,12.0,local,6,mixed,20,0.03,12.0,4,51,breakdown,False,1,1,0,1,0,False,2,1.2471249938244
lambda,12.0,local,6,mixed,20,0.03,12.0,5,55,blockage,False,4,4,0,1,0,False,32,5.6345000048168
lambda,12.0,local,6,mixed,20,0.03,12.0,6,59,breakdown,False,2,2,0,1,0,False,40,21.93387500301469
lambda,12.0,local,6,mixed,20,0.03,12.0,7,72,blockage,False,0,0,0,0,0,False,0,0.03849998756777495
lambda,12.0,local,6,mixed,20,0.03,12.0,8,75,blockage,False,3,3,0,1,0,False,5,2.200749993789941
lambda,12.0,local,6,mixed,20,0.03,12.0,9,76,blockage,False,1,1,0,1,0,False,20,4.371749993879348
lambda,12.0,local,6,mixed,20,0.03,12.0,10,88,blockage,False,1,1,0,1,0,False,27,3.0159579910105094
lambda,12.0,local,6,mixed,20,0.03,12.0,11,94,emergency,True,1,1,0,1,0,False,23,7.5466660055099055
lambda,12.0,local,0,mixed,20,0.03,12.0,0,11,blockage,False,1,1,0,1,0,False,61,297.570208000252
lambda,12.0,local,0,mixed,20,0.03,12.0,1,14,breakdown,False,2,2,0,1,0,False,32,121.28491701150779
lambda,12.0,local,0,mixed,20,0.03,12.0,2,28,blockage,False,2,2,0,1,0,False,20,4.154249996645376
lambda,12.0,local,0,mixed,20,0.03,12.0,3,30,emergency,True,1,2,1,2,1,False,22,115.2120000042487
lambda,12.0,local,0,mixed,20,0.03,12.0,4,36,emergency,True,1,1,0,1,0,False,75,262.833541011787
lambda,12.0,local,0,mixed,20,0.03,12.0,5,37,blockage,False,1,1,0,1,0,False,3,0.912874995265156
lambda,12.0,local,0,mixed,20,0.03,12.0,6,62,blockage,False,1,1,0,1,0,False,4,0.8289580000564456
lambda,12.0,local,0,mixed,20,0.03,12.0,7,66,blockage,False,0,0,0,0,0,False,0,0.027375004719942808
lambda,12.0,local,0,mixed,20,0.03,12.0,8,102,blockage,True,3,3,0,1,0,False,40,45.23279200657271
lambda,12.0,local,0,mixed,20,0.03,12.0,9,110,blockage,False,0,0,0,0,0,False,0,0.036833007470704615
lambda,12.0,local,0,mixed,20,0.03,12.0,10,112,breakdown,False,1,1,0,1,0,False,0,0.4197079979348928
lambda,12.0,local,0,mixed,20,0.03,12.0,11,117,blockage,False,0,0,0,0,0,False,0,0.02850001328624785
lambda,12.0,local,8,mixed,20,0.03,12.0,0,18,blockage,True,6,6,0,1,0,False,60,18.49508300074376
lambda,12.0,local,8,mixed,20,0.03,12.0,1,24,blockage,False,1,1,0,1,0,False,14,6.757542010745965
lambda,12.0,local,8,mixed,20,0.03,12.0,2,32,emergency,True,1,1,0,1,0,False,53,59.20312499802094
lambda,12.0,local,8,mixed,20,0.03,12.0,3,41,breakdown,False,2,2,0,1,0,False,47,34.89162499317899
lambda,12.0,local,8,mixed,20,0.03,12.0,4,44,blockage,False,1,1,0,1,0,False,32,16.583291988354176
lambda,12.0,local,8,mixed,20,0.03,12.0,5,67,blockage,False,1,1,0,1,0,False,22,2.0700419991044328
lambda,12.0,local,8,mixed,20,0.03,12.0,6,71,blockage,False,5,5,0,1,0,False,11,4.753166998852976
lambda,12.0,local,8,mixed,20,0.03,12.0,7,92,blockage,False,0,0,0,0,0,False,0,0.03412499791011214
lambda,12.0,local,8,mixed,20,0.03,12.0,8,94,emergency,True,1,1,0,1,0,False,18,8.676249999552965
lambda,12.0,local,8,mixed,20,0.03,12.0,9,95,blockage,False,1,1,0,1,0,False,5,1.0907500109169632
lambda,12.0,local,8,mixed,20,0.03,12.0,10,97,blockage,False,1,1,0,1,0,False,33,4.4220830022823066
lambda,12.0,local,8,mixed,20,0.03,12.0,11,102,breakdown,False,2,2,0,1,0,False,5,1.593708002474159
lambda,12.0,local,7,mixed,20,0.03,12.0,0,23,blockage,False,1,1,0,1,0,False,46,2.7942500018980354
lambda,12.0,local,7,mixed,20,0.03,12.0,1,29,blockage,False,3,3,0,1,0,False,118,261.4107500121463
lambda,12.0,local,7,mixed,20,0.03,12.0,2,31,blockage,False,2,3,1,2,1,False,36,21.66683299583383
lambda,12.0,local,7,mixed,20,0.03,12.0,3,58,emergency,True,1,1,0,1,0,False,25,27.939749998040497
lambda,12.0,local,7,mixed,20,0.03,12.0,4,69,emergency,True,1,2,1,2,1,False,10,3.996917002950795
lambda,12.0,local,7,mixed,20,0.03,12.0,5,73,breakdown,True,4,4,0,1,0,False,38,12.582458002725616
lambda,12.0,local,7,mixed,20,0.03,12.0,6,82,blockage,False,3,3,0,1,0,False,68,23.36533299239818
lambda,12.0,local,7,mixed,20,0.03,12.0,7,87,blockage,True,3,3,0,1,0,False,70,36.059790989384055
lambda,12.0,local,7,mixed,20,0.03,12.0,8,93,blockage,False,1,1,0,1,0,False,2,2.4616249866085127
lambda,12.0,local,7,mixed,20,0.03,12.0,9,95,blockage,False,1,1,0,1,0,False,14,2.0700410095741972
lambda,12.0,local,7,mixed,20,0.03,12.0,10,103,breakdown,False,1,1,0,1,0,False,2,0.884082997799851
lambda,12.0,local,7,mixed,20,0.03,12.0,11,112,blockage,True,4,4,0,1,0,False,25,5.6172079930547625
lambda,12.0,local,9,mixed,20,0.03,12.0,0,19,breakdown,False,1,1,0,1,0,False,1,3.136625004117377
lambda,12.0,local,9,mixed,20,0.03,12.0,1,26,emergency,True,1,1,0,1,0,False,18,43.45766700862441
lambda,12.0,local,9,mixed,20,0.03,12.0,2,37,blockage,False,0,0,0,0,0,False,0,0.03975001163780689
lambda,12.0,local,9,mixed,20,0.03,12.0,3,58,blockage,False,4,4,0,1,0,False,62,4.8976250109262764
lambda,12.0,local,9,mixed,20,0.03,12.0,4,59,blockage,False,0,0,0,0,0,False,0,0.03650000144261867
lambda,12.0,local,9,mixed,20,0.03,12.0,5,75,blockage,False,2,2,0,1,0,False,3,0.8692920091561973
lambda,12.0,local,9,mixed,20,0.03,12.0,6,79,blockage,False,3,3,0,1,0,False,60,3.8892080046935007
lambda,12.0,local,9,mixed,20,0.03,12.0,7,84,blockage,False,2,2,0,1,0,False,3,2.2040409967303276
lambda,12.0,local,9,mixed,20,0.03,12.0,8,99,emergency,True,1,1,0,1,0,False,15,17.528124997625127
lambda,12.0,local,9,mixed,20,0.03,12.0,9,103,breakdown,False,1,1,0,1,0,False,0,0.439041992649436
lambda,12.0,local,9,mixed,20,0.03,12.0,10,108,blockage,False,4,4,0,1,0,False,36,2.6066249993164092
lambda,12.0,local,9,mixed,20,0.03,12.0,11,120,blockage,True,1,1,0,1,0,False,3,0.843166999402456
lambda,12.0,local-flat,2,mixed,20,0.03,12.0,0,12,breakdown,False,4,4,0,1,0,False,57,86.61108399974182
lambda,12.0,local-flat,2,mixed,20,0.03,12.0,1,18,blockage,False,2,2,0,1,0,False,8,2.6181249995715916
lambda,12.0,local-flat,2,mixed,20,0.03,12.0,2,20,blockage,False,1,1,0,1,0,False,2,5.985292009427212
lambda,12.0,local-flat,2,mixed,20,0.03,12.0,3,20,emergency,True,1,1,0,1,0,False,28,8.18858300044667
lambda,12.0,local-flat,2,mixed,20,0.03,12.0,4,25,emergency,True,1,1,0,1,0,False,22,7.938333001220599
lambda,12.0,local-flat,2,mixed,20,0.03,12.0,5,43,blockage,False,1,1,0,1,0,False,31,1.6483329964103177
lambda,12.0,local-flat,2,mixed,20,0.03,12.0,6,57,blockage,False,0,0,0,0,0,False,0,0.03041699528694153
lambda,12.0,local-flat,2,mixed,20,0.03,12.0,7,65,blockage,False,0,0,0,0,0,False,0,0.02562500594649464
lambda,12.0,local-flat,2,mixed,20,0.03,12.0,8,69,blockage,True,2,2,0,1,0,False,3,3.721083005075343
lambda,12.0,local-flat,2,mixed,20,0.03,12.0,9,83,blockage,False,1,1,0,1,0,False,18,3.563582999049686
lambda,12.0,local-flat,2,mixed,20,0.03,12.0,10,88,breakdown,False,2,2,0,1,0,False,4,4.126792002352886
lambda,12.0,local-flat,2,mixed,20,0.03,12.0,11,94,blockage,True,9,9,0,1,0,False,108,16.132958990056068
lambda,3.0,local-flat,5,mixed,20,0.03,3.0,0,8,breakdown,False,2,12,10,2,1,False,672,6074.043292013812
lambda,3.0,local-flat,5,mixed,20,0.03,3.0,1,40,blockage,True,2,2,0,1,0,False,24,8.147957996698096
lambda,3.0,local-flat,5,mixed,20,0.03,3.0,2,49,blockage,False,1,1,0,1,0,False,22,7.071957996231504
lambda,3.0,local-flat,5,mixed,20,0.03,3.0,3,60,blockage,True,4,4,0,1,0,False,16,4.252958009601571
lambda,3.0,local-flat,5,mixed,20,0.03,3.0,4,61,blockage,True,2,2,0,1,0,False,94,69.67037499998696
lambda,3.0,local-flat,5,mixed,20,0.03,3.0,5,62,blockage,False,2,2,0,1,0,False,98,109.69800000020768
lambda,3.0,local-flat,5,mixed,20,0.03,3.0,6,65,emergency,True,1,1,0,1,0,False,21,30.779624998103827
lambda,3.0,local-flat,5,mixed,20,0.03,3.0,7,68,breakdown,True,4,4,0,1,0,False,149,113.80983299750369
lambda,3.0,local-flat,5,mixed,20,0.03,3.0,8,76,blockage,False,2,2,0,1,0,False,44,28.639332987950183
lambda,3.0,local-flat,5,mixed,20,0.03,3.0,9,86,blockage,False,1,1,0,1,0,False,25,7.129790988983586
lambda,3.0,local-flat,5,mixed,20,0.03,3.0,10,94,emergency,True,1,1,0,1,0,False,21,4.140666002058424
lambda,3.0,local-flat,5,mixed,20,0.03,3.0,11,104,blockage,False,0,0,0,0,0,False,0,0.07875000301282853
lambda,12.0,local-flat,1,mixed,20,0.03,12.0,0,11,breakdown,False,1,1,0,1,0,False,2,2.6423339877510443
lambda,12.0,local-flat,1,mixed,20,0.03,12.0,1,43,blockage,False,2,2,0,1,0,False,41,29.796624992741272
lambda,12.0,local-flat,1,mixed,20,0.03,12.0,2,48,blockage,True,10,10,0,1,0,False,143,87.27608299523126
lambda,12.0,local-flat,1,mixed,20,0.03,12.0,3,57,breakdown,False,2,2,0,1,0,False,23,12.118583006667905
lambda,12.0,local-flat,1,mixed,20,0.03,12.0,4,80,blockage,False,1,1,0,1,0,False,2,4.595500009600073
lambda,12.0,local-flat,1,mixed,20,0.03,12.0,5,82,emergency,True,1,1,0,1,0,False,36,16.19925000704825
lambda,12.0,local-flat,1,mixed,20,0.03,12.0,6,83,blockage,False,0,0,0,0,0,False,0,0.03487498906906694
lambda,12.0,local-flat,1,mixed,20,0.03,12.0,7,95,blockage,False,3,3,0,1,0,False,27,4.525374999502674
lambda,12.0,local-flat,1,mixed,20,0.03,12.0,8,100,emergency,True,1,1,0,1,0,False,9,6.966374989133328
lambda,12.0,local-flat,1,mixed,20,0.03,12.0,9,107,blockage,False,1,1,0,1,0,False,3,1.1689159873640165
lambda,12.0,local-flat,1,mixed,20,0.03,12.0,10,109,blockage,False,1,1,0,1,0,False,9,1.768375004758127
lambda,12.0,local-flat,1,mixed,20,0.03,12.0,11,115,blockage,False,0,0,0,0,0,False,0,0.03325000579934567
lambda,12.0,local-flat,3,mixed,20,0.03,12.0,0,9,blockage,False,3,3,0,1,0,False,80,39.16304200538434
lambda,12.0,local-flat,3,mixed,20,0.03,12.0,1,18,blockage,False,1,1,0,1,0,False,17,4.760666997754015
lambda,12.0,local-flat,3,mixed,20,0.03,12.0,2,21,blockage,False,2,2,0,1,0,False,28,4.8753750015748665
lambda,12.0,local-flat,3,mixed,20,0.03,12.0,3,59,blockage,True,10,10,0,1,0,False,95,13.196208004956134
lambda,12.0,local-flat,3,mixed,20,0.03,12.0,4,73,blockage,False,1,1,0,1,0,False,27,2.16379199991934
lambda,12.0,local-flat,3,mixed,20,0.03,12.0,5,75,emergency,True,1,1,0,1,0,False,16,1.9484999938867986
lambda,12.0,local-flat,3,mixed,20,0.03,12.0,6,84,breakdown,False,1,1,0,1,0,False,2,0.6850419886177406
lambda,12.0,local-flat,3,mixed,20,0.03,12.0,7,87,breakdown,False,1,1,0,1,0,False,4,1.7952079942915589
lambda,12.0,local-flat,3,mixed,20,0.03,12.0,8,93,blockage,False,2,2,0,1,0,False,6,1.7157919937744737
lambda,12.0,local-flat,3,mixed,20,0.03,12.0,9,96,emergency,True,1,1,0,1,0,False,4,2.6122499984921888
lambda,12.0,local-flat,3,mixed,20,0.03,12.0,10,98,blockage,False,3,3,0,1,0,False,33,9.949375002179295
lambda,12.0,local-flat,3,mixed,20,0.03,12.0,11,103,blockage,True,1,1,0,1,0,False,9,10.311333011486568
lambda,12.0,local-flat,4,mixed,20,0.03,12.0,0,12,blockage,False,1,1,0,1,0,False,5,0.8678329904796556
lambda,12.0,local-flat,4,mixed,20,0.03,12.0,1,24,breakdown,True,5,5,0,1,0,False,25,8.562166010960937
lambda,12.0,local-flat,4,mixed,20,0.03,12.0,2,30,emergency,True,1,1,0,1,0,False,31,55.601000000024214
lambda,12.0,local-flat,4,mixed,20,0.03,12.0,3,52,blockage,True,4,4,0,1,0,False,92,23.28304100956302
lambda,12.0,local-flat,4,mixed,20,0.03,12.0,4,54,blockage,False,0,0,0,0,0,False,0,0.037125006201677024
lambda,12.0,local-flat,4,mixed,20,0.03,12.0,5,57,blockage,False,4,4,0,1,0,False,74,16.424332992755808
lambda,12.0,local-flat,4,mixed,20,0.03,12.0,6,60,blockage,False,0,0,0,0,0,False,0,0.036582991015166044
lambda,12.0,local-flat,4,mixed,20,0.03,12.0,7,64,emergency,True,1,1,0,1,0,False,10,2.4899580021156
lambda,12.0,local-flat,4,mixed,20,0.03,12.0,8,65,breakdown,False,1,1,0,1,0,False,1,0.5229579983279109
lambda,12.0,local-flat,4,mixed,20,0.03,12.0,9,68,blockage,False,1,1,0,1,0,False,12,1.598874994670041
lambda,12.0,local-flat,4,mixed,20,0.03,12.0,10,88,blockage,True,5,5,0,1,0,False,29,16.10166700265836
lambda,12.0,local-flat,4,mixed,20,0.03,12.0,11,98,blockage,False,2,2,0,1,0,False,5,0.8311660058097914
lambda,12.0,local-flat,6,mixed,20,0.03,12.0,0,9,blockage,False,4,4,0,1,0,False,103,155.4870830004802
lambda,12.0,local-flat,6,mixed,20,0.03,12.0,1,13,blockage,False,0,0,0,0,0,False,0,0.04370900569483638
lambda,12.0,local-flat,6,mixed,20,0.03,12.0,2,38,emergency,True,1,1,0,1,0,False,1,1.3102079974487424
lambda,12.0,local-flat,6,mixed,20,0.03,12.0,3,46,blockage,False,1,1,0,1,0,False,1,1.0820830066222697
lambda,12.0,local-flat,6,mixed,20,0.03,12.0,4,51,breakdown,False,1,1,0,1,0,False,2,1.5954999980749562
lambda,12.0,local-flat,6,mixed,20,0.03,12.0,5,55,blockage,False,4,4,0,1,0,False,32,3.7364159943535924
lambda,12.0,local-flat,6,mixed,20,0.03,12.0,6,59,breakdown,False,2,2,0,1,0,False,40,17.40041699667927
lambda,12.0,local-flat,6,mixed,20,0.03,12.0,7,72,blockage,False,0,0,0,0,0,False,0,0.038124999264255166
lambda,12.0,local-flat,6,mixed,20,0.03,12.0,8,75,blockage,False,3,3,0,1,0,False,5,3.6099160060985014
lambda,12.0,local-flat,6,mixed,20,0.03,12.0,9,76,blockage,False,1,1,0,1,0,False,20,4.455625006812625
lambda,12.0,local-flat,6,mixed,20,0.03,12.0,10,88,blockage,False,1,1,0,1,0,False,27,4.443540994543582
lambda,12.0,local-flat,6,mixed,20,0.03,12.0,11,94,emergency,True,1,1,0,1,0,False,16,4.070542010595091
lambda,12.0,local-flat,7,mixed,20,0.03,12.0,0,23,blockage,False,1,1,0,1,0,False,46,2.0891660096822307
lambda,12.0,local-flat,7,mixed,20,0.03,12.0,1,29,blockage,False,3,3,0,1,0,False,116,243.01591601397377
lambda,12.0,local-flat,7,mixed,20,0.03,12.0,2,31,blockage,False,2,3,1,2,1,False,36,30.301874998258427
lambda,12.0,local-flat,7,mixed,20,0.03,12.0,3,58,emergency,True,1,1,0,1,0,False,14,3.823417006060481
lambda,12.0,local-flat,7,mixed,20,0.03,12.0,4,69,emergency,True,1,1,0,1,0,False,30,2.5122079969150946
lambda,12.0,local-flat,7,mixed,20,0.03,12.0,5,73,breakdown,True,4,4,0,1,0,False,38,9.131833998253569
lambda,12.0,local-flat,7,mixed,20,0.03,12.0,6,82,blockage,False,3,3,0,1,0,False,33,6.987125001614913
lambda,12.0,local-flat,7,mixed,20,0.03,12.0,7,87,blockage,True,3,3,0,1,0,False,40,5.316416994901374
lambda,12.0,local-flat,7,mixed,20,0.03,12.0,8,93,blockage,False,1,1,0,1,0,False,2,2.51574999128934
lambda,12.0,local-flat,7,mixed,20,0.03,12.0,9,95,blockage,False,1,1,0,1,0,False,1,1.2824580044252798
lambda,12.0,local-flat,7,mixed,20,0.03,12.0,10,103,breakdown,False,1,1,0,1,0,False,2,0.9584159997757524
lambda,12.0,local-flat,7,mixed,20,0.03,12.0,11,112,blockage,True,4,4,0,1,0,False,17,4.64366699452512
lambda,12.0,local-flat,8,mixed,20,0.03,12.0,0,18,blockage,True,6,6,0,1,0,False,60,26.541750004980713
lambda,12.0,local-flat,8,mixed,20,0.03,12.0,1,24,blockage,False,1,1,0,1,0,False,14,2.4002499994821846
lambda,12.0,local-flat,8,mixed,20,0.03,12.0,2,32,emergency,True,1,1,0,1,0,False,45,2.848667005309835
lambda,12.0,local-flat,8,mixed,20,0.03,12.0,3,41,breakdown,False,2,2,0,1,0,False,39,4.163707999396138
lambda,12.0,local-flat,8,mixed,20,0.03,12.0,4,44,blockage,False,1,1,0,1,0,False,25,1.9976250041509047
lambda,12.0,local-flat,8,mixed,20,0.03,12.0,5,67,blockage,False,1,1,0,1,0,False,22,2.2727500036126003
lambda,12.0,local-flat,8,mixed,20,0.03,12.0,6,71,blockage,False,5,5,0,1,0,False,11,9.342416989966296
lambda,12.0,local-flat,8,mixed,20,0.03,12.0,7,92,blockage,False,0,0,0,0,0,False,0,0.0364580046152696
lambda,12.0,local-flat,8,mixed,20,0.03,12.0,8,94,emergency,True,1,1,0,1,0,False,13,2.1617500024149194
lambda,12.0,local-flat,8,mixed,20,0.03,12.0,9,95,blockage,False,1,1,0,1,0,False,5,1.0614159982651472
lambda,12.0,local-flat,8,mixed,20,0.03,12.0,10,97,blockage,False,1,1,0,1,0,False,33,4.0505000069970265
lambda,12.0,local-flat,8,mixed,20,0.03,12.0,11,102,breakdown,False,2,2,0,1,0,False,5,1.6016250010579824
lambda,12.0,local-flat,0,mixed,20,0.03,12.0,0,11,blockage,False,1,1,0,1,0,False,53,132.6574169943342
lambda,12.0,local-flat,0,mixed,20,0.03,12.0,1,14,breakdown,False,2,2,0,1,0,False,32,122.25066700193565
lambda,12.0,local-flat,0,mixed,20,0.03,12.0,2,28,blockage,False,2,2,0,1,0,False,20,4.080332990270108
lambda,12.0,local-flat,0,mixed,20,0.03,12.0,3,30,emergency,True,1,1,0,1,0,False,48,233.72270799882244
lambda,12.0,local-flat,0,mixed,20,0.03,12.0,4,36,emergency,True,1,1,0,1,0,False,67,371.52558399247937
lambda,12.0,local-flat,0,mixed,20,0.03,12.0,5,37,blockage,False,1,1,0,1,0,False,3,0.9113330015679821
lambda,12.0,local-flat,0,mixed,20,0.03,12.0,6,62,blockage,False,1,1,0,1,0,False,4,2.3189589992398396
lambda,12.0,local-flat,0,mixed,20,0.03,12.0,7,66,blockage,False,0,0,0,0,0,False,0,0.04520799848251045
lambda,12.0,local-flat,0,mixed,20,0.03,12.0,8,102,blockage,True,3,3,0,1,0,False,33,16.799541990621947
lambda,12.0,local-flat,0,mixed,20,0.03,12.0,9,110,blockage,False,0,0,0,0,0,False,0,0.03758400271181017
lambda,12.0,local-flat,0,mixed,20,0.03,12.0,10,112,breakdown,False,1,1,0,1,0,False,0,0.45612499525304884
lambda,12.0,local-flat,0,mixed,20,0.03,12.0,11,117,blockage,False,0,0,0,0,0,False,0,0.029666000045835972
lambda,12.0,local-flat,9,mixed,20,0.03,12.0,0,19,breakdown,False,1,1,0,1,0,False,1,3.0466250027529895
lambda,12.0,local-flat,9,mixed,20,0.03,12.0,1,26,emergency,True,1,1,0,1,0,False,15,11.652500004856847
lambda,12.0,local-flat,9,mixed,20,0.03,12.0,2,37,blockage,False,0,0,0,0,0,False,0,0.04025000089313835
lambda,12.0,local-flat,9,mixed,20,0.03,12.0,3,58,blockage,False,4,4,0,1,0,False,62,3.6937080003554
lambda,12.0,local-flat,9,mixed,20,0.03,12.0,4,59,blockage,False,0,0,0,0,0,False,0,0.029082992114126682
lambda,12.0,local-flat,9,mixed,20,0.03,12.0,5,75,blockage,False,2,2,0,1,0,False,3,0.8659169980091974
lambda,12.0,local-flat,9,mixed,20,0.03,12.0,6,79,blockage,False,3,3,0,1,0,False,60,5.099000001791865
lambda,12.0,local-flat,9,mixed,20,0.03,12.0,7,84,blockage,False,2,2,0,1,0,False,3,2.1973330003675073
lambda,12.0,local-flat,9,mixed,20,0.03,12.0,8,99,emergency,True,1,1,0,1,0,False,7,2.4442919966531917
lambda,12.0,local-flat,9,mixed,20,0.03,12.0,9,103,breakdown,False,1,1,0,1,0,False,0,0.4734999965876341
lambda,12.0,local-flat,9,mixed,20,0.03,12.0,10,108,blockage,False,4,4,0,1,0,False,36,3.7139579944778234
lambda,12.0,local-flat,9,mixed,20,0.03,12.0,11,120,blockage,True,1,1,0,1,0,False,3,1.1256669968133792
lambda,3.0,local,5,mixed,20,0.03,3.0,0,8,breakdown,False,2,12,10,2,1,False,712,9817.22112398711
lambda,3.0,local,5,mixed,20,0.03,3.0,1,40,blockage,True,2,2,0,1,0,False,24,8.362124994164333
lambda,3.0,local,5,mixed,20,0.03,3.0,2,49,blockage,False,1,1,0,1,0,False,22,7.183125009760261
lambda,3.0,local,5,mixed,20,0.03,3.0,3,60,blockage,True,4,4,0,1,0,False,16,4.144167003687471
lambda,3.0,local,5,mixed,20,0.03,3.0,4,61,blockage,True,2,2,0,1,0,False,94,58.6617090011714
lambda,3.0,local,5,mixed,20,0.03,3.0,5,62,blockage,False,2,2,0,1,0,False,106,97.5983329990413
lambda,3.0,local,5,mixed,20,0.03,3.0,6,65,emergency,True,1,1,0,1,0,False,26,42.91354199813213
lambda,3.0,local,5,mixed,20,0.03,3.0,7,68,breakdown,True,4,4,0,1,0,False,157,97.1484580077231
lambda,3.0,local,5,mixed,20,0.03,3.0,8,76,blockage,False,2,2,0,1,0,False,44,17.14595899102278
lambda,3.0,local,5,mixed,20,0.03,3.0,9,86,blockage,False,1,1,0,1,0,False,25,6.978790988796391
lambda,3.0,local,5,mixed,20,0.03,3.0,10,94,emergency,True,1,1,0,1,0,False,27,6.833416991867125
lambda,3.0,local,5,mixed,20,0.03,3.0,11,104,blockage,False,0,0,0,0,0,False,0,0.034083001082763076
lambda,6.0,local-flat,5,mixed,20,0.03,6.0,0,8,breakdown,False,2,11,9,1,0,False,612,4694.330915997853
lambda,6.0,local-flat,5,mixed,20,0.03,6.0,1,40,blockage,True,1,1,0,1,0,False,1,3.2302920008078218
lambda,6.0,local-flat,5,mixed,20,0.03,6.0,2,49,blockage,False,1,1,0,1,0,False,22,7.284874998731539
lambda,6.0,local-flat,5,mixed,20,0.03,6.0,3,60,blockage,True,4,4,0,1,0,False,59,5.829999994602986
lambda,6.0,local-flat,5,mixed,20,0.03,6.0,4,61,blockage,True,3,3,0,1,0,False,62,25.326583010610193
lambda,6.0,local-flat,5,mixed,20,0.03,6.0,5,62,blockage,False,3,3,0,1,0,False,55,28.110792001825757
lambda,6.0,local-flat,5,mixed,20,0.03,6.0,6,65,emergency,True,1,1,0,1,0,False,15,18.570000000181608
lambda,6.0,local-flat,5,mixed,20,0.03,6.0,7,68,breakdown,True,4,4,0,1,0,False,82,29.206874998635612
lambda,6.0,local-flat,5,mixed,20,0.03,6.0,8,76,blockage,False,2,2,0,3,1,False,49,27.433417009888217
lambda,6.0,local-flat,5,mixed,20,0.03,6.0,9,86,blockage,False,2,2,0,1,0,False,49,8.87404200329911
lambda,6.0,local-flat,5,mixed,20,0.03,6.0,10,94,emergency,True,1,2,1,2,1,False,13,8.065624992013909
lambda,6.0,local-flat,5,mixed,20,0.03,6.0,11,104,blockage,False,0,0,0,0,0,False,0,0.03908299549948424
lambda,12.0,local-flat,5,mixed,20,0.03,12.0,0,8,breakdown,False,2,11,9,1,0,False,512,2978.7064159900183
lambda,12.0,local-flat,5,mixed,20,0.03,12.0,1,40,blockage,True,1,1,0,1,0,False,1,3.108624994638376
lambda,12.0,local-flat,5,mixed,20,0.03,12.0,2,49,blockage,False,1,1,0,1,0,False,22,7.251250004628673
lambda,12.0,local-flat,5,mixed,20,0.03,12.0,3,60,blockage,True,4,4,0,1,0,False,59,5.659792004735209
lambda,12.0,local-flat,5,mixed,20,0.03,12.0,4,61,blockage,True,3,3,0,1,0,False,50,13.608249995741062
lambda,12.0,local-flat,5,mixed,20,0.03,12.0,5,62,blockage,False,3,3,0,1,0,False,45,6.435083007090725
lambda,12.0,local-flat,5,mixed,20,0.03,12.0,6,65,emergency,True,1,1,0,1,0,False,15,18.08333299413789
lambda,12.0,local-flat,5,mixed,20,0.03,12.0,7,68,breakdown,True,4,4,0,1,0,False,82,28.5224169929279
lambda,12.0,local-flat,5,mixed,20,0.03,12.0,8,76,blockage,False,2,2,0,1,0,False,43,24.31066700955853
lambda,12.0,local-flat,5,mixed,20,0.03,12.0,9,86,blockage,False,2,2,0,1,0,False,45,6.637958009378053
lambda,12.0,local-flat,5,mixed,20,0.03,12.0,10,94,emergency,True,1,1,0,1,0,False,26,1.5978750016074628
lambda,12.0,local-flat,5,mixed,20,0.03,12.0,11,104,blockage,False,0,0,0,0,0,False,0,0.031040995963849127
lambda,6.0,local,5,mixed,20,0.03,6.0,0,8,breakdown,False,2,11,9,1,0,False,648,7837.215125007788
lambda,6.0,local,5,mixed,20,0.03,6.0,1,40,blockage,True,1,1,0,1,0,False,1,2.97070799570065
lambda,6.0,local,5,mixed,20,0.03,6.0,2,49,blockage,False,1,1,0,1,0,False,22,6.834832995082252
lambda,6.0,local,5,mixed,20,0.03,6.0,3,60,blockage,True,4,4,0,1,0,False,59,5.661083006998524
lambda,6.0,local,5,mixed,20,0.03,6.0,4,61,blockage,True,3,3,0,1,0,False,62,24.353916000109166
lambda,6.0,local,5,mixed,20,0.03,6.0,5,62,blockage,False,3,3,0,1,0,False,55,27.68770800321363
lambda,6.0,local,5,mixed,20,0.03,6.0,6,65,emergency,True,1,1,0,1,0,False,20,31.48370901180897
lambda,6.0,local,5,mixed,20,0.03,6.0,7,68,breakdown,True,4,4,0,1,0,False,89,40.97829198872205
lambda,6.0,local,5,mixed,20,0.03,6.0,8,76,blockage,False,2,2,0,3,1,False,49,28.001957995002158
lambda,6.0,local,5,mixed,20,0.03,6.0,9,86,blockage,False,2,2,0,1,0,False,54,16.124082991154864
lambda,6.0,local,5,mixed,20,0.03,6.0,10,94,emergency,True,1,2,1,2,1,False,13,8.307625001179986
lambda,6.0,local,5,mixed,20,0.03,6.0,11,104,blockage,False,0,0,0,0,0,False,0,0.033625008654780686
lambda,12.0,local,5,mixed,20,0.03,12.0,0,8,breakdown,False,2,11,9,1,0,False,526,4971.799081991776
lambda,12.0,local,5,mixed,20,0.03,12.0,1,40,blockage,True,1,1,0,1,0,False,1,3.6181670002406463
lambda,12.0,local,5,mixed,20,0.03,12.0,2,49,blockage,False,1,1,0,1,0,False,22,7.476917002350092
lambda,12.0,local,5,mixed,20,0.03,12.0,3,60,blockage,True,4,4,0,1,0,False,59,5.798375001177192
lambda,12.0,local,5,mixed,20,0.03,12.0,4,61,blockage,True,3,3,0,1,0,False,50,13.554749995819293
lambda,12.0,local,5,mixed,20,0.03,12.0,5,62,blockage,False,3,3,0,1,0,False,45,6.351292002364062
lambda,12.0,local,5,mixed,20,0.03,12.0,6,65,emergency,True,1,1,0,1,0,False,20,32.95491699827835
lambda,12.0,local,5,mixed,20,0.03,12.0,7,68,breakdown,True,4,4,0,1,0,False,89,40.11941699718591
lambda,12.0,local,5,mixed,20,0.03,12.0,8,76,blockage,False,2,2,0,1,0,False,43,25.58833299553953
lambda,12.0,local,5,mixed,20,0.03,12.0,9,86,blockage,False,2,2,0,1,0,False,50,15.717250003945082
lambda,12.0,local,5,mixed,20,0.03,12.0,10,94,emergency,True,1,2,1,2,1,False,16,3.548374996171333
lambda,12.0,local,5,mixed,20,0.03,12.0,11,104,blockage,False,0,0,0,0,0,False,0,0.038124999264255166
lambda,12.0,local,0,mixed,40,0.03,12.0,0,11,blockage,False,3,3,0,1,0,False,500,7148.029542004224
lambda,12.0,local,0,mixed,40,0.03,12.0,1,23,breakdown,False,1,27,26,2,1,False,1943,38053.77425000188
lambda,12.0,local,0,mixed,40,0.03,12.0,2,25,emergency,True,1,2,1,2,1,False,31,93.75762499985285
lambda,12.0,local,0,mixed,40,0.03,12.0,3,27,blockage,False,7,8,1,2,1,False,272,709.593625011621
lambda,12.0,local,0,mixed,40,0.03,12.0,4,35,blockage,False,5,7,2,3,1,False,292,1076.536708002095
lambda,12.0,local,0,mixed,40,0.03,12.0,5,44,emergency,True,1,1,0,1,0,False,127,406.91304199572187
lambda,12.0,local,0,mixed,40,0.03,12.0,6,59,blockage,False,2,3,1,3,1,False,67,140.71545800834429
lambda,12.0,local,0,mixed,40,0.03,12.0,7,62,blockage,False,3,3,0,1,0,False,79,35.88895799475722
lambda,12.0,local,0,mixed,40,0.03,12.0,8,96,blockage,True,4,4,0,1,0,False,168,130.6865829974413
lambda,12.0,local,0,mixed,40,0.03,12.0,9,104,blockage,False,0,0,0,0,0,False,0,0.04895799793303013
lambda,12.0,local,0,mixed,40,0.03,12.0,10,105,breakdown,False,6,6,0,1,0,False,216,31.95004198641982
lambda,12.0,local,0,mixed,40,0.03,12.0,11,111,blockage,False,0,0,0,0,0,False,0,0.047542009269818664
