sweep,x,strategy,seed,dtype,n_agents,density,soc,makespan,soc_total,steps,nominal_soc,nominal_makespan,tasks_done,tasks_total,tasks_lost,all_done,collisions,guard_hits,n_disruptions,messages,soc_overhead,altered_mean,collateral_mean,direct_mean,repair_ms_mean,msgs_per_disruption,tier1,tier2,tier3,tier4,tier5,wall_s
single,50,local,2,blockage (temp),50,0.02,6613,179,7948,200,6605,179,150,150,0,True,0,0,1,35,8,1.0,0.0,1.0,13.933709007687867,35.0,1,0,0,0,0,1.0455437080236152
single,50,local,7,blockage (temp),50,0.02,6671,172,7937,195,6575,158,150,150,0,True,0,0,1,308,96,6.0,0.0,6.0,94.81895802309737,308.0,6,0,0,0,0,1.0565542500116862
single,50,local,5,blockage (temp),50,0.02,6347,159,7711,188,6327,151,150,150,0,True,0,0,1,39,20,1.0,0.0,1.0,105.05533299874514,39.0,1,0,0,0,0,1.198493083997164
single,50,local,8,blockage (temp),50,0.02,6716,189,8028,232,6707,189,150,150,0,True,0,0,1,129,9,4.0,0.0,4.0,38.69487502379343,129.0,4,0,0,0,0,1.225717541994527
single,50,local,6,blockage (temp),50,0.02,6403,197,7841,220,6394,197,150,150,0,True,0,0,1,80,9,2.0,0.0,2.0,22.93337503215298,80.0,2,0,0,0,0,1.4138840000377968
single,50,local,0,blockage (temp),50,0.02,6951,173,8390,204,6932,173,150,150,0,True,0,0,1,131,19,2.0,0.0,2.0,35.48600000794977,131.0,2,0,0,0,0,1.5266348329605535
single,50,local,1,blockage (temp),50,0.02,6720,164,7970,194,6687,164,150,150,0,True,0,0,1,182,33,4.0,0.0,4.0,63.58658301178366,182.0,4,0,0,0,0,1.581220583000686
single,50,solo,2,blockage (temp),50,0.02,6613,179,7948,200,6605,179,150,150,0,True,0,0,1,3,8,1.0,0.0,1.0,1.1040419922210276,3.0,1,0,0,0,0,0.9817782079917379
single,50,solo,5,blockage (temp),50,0.02,6347,159,7711,188,6327,151,150,150,0,True,0,0,1,3,20,1.0,0.0,1.0,17.324707994703203,3.0,1,0,0,0,0,0.979335916985292
single,50,solo,0,blockage (temp),50,0.02,6951,173,8390,204,6932,173,150,150,0,True,0,0,1,7,19,2.0,0.0,2.0,2.466416044626385,7.0,2,0,0,0,0,1.5880722920410335
single,50,solo,1,blockage (temp),50,0.02,6720,164,7970,194,6687,164,150,150,0,True,0,0,1,26,33,4.0,0.0,4.0,8.835625019855797,26.0,4,0,0,0,0,1.487660417042207
single,50,local,9,blockage (temp),50,0.02,6577,169,7850,192,6527,169,150,150,0,True,0,0,1,175,50,4.0,0.0,4.0,94.16266699554399,175.0,4,0,0,0,0,1.7899573749746196
single,50,solo,4,blockage (temp),50,0.02,6484,155,7712,178,6489,155,150,150,0,True,0,0,1,32,-5,3.0,0.0,3.0,54.22741698566824,32.0,3,0,0,0,0,1.3477971670217812
single,50,solo,3,blockage (temp),50,0.02,6634,164,8063,184,6566,153,150,150,0,True,0,0,1,27,68,5.0,0.0,5.0,172.6669170311652,27.0,5,0,0,0,0,1.5629201250267215
single,50,solo,7,blockage (temp),50,0.02,6671,172,7937,195,6575,158,150,150,0,True,0,0,1,38,96,6.0,0.0,6.0,32.04612497938797,38.0,6,0,0,0,0,0.9670904580270872
single,50,solo,6,blockage (temp),50,0.02,6403,197,7841,220,6394,197,150,150,0,True,0,0,1,14,9,2.0,0.0,2.0,5.057915986981243,14.0,2,0,0,0,0,1.3268586660269648
single,50,solo,8,blockage (temp),50,0.02,6716,189,8028,232,6707,189,150,150,0,True,0,0,1,23,9,4.0,0.0,4.0,5.262000020593405,23.0,4,0,0,0,0,1.2279575830325484
single,50,full,0,blockage (temp),50,0.02,6940,173,8446,204,6932,173,150,150,0,True,0,0,1,100,8,43.0,41.0,2.0,64.15862496942282,100.0,0,0,0,0,50,1.5619966250378639
single,50,solo,9,blockage (temp),50,0.02,6577,169,7850,192,6527,169,150,150,0,True,0,0,1,13,50,4.0,0.0,4.0,19.844041962642223,13.0,4,0,0,0,0,1.7262350000091828
single,50,full,2,blockage (temp),50,0.02,6791,179,8182,200,6605,179,150,150,0,True,0,0,1,100,186,42.0,41.0,1.0,527.7018750202842,100.0,0,0,0,0,50,1.5675661250133999
single,50,full,1,blockage (temp),50,0.02,6734,165,8029,194,6687,164,150,150,0,True,0,0,1,100,47,45.0,41.0,4.0,154.7730000456795,100.0,0,0,0,0,50,1.7393358750268817
single,50,local,4,blockage (temp),50,0.02,6484,155,7712,178,6489,155,150,150,0,True,0,0,1,350,-5,3.0,0.0,3.0,3412.39479201613,350.0,3,0,0,0,0,4.77171629096847
single,50,local,3,blockage (temp),50,0.02,6602,156,8023,184,6566,153,150,150,0,True,0,0,1,454,36,8.0,3.0,5.0,3674.784875009209,454.0,2,0,6,0,0,5.182442374993116
single,50,full,5,blockage (temp),50,0.02,6432,151,7820,178,6327,151,150,150,0,True,0,0,1,100,105,44.0,43.0,1.0,456.83883398305625,100.0,0,0,0,0,50,1.4631735419970937
single,50,full,7,blockage (temp),50,0.02,6649,160,7983,184,6575,158,150,150,0,True,0,0,1,100,74,45.0,39.0,6.0,154.83129199128598,100.0,0,0,0,0,50,1.2584968750015832
single,50,full,8,blockage (temp),50,0.02,6809,189,8241,232,6707,189,150,150,0,True,0,0,1,100,102,41.0,37.0,4.0,89.6049999864772,100.0,0,0,0,0,50,1.210647500003688
single,50,full,3,blockage (temp),50,0.02,6545,157,7973,184,6566,153,150,150,0,True,0,0,1,100,-21,41.0,36.0,5.0,947.1446669776924,100.0,0,0,0,0,50,2.261707875004504
single,50,full,6,blockage (temp),50,0.02,6422,197,7874,220,6394,197,150,150,0,True,0,0,1,100,28,44.0,42.0,2.0,84.87429202068597,100.0,0,0,0,0,50,1.4045648340252228
single,50,full,4,blockage (temp),50,0.02,6487,151,7739,178,6489,155,150,150,0,True,0,0,1,100,-2,47.0,44.0,3.0,1181.577958050184,100.0,0,0,0,0,50,2.625447541999165
single,50,full,9,blockage (temp),50,0.02,6561,173,7786,189,6527,169,150,150,0,True,0,0,1,100,34,47.0,43.0,4.0,321.09141699038446,100.0,0,0,0,0,50,1.946095040999353
single,50,local,0,blockage (perm),50,0.02,6971,185,8424,204,6932,173,150,150,0,True,0,0,1,513,39,9.0,2.0,7.0,197.17162498272955,513.0,5,0,4,0,0,1.8261507079587318
single,50,local,6,blockage (perm),50,0.02,6398,197,7832,220,6394,197,150,150,0,True,0,0,1,137,4,2.0,0.0,2.0,124.75487502524629,137.0,2,0,0,0,0,1.478844332974404
single,50,local,7,blockage (perm),50,0.02,6610,160,7878,191,6575,158,150,150,0,True,0,0,1,451,35,8.0,0.0,8.0,298.90654201153666,451.0,8,0,0,0,0,1.326837750035338
single,50,local,8,blockage (perm),50,0.02,6721,189,8024,232,6707,189,150,150,0,True,0,0,1,202,14,7.0,1.0,6.0,40.390958019997925,202.0,5,0,2,0,0,1.30030387500301
single,50,local,2,blockage (perm),50,0.02,6751,179,8176,212,6605,179,150,150,0,True,0,0,1,1373,146,24.0,1.0,23.0,1792.169374995865,1373.0,18,2,4,0,0,2.812791374977678
single,50,local,5,blockage (perm),50,0.02,6352,161,7716,188,6327,151,150,150,0,True,0,0,1,637,25,11.0,2.0,9.0,1836.6371659794822,637.0,7,2,2,0,0,2.918042167031672
single,50,solo,0,blockage (perm),50,0.02,6971,185,8437,204,6932,173,150,150,0,True,0,0,1,55,39,7.0,0.0,7.0,29.647875053342432,55.0,7,0,0,0,0,1.610661083017476
single,50,solo,2,blockage (perm),50,0.02,6777,197,8215,216,6605,179,150,150,0,True,0,0,1,159,172,23.0,0.0,23.0,276.5885000117123,159.0,23,0,0,0,0,1.3192714170436375
single,50,solo,1,blockage (perm),50,0.02,6706,164,7998,194,6687,164,150,150,0,True,0,0,1,132,19,21.0,0.0,21.0,213.6122080264613,132.0,21,0,0,0,0,1.7494526249938644
single,50,local,9,blockage (perm),50,0.02,6530,174,7831,197,6527,169,150,150,0,True,0,0,1,946,3,15.0,2.0,13.0,1404.0747500257567,946.0,11,2,2,0,0,3.09656245901715
single,50,solo,3,blockage (perm),50,0.02,6637,169,8065,206,6566,153,150,150,0,True,0,0,1,66,71,7.0,0.0,7.0,230.97899998538196,66.0,7,0,0,0,0,1.7022825839812867
single,50,solo,5,blockage (perm),50,0.02,6369,161,7731,188,6327,151,150,150,0,True,0,0,1,64,42,9.0,0.0,9.0,68.0401660501957,64.0,9,0,0,0,0,1.1154232079861686
single,50,solo,7,blockage (perm),50,0.02,6610,160,7878,191,6575,158,150,150,0,True,0,0,1,107,35,8.0,0.0,8.0,98.91195897944272,107.0,8,0,0,0,0,1.1690621659508906
single,50,solo,6,blockage (perm),50,0.02,6398,197,7832,220,6394,197,150,150,0,True,0,0,1,7,4,2.0,0.0,2.0,12.650083983317018,7.0,2,0,0,0,0,1.385559040994849
single,50,solo,4,blockage (perm),50,0.02,6680,192,7918,222,6489,155,150,150,0,True,0,0,1,136,191,18.0,0.0,18.0,575.0038329861127,136.0,18,0,0,0,0,2.011733124963939
single,50,solo,8,blockage (perm),50,0.02,6721,189,8031,232,6707,189,150,150,0,True,0,0,1,34,14,6.0,0.0,6.0,8.381084015127271,34.0,6,0,0,0,0,1.2200127500109375
single,50,local,1,blockage (perm),50,0.02,6701,164,7988,194,6687,164,150,150,0,True,0,0,1,1425,14,22.0,1.0,21.0,4200.292999972589,1425.0,19,2,1,0,0,5.816731875005644
single,50,local,3,blockage (perm),50,0.02,6595,169,7998,206,6566,153,150,150,0,True,0,0,1,728,29,13.0,6.0,7.0,4385.898833046667,728.0,2,4,7,0,0,5.928409125015605
single,50,full,0,blockage (perm),50,0.02,6997,174,8432,204,6932,173,150,150,0,True,0,0,1,100,65,45.0,38.0,7.0,94.1997499903664,100.0,0,0,0,0,50,1.5979261660249904
single,50,solo,9,blockage (perm),50,0.02,6556,175,7858,197,6527,169,150,150,0,True,0,0,1,83,29,13.0,0.0,13.0,170.65087502123788,83.0,13,0,0,0,0,1.8129175830399618
single,50,full,2,blockage (perm),50,0.02,6758,179,8204,200,6605,179,150,150,0,True,0,0,1,100,153,48.0,25.0,23.0,506.39908300945535,100.0,0,0,0,0,50,1.47089508298086
single,50,full,1,blockage (perm),50,0.02,6697,164,7972,194,6687,164,150,150,0,True,0,0,1,100,10,47.0,26.0,21.0,439.29279199801385,100.0,0,0,0,0,50,2.071391000004951
single,50,full,5,blockage (perm),50,0.02,6440,151,7849,178,6327,151,150,150,0,True,0,0,1,100,113,48.0,39.0,9.0,530.8216669945978,100.0,0,0,0,0,50,1.743789249972906
single,50,full,7,blockage (perm),50,0.02,6719,159,8087,184,6575,158,150,150,0,True,0,0,1,100,144,48.0,40.0,8.0,208.7525420356542,100.0,0,0,0,0,50,1.268245124956593
single,50,full,8,blockage (perm),50,0.02,6843,189,8233,232,6707,189,150,150,0,True,0,0,1,100,136,44.0,38.0,6.0,128.87295801192522,100.0,0,0,0,0,50,1.2927505830302835
single,50,full,6,blockage (perm),50,0.02,6435,197,7902,220,6394,197,150,150,0,True,0,0,1,100,41,44.0,42.0,2.0,131.0775420279242,100.0,0,0,0,0,50,1.511432291008532
single,50,full,4,blockage (perm),50,0.02,6503,172,7704,199,6489,155,150,150,0,True,0,0,1,100,14,50.0,32.0,18.0,1056.281874945853,100.0,0,0,0,0,50,2.3562792079756036
single,50,local,2,breakdown (temp),50,0.02,6629,179,7964,200,6605,179,150,150,0,True,0,0,1,121,24,2.0,0.0,2.0,152.19179197447374,121.0,2,0,0,0,0,1.1452053749817424
single,50,local,0,breakdown (temp),50,0.02,6968,173,8408,205,6932,173,150,150,0,True,0,0,1,2,36,1.0,0.0,1.0,60.96716597676277,2.0,1,0,0,0,0,1.623854375036899
single,50,full,9,blockage (perm),50,0.02,6564,171,7803,190,6527,169,150,150,0,True,0,0,1,100,37,46.0,33.0,13.0,524.4118749978952,100.0,0,0,0,0,50,2.1555449580191635
single,50,local,1,breakdown (temp),50,0.02,6701,164,7957,194,6687,164,150,150,0,True,0,0,1,71,14,3.0,0.0,3.0,24.724500020965934,71.0,3,0,0,0,0,1.6069618340115994
single,50,local,3,breakdown (temp),50,0.02,6578,153,7998,184,6566,153,150,150,0,True,0,0,1,4,12,1.0,0.0,1.0,1.0978749487549067,4.0,1,0,0,0,0,1.4626535000279546
single,50,local,5,breakdown (temp),50,0.02,6356,151,7723,178,6327,151,150,150,0,True,0,0,1,250,29,3.0,0.0,3.0,162.111375015229,250.0,3,0,0,0,0,1.2453586250194348
single,50,local,4,breakdown (temp),50,0.02,6528,182,7755,206,6489,155,150,150,0,True,0,0,1,6,39,1.0,0.0,1.0,37.394165992736816,6.0,1,0,0,0,0,1.416320167016238
single,50,local,6,breakdown (temp),50,0.02,6409,197,7843,220,6394,197,150,150,0,True,0,0,1,5,15,1.0,0.0,1.0,0.7320829899981618,5.0,1,0,0,0,0,1.4951329579926096
single,50,full,3,blockage (perm),50,0.02,6663,180,8016,215,6566,153,150,150,0,True,0,0,1,100,97,50.0,43.0,7.0,3444.6705839945935,100.0,0,0,0,0,50,4.957755625015125
single,50,solo,2,breakdown (temp),50,0.02,6629,179,7964,200,6605,179,150,150,0,True,0,0,1,11,24,2.0,0.0,2.0,12.598707980941981,11.0,2,0,0,0,0,1.1666903339792043
single,50,local,8,breakdown (temp),50,0.02,6770,189,8060,232,6707,189,150,150,0,True,0,0,1,186,63,4.0,0.0,4.0,205.43783297762275,186.0,4,0,0,0,0,1.617534707998857
single,50,local,9,breakdown (temp),50,0.02,6539,169,7809,192,6527,169,150,150,0,True,0,0,1,62,12,2.0,0.0,2.0,22.19899999909103,62.0,2,0,0,0,0,1.7587445409735665
single,50,solo,1,breakdown (temp),50,0.02,6701,164,7957,194,6687,164,150,150,0,True,0,0,1,7,14,3.0,0.0,3.0,8.889292017556727,7.0,3,0,0,0,0,1.6899353750050068
single,50,solo,0,breakdown (temp),50,0.02,6968,173,8408,205,6932,173,150,150,0,True,0,0,1,2,36,1.0,0.0,1.0,60.27800001902506,2.0,1,0,0,0,0,1.8297892499831505
single,50,local,4,blockage (perm),50,0.02,6640,192,7870,222,6489,155,150,150,0,True,0,0,1,1178,151,23.0,5.0,18.0,9359.884000034072,1178.0,10,5,8,0,0,10.714969584019855
single,50,solo,5,breakdown (temp),50,0.02,6356,151,7723,178,6327,151,150,150,0,True,0,0,1,32,29,3.0,0.0,3.0,8.304874994792044,32.0,3,0,0,0,0,1.1005874580005184
single,50,solo,3,breakdown (temp),50,0.02,6578,153,7998,184,6566,153,150,150,0,True,0,0,1,4,12,1.0,0.0,1.0,1.072749961167574,4.0,1,0,0,0,0,1.4776740000233985
single,50,solo,6,breakdown (temp),50,0.02,6409,197,7843,220,6394,197,150,150,0,True,0,0,1,5,15,1.0,0.0,1.0,0.7275829557329416,5.0,1,0,0,0,0,1.3088093340047635
single,50,solo,4,breakdown (temp),50,0.02,6528,182,7755,206,6489,155,150,150,0,True,0,0,1,6,39,1.0,0.0,1.0,42.71499998867512,6.0,1,0,0,0,0,1.4631258750450797
single,50,solo,7,breakdown (temp),50,0.02,6765,189,8027,213,6575,158,150,150,0,True,0,0,1,92,190,8.0,0.0,8.0,255.65391697455198,92.0,8,0,0,0,0,1.2532083339756355
single,50,solo,8,breakdown (temp),50,0.02,6770,189,8060,232,6707,189,150,150,0,True,0,0,1,22,63,4.0,0.0,4.0,42.37220803042874,22.0,4,0,0,0,0,1.3502769999904558
single,50,solo,9,breakdown (temp),50,0.02,6539,169,7809,192,6527,169,150,150,0,True,0,0,1,12,12,2.0,0.0,2.0,17.16608298011124,12.0,2,0,0,0,0,1.9176249169977382
single,50,full,1,breakdown (temp),50,0.02,6693,174,7943,204,6687,164,150,150,0,True,0,0,1,100,6,50.0,47.0,3.0,316.60445901798084,100.0,0,0,0,0,50,1.9069898329908028
single,50,full,2,breakdown (temp),50,0.02,6666,179,7966,211,6605,179,150,150,0,True,0,0,1,100,61,48.0,46.0,2.0,710.8737499802373,100.0,0,0,0,0,50,1.7701305000227876
single,50,full,5,breakdown (temp),50,0.02,6412,153,7821,180,6327,151,150,150,0,True,0,0,1,100,85,46.0,43.0,3.0,245.9113749791868,100.0,0,0,0,0,50,1.4236511249910109
single,50,full,3,breakdown (temp),50,0.02,6578,161,7997,187,6566,153,150,150,0,True,0,0,1,100,12,47.0,46.0,1.0,191.1270419950597,100.0,0,0,0,0,50,1.7001386669580825
single,50,full,6,breakdown (temp),50,0.02,6395,197,7873,220,6394,197,150,150,0,True,0,0,1,100,1,44.0,43.0,1.0,77.27433298714459,100.0,0,0,0,0,50,1.4379690840141848
single,50,full,4,breakdown (temp),50,0.02,6499,153,7722,178,6489,155,150,150,0,True,0,0,1,100,10,49.0,48.0,1.0,787.0799999800511,100.0,0,0,0,0,50,2.3225512910285033
single,50,full,7,breakdown (temp),50,0.02,6724,178,7979,204,6575,158,150,150,0,True,0,0,1,100,149,50.0,42.0,8.0,869.6468750131316,100.0,0,0,0,0,50,1.9289076669956557
single,50,local,7,breakdown (temp),50,0.02,6720,190,7990,210,6575,158,150,150,0,True,0,0,1,898,145,10.0,2.0,8.0,4966.846374969464,898.0,6,4,0,0,0,6.020394999999553
single,50,full,0,breakdown (temp),50,0.02,6951,205,8334,236,6932,173,150,150,0,True,0,0,1,100,19,50.0,49.0,1.0,1955.9940419858322,100.0,0,0,0,0,50,3.6981200840091333
single,50,full,8,breakdown (temp),50,0.02,6847,189,8135,232,6707,189,150,150,0,True,0,0,1,100,140,47.0,43.0,4.0,295.8623330341652,100.0,0,0,0,0,50,1.4961362500325777
single,50,full,9,breakdown (temp),50,0.02,6501,163,7750,188,6527,169,150,150,0,True,0,0,1,100,-26,42.0,40.0,2.0,219.080374983605,100.0,0,0,0,0,50,1.8882693750201724
single,50,local,3,breakdown (perm),50,0.02,6570,173,7884,191,6566,153,150,150,0,True,0,0,1,649,4,15.0,4.0,11.0,1754.6726249856874,649.0,5,8,1,0,0,3.2603487499873154
single,50,local,8,breakdown (perm),50,0.02,6839,256,8026,271,6707,189,150,150,0,True,0,0,1,1470,132,27.0,11.0,16.0,3000.3764168941416,1470.0,14,2,10,0,0,4.21596674999455
single,50,local,0,breakdown (perm),50,0.02,7058,249,8428,262,6932,173,150,150,0,True,0,0,1,942,126,19.0,5.0,14.0,6640.750291990116,942.0,7,9,2,0,0,8.200959375011735
single,50,solo,0,breakdown (perm),50,0.02,7099,249,8474,262,6932,173,150,150,0,True,0,0,1,137,167,14.0,0.0,14.0,596.4517500251532,137.0,13,0,0,0,0,2.1969817909994163
single,50,local,6,breakdown (perm),50,0.02,6402,197,7742,220,6394,197,150,150,0,True,0,0,1,1212,8,19.0,2.0,17.0,6220.240750000812,1212.0,14,4,0,0,0,7.562654000008479
single,50,solo,2,breakdown (perm),50,0.02,6752,215,8023,227,6605,179,150,150,0,True,0,0,1,148,147,18.0,0.0,18.0,628.9098749984987,148.0,17,0,0,0,0,1.6859922089497559
single,50,local,2,breakdown (perm),50,0.02,6644,197,7890,209,6605,179,150,150,0,True,0,0,1,1141,39,24.0,6.0,18.0,8881.374416989274,1141.0,8,8,7,0,0,9.971208709001075
single,50,local,7,breakdown (perm),50,0.02,6609,193,7818,204,6575,158,150,150,0,True,0,0,1,1788,34,22.0,1.0,21.0,7691.737415967509,1788.0,18,1,2,0,0,8.825011625012849
single,50,solo,3,breakdown (perm),50,0.02,6604,173,7935,192,6566,153,150,150,0,True,0,0,1,101,38,11.0,0.0,11.0,138.35533300880343,101.0,10,0,0,0,0,1.7111993750440888
single,50,solo,7,breakdown (perm),50,0.02,6619,185,7831,196,6575,158,150,150,0,True,0,0,1,258,44,21.0,0.0,21.0,288.42287498991936,258.0,20,0,0,0,0,1.2995681659667753
single,50,solo,6,breakdown (perm),50,0.02,6416,197,7757,220,6394,197,150,150,0,True,0,0,1,142,22,17.0,0.0,17.0,281.5050829667598,142.0,16,0,0,0,0,1.826246041979175
single,50,local,4,breakdown (perm),50,0.02,6534,181,7687,195,6489,155,150,150,0,True,0,0,1,1569,45,27.0,8.0,19.0,9374.861707969103,1569.0,10,7,9,0,0,10.790856707957573
single,50,solo,1,breakdown (perm),50,0.02,7135,203,8306,221,6687,164,150,150,0,True,0,0,1,822,448,38.0,16.0,22.0,2492.3150418908335,822.0,33,1,2,1,0,4.29253262502607
single,50,solo,4,breakdown (perm),50,0.02,6707,192,7873,203,6489,155,150,150,0,True,0,0,1,257,218,26.0,7.0,19.0,1104.0167919709347,257.0,24,1,0,0,0,2.5459112910320982
single,50,solo,8,breakdown (perm),50,0.02,6853,256,8086,271,6707,189,150,150,0,True,0,0,1,199,146,22.0,6.0,16.0,504.27758297882974,199.0,20,1,0,0,0,1.7521787920268252
single,50,solo,9,breakdown (perm),50,0.02,6580,182,7786,192,6527,169,150,150,0,True,0,0,1,204,53,20.0,0.0,20.0,339.6178749972023,204.0,19,0,0,0,0,2.0129781659925357
single,50,full,1,breakdown (perm),50,0.02,6765,176,7955,194,6687,164,150,150,0,True,0,0,1,128,78,48.0,26.0,22.0,672.0848749973811,128.0,0,0,0,0,49,2.3031452499562874
single,50,full,2,breakdown (perm),50,0.02,6720,209,7930,224,6605,179,150,150,0,True,0,0,1,137,115,50.0,32.0,18.0,1839.8027090006508,137.0,0,0,0,0,49,2.807572791003622
single,50,local,9,breakdown (perm),50,0.02,6565,182,7772,192,6527,169,150,150,0,True,0,0,1,1486,38,22.0,2.0,20.0,10143.961416964885,1486.0,17,2,2,0,0,11.827763166977093
single,50,full,3,breakdown (perm),50,0.02,6576,173,7869,198,6566,153,150,150,0,True,0,0,1,140,10,50.0,39.0,11.0,666.988292010501,140.0,0,0,0,0,49,2.276674250024371
single,50,local,1,breakdown (perm),50,0.02,7047,205,8203,223,6687,164,150,150,0,True,0,0,1,4506,360,39.0,17.0,22.0,14977.817039994989,4506.0,25,4,8,1,0,16.545999167021364
single,50,full,0,breakdown (perm),50,0.02,6932,225,8252,238,6932,173,150,150,0,True,0,0,1,143,0,50.0,36.0,14.0,3198.8269580178894,143.0,0,0,0,0,49,4.785531333996914
single,50,full,6,breakdown (perm),50,0.02,6311,197,7674,220,6394,197,150,150,0,True,0,0,1,149,-83,49.0,32.0,17.0,717.5841249991208,149.0,0,0,0,0,49,1.9399439999833703
single,50,full,5,breakdown (perm),50,0.02,6494,174,7713,203,6327,151,150,150,0,True,0,0,1,136,167,50.0,34.0,16.0,1410.3279580012895,136.0,0,0,0,0,49,2.5550417079939507
single,50,full,4,breakdown (perm),50,0.02,6462,199,7596,210,6489,155,150,150,0,True,0,0,1,161,-27,50.0,31.0,19.0,2048.163375002332,161.0,0,0,0,0,49,3.3870620829984546
single,50,full,7,breakdown (perm),50,0.02,6653,178,7943,187,6575,158,150,150,0,True,0,0,1,197,78,50.0,29.0,21.0,919.3960829870775,197.0,0,0,0,0,49,1.9815754169831052
single,50,full,8,breakdown (perm),50,0.02,6884,257,8037,272,6707,189,150,150,0,True,0,0,1,116,177,50.0,34.0,16.0,763.6453339946456,116.0,0,0,0,0,49,2.0057944579748437
single,50,local,2,emergency,50,0.02,6645,179,7981,209,6605,179,151,151,0,True,0,0,1,61,40,1.0,0.0,1.0,167.68070904072374,61.0,1,0,0,0,0,1.1439367919811048
single,50,local,0,emergency,50,0.02,7010,209,8450,247,6932,173,151,151,0,True,0,0,1,122,78,1.0,0.0,1.0,340.66475002327934,122.0,1,0,0,0,0,1.9602015840355307
single,50,local,1,emergency,50,0.02,6764,198,8008,240,6687,164,151,151,0,True,0,0,1,86,77,1.0,0.0,1.0,18.04987504146993,86.0,1,0,0,0,0,1.725841625011526
single,50,full,9,breakdown (perm),50,0.02,6491,169,7681,190,6527,169,150,150,0,True,0,0,1,161,-36,49.0,29.0,20.0,734.9162499886006,161.0,0,0,0,0,49,2.4509420830290765
single,50,local,3,emergency,50,0.02,6614,189,8031,206,6566,153,151,151,0,True,0,0,1,31,48,2.0,1.0,1.0,210.89279098669067,31.0,0,2,0,0,0,1.752722332952544
single,50,local,4,emergency,50,0.02,6556,187,7783,194,6489,155,151,151,0,True,0,0,1,61,67,2.0,1.0,1.0,20.971165969967842,61.0,0,0,2,0,0,1.5088494999799877
single,50,local,5,emergency,50,0.02,6362,151,7729,178,6327,151,151,151,0,True,0,0,1,23,35,1.0,0.0,1.0,123.93462500767782,23.0,1,0,0,0,0,1.2678630420123227
single,50,local,8,emergency,50,0.02,6770,189,8061,232,6707,189,151,151,0,True,0,0,1,47,63,3.0,2.0,1.0,52.90849995799363,47.0,0,0,3,0,0,1.2844964169780724
single,50,solo,2,emergency,50,0.02,6645,179,7981,209,6605,179,151,151,0,True,0,0,1,3,40,1.0,0.0,1.0,14.372207981068641,3.0,1,0,0,0,0,1.066907916974742
single,50,local,6,emergency,50,0.02,6428,197,7862,220,6394,197,151,151,0,True,0,0,1,120,34,1.0,0.0,1.0,497.50616698293015,120.0,1,0,0,0,0,1.870186541986186
single,50,local,7,emergency,50,0.02,6637,194,7892,211,6575,158,151,151,0,True,0,0,1,193,62,1.0,0.0,1.0,613.8326249783859,193.0,1,0,0,0,0,1.732219833007548
single,50,local,9,emergency,50,0.02,6559,169,7823,192,6527,169,151,151,0,True,0,0,1,31,32,1.0,0.0,1.0,2.1411670022644103,31.0,1,0,0,0,0,1.7110332500305958
single,50,solo,1,emergency,50,0.02,6764,198,8008,240,6687,164,151,151,0,True,0,0,1,6,77,1.0,0.0,1.0,1.3952500303275883,6.0,1,0,0,0,0,1.6444966249982826
single,50,solo,0,emergency,50,0.02,7010,209,8450,247,6932,173,151,151,0,True,0,0,1,6,78,1.0,0.0,1.0,6.655459001194686,6.0,1,0,0,0,0,1.687614125024993
single,50,solo,5,emergency,50,0.02,6362,151,7729,178,6327,151,151,151,0,True,0,0,1,1,35,1.0,0.0,1.0,58.917167014442384,1.0,1,0,0,0,0,1.1722885830095038
single,50,solo,4,emergency,50,0.02,6561,192,7788,199,6489,155,151,151,0,True,0,0,1,4,72,1.0,0.0,1.0,1.3438329915516078,4.0,1,0,0,0,0,1.3812855000142008
single,50,solo,3,emergency,50,0.02,6616,193,8035,210,6566,153,151,151,0,True,0,0,1,6,50,1.0,0.0,1.0,26.951209001708776,6.0,1,0,0,0,0,1.458850416005589
single,50,solo,7,emergency,50,0.02,6637,194,7892,211,6575,158,151,151,0,True,0,0,1,9,62,1.0,0.0,1.0,11.534166987985373,9.0,1,0,0,0,0,1.014703124994412
single,50,solo,6,emergency,50,0.02,6428,197,7862,220,6394,197,151,151,0,True,0,0,1,8,34,1.0,0.0,1.0,9.199208987411112,8.0,1,0,0,0,0,1.4353990840027109
single,50,solo,8,emergency,50,0.02,6781,195,8072,232,6707,189,151,151,0,True,0,0,1,3,74,1.0,0.0,1.0,28.451249992940575,3.0,1,0,0,0,0,1.252092625014484
single,50,solo,9,emergency,50,0.02,6559,169,7823,192,6527,169,151,151,0,True,0,0,1,3,32,1.0,0.0,1.0,1.796416996512562,3.0,1,0,0,0,0,1.6785309170372784
single,50,full,1,emergency,50,0.02,6793,191,8102,233,6687,164,151,151,0,True,0,0,1,100,106,45.0,44.0,1.0,78.36704200599343,100.0,0,0,0,0,50,1.674784125003498
single,50,full,0,emergency,50,0.02,7057,193,8453,231,6932,173,151,151,0,True,0,0,1,100,125,49.0,48.0,1.0,322.37083301879466,100.0,0,0,0,0,50,1.9733839579857886
single,50,full,4,emergency,50,0.02,6529,180,7831,187,6489,155,151,151,0,True,0,0,1,100,40,47.0,46.0,1.0,104.19208405073732,100.0,0,0,0,0,50,1.5989230839768425
single,50,full,3,emergency,50,0.02,6660,160,8060,184,6566,153,151,151,0,True,0,0,1,100,94,49.0,48.0,1.0,818.3264579856768,100.0,0,0,0,0,50,2.1992105409735814
single,50,full,2,emergency,50,0.02,6645,179,7981,209,6605,179,151,151,0,True,0,0,1,53,40,1.0,0.0,1.0,1400.0307910027914,53.0,1,0,0,0,0,2.350908749969676
single,50,full,5,emergency,50,0.02,6387,151,7761,178,6327,151,151,151,0,True,0,0,1,100,60,45.0,44.0,1.0,1069.570458959788,100.0,0,0,0,0,50,2.0839346250286326
single,40,local,0,blockage (temp),40,0.02,5301,165,6199,184,5294,165,120,120,0,True,0,0,1,38,7,1.0,0.0,1.0,14.552083041053265,38.0,1,0,0,0,0,0.7725050000008196
single,50,full,6,emergency,50,0.02,6360,218,7770,241,6394,197,151,151,0,True,0,0,1,100,-34,50.0,49.0,1.0,687.5488749938086,100.0,0,0,0,0,50,2.160966750001535
single,50,full,7,emergency,50,0.02,6679,177,7982,194,6575,158,151,151,0,True,0,0,1,100,104,45.0,44.0,1.0,339.1137080034241,100.0,0,0,0,0,50,1.4113630420179106
single,50,full,8,emergency,50,0.02,6822,189,8168,232,6707,189,151,151,0,True,0,0,1,100,115,46.0,45.0,1.0,315.09933300549164,100.0,0,0,0,0,50,1.6093293339945376
single,50,full,9,emergency,50,0.02,6588,173,7835,190,6527,169,151,151,0,True,0,0,1,100,61,45.0,44.0,1.0,125.85545901674777,100.0,0,0,0,0,50,1.773985542007722
single,40,local,2,blockage (temp),40,0.02,5148,166,6211,201,5094,159,120,120,0,True,0,0,1,144,54,2.0,0.0,2.0,460.10145801119506,144.0,2,0,0,0,0,1.165087457979098
single,40,local,5,blockage (temp),40,0.02,5105,176,6206,204,5105,176,120,120,0,True,0,0,1,66,0,1.0,0.0,1.0,120.33870804589242,66.0,1,0,0,0,0,1.016742708045058
single,40,local,3,blockage (temp),40,0.02,4948,154,6015,180,4932,154,120,120,0,True,0,0,1,87,16,2.0,0.0,2.0,663.2132499944419,87.0,2,0,0,0,0,1.2479871250106953
single,40,local,6,blockage (temp),40,0.02,5035,186,6033,208,5009,186,120,120,0,True,0,0,1,342,26,3.0,0.0,3.0,368.5865419683978,342.0,3,0,0,0,0,0.9326362080173567
single,40,local,8,blockage (temp),40,0.02,5075,175,6175,198,5062,175,120,120,0,True,0,0,1,71,13,5.0,0.0,5.0,12.734917050693184,71.0,5,0,0,0,0,0.7367950420011766
single,40,local,1,blockage (temp),40,0.02,5685,210,6888,227,5456,183,120,120,0,True,0,0,1,2102,229,34.0,31.0,3.0,1410.8305409899913,2102.0,29,2,3,0,0,2.30601562501397
single,40,local,7,blockage (temp),40,0.02,5410,199,6456,216,5378,199,120,120,0,True,0,0,1,73,32,4.0,0.0,4.0,8.264250005595386,73.0,4,0,0,0,0,1.0115019580116495
single,40,solo,0,blockage (temp),40,0.02,5301,165,6199,184,5294,165,120,120,0,True,0,0,1,4,7,1.0,0.0,1.0,3.302375029306859,4.0,1,0,0,0,0,0.7184230000129901
single,40,solo,2,blockage (temp),40,0.02,5148,166,6211,201,5094,159,120,120,0,True,0,0,1,14,54,2.0,0.0,2.0,34.055500000249594,14.0,2,0,0,0,0,0.632783166016452
single,40,local,9,blockage (temp),40,0.02,5177,192,6231,204,5156,176,120,120,0,True,0,0,1,120,21,2.0,0.0,2.0,337.957291980274,120.0,2,0,0,0,0,1.0308396670152433
single,40,solo,3,blockage (temp),40,0.02,4948,154,6015,180,4932,154,120,120,0,True,0,0,1,3,16,2.0,0.0,2.0,15.14591701561585,3.0,2,0,0,0,0,0.5293940830160864
single,40,solo,4,blockage (temp),40,0.02,5194,180,6252,215,5163,180,120,120,0,True,0,0,1,8,31,2.0,0.0,2.0,50.774000003002584,8.0,2,0,0,0,0,0.7064022079575807
single,40,solo,6,blockage (temp),40,0.02,5035,186,6033,208,5009,186,120,120,0,True,0,0,1,20,26,3.0,0.0,3.0,3.9653750136494637,20.0,3,0,0,0,0,0.5352171660051681
single,40,local,4,blockage (temp),40,0.02,5194,180,6252,215,5163,180,120,120,0,True,0,0,1,210,31,2.0,0.0,2.0,2024.739334010519,210.0,2,0,0,0,0,2.787143333989661
single,40,solo,5,blockage (temp),40,0.02,5105,176,6206,204,5105,176,120,120,0,True,0,0,1,6,0,1.0,0.0,1.0,26.49712498532608,6.0,1,0,0,0,0,0.9115515419980511
single,40,solo,8,blockage (temp),40,0.02,5075,175,6175,198,5062,175,120,120,0,True,0,0,1,17,13,5.0,0.0,5.0,6.164000020362437,17.0,5,0,0,0,0,0.7121857500169426
single,40,solo,1,blockage (temp),40,0.02,5732,201,6918,231,5456,183,120,120,0,True,0,0,1,556,276,34.0,31.0,3.0,838.5407500318252,556.0,32,1,1,0,0,1.661711958993692
single,40,solo,7,blockage (temp),40,0.02,5410,199,6456,216,5378,199,120,120,0,True,0,0,1,15,32,4.0,0.0,4.0,8.317290979903191,15.0,4,0,0,0,0,0.9515605419874191
single,40,solo,9,blockage (temp),40,0.02,5177,192,6231,204,5156,176,120,120,0,True,0,0,1,4,21,2.0,0.0,2.0,24.32362496620044,4.0,2,0,0,0,0,0.705153834016528
single,40,full,0,blockage (temp),40,0.02,5338,165,6268,184,5294,165,120,120,0,True,0,0,1,80,44,25.0,24.0,1.0,55.267624964471906,80.0,0,0,0,0,40,0.725771082972642
single,40,full,1,blockage (temp),40,0.02,5511,191,6651,208,5456,183,120,120,0,True,0,0,1,80,55,35.0,32.0,3.0,127.81916599487886,80.0,0,0,0,0,40,0.9736115409759805
single,40,full,6,blockage (temp),40,0.02,5092,186,6140,208,5009,186,120,120,0,True,0,0,1,80,83,34.0,31.0,3.0,181.83845799649134,80.0,0,0,0,0,40,0.7453864170238376
single,40,full,2,blockage (temp),40,0.02,5208,166,6262,198,5094,159,120,120,0,True,0,0,1,80,114,39.0,37.0,2.0,557.7242499566637,80.0,0,0,0,0,40,1.1982077079592273
single,40,full,3,blockage (temp),40,0.02,5027,154,6101,180,4932,154,120,120,0,True,0,0,1,80,95,33.0,31.0,2.0,693.9218749757856,80.0,0,0,0,0,40,1.262428208021447
single,40,full,5,blockage (temp),40,0.02,5167,176,6283,204,5105,176,120,120,0,True,0,0,1,80,62,31.0,30.0,1.0,358.2161249942146,80.0,0,0,0,0,40,1.2310606249957345
single,40,full,7,blockage (temp),40,0.02,5392,199,6470,216,5378,199,120,120,0,True,0,0,1,80,14,25.0,21.0,4.0,34.7474169684574,80.0,0,0,0,0,40,1.1412991659599356
single,40,full,4,blockage (temp),40,0.02,5234,201,6241,222,5163,180,120,120,0,True,0,0,1,80,71,40.0,38.0,2.0,872.519165975973,80.0,0,0,0,0,40,1.4920580830075778
single,40,full,9,blockage (temp),40,0.02,5138,181,6225,204,5156,176,120,120,0,True,0,0,1,80,-18,32.0,30.0,2.0,77.67029100796208,80.0,0,0,0,0,40,0.711602374969516
single,40,full,8,blockage (temp),40,0.02,5059,175,6186,198,5062,175,120,120,0,True,0,0,1,80,-3,34.0,29.0,5.0,42.37091698450968,80.0,0,0,0,0,40,0.8630551249952987
single,40,local,0,blockage (perm),40,0.02,5304,177,6198,184,5294,165,120,120,0,True,0,0,1,24,10,4.0,1.0,3.0,14.47487500263378,24.0,2,2,0,0,0,0.7697685409802943
single,40,local,6,blockage (perm),40,0.02,5042,186,6048,208,5009,186,120,120,0,True,0,0,1,486,33,6.0,0.0,6.0,441.0412080469541,486.0,6,0,0,0,0,1.0009415419772267
single,40,local,1,blockage (perm),40,0.02,5460,183,6599,206,5456,183,120,120,0,True,0,0,1,511,4,11.0,0.0,11.0,694.4009169819765,511.0,10,1,0,0,0,1.5719873750349507
single,40,local,7,blockage (perm),40,0.02,5389,199,6424,216,5378,199,120,120,0,True,0,0,1,194,11,5.0,0.0,5.0,46.15566699067131,194.0,5,0,0,0,0,0.9945667090360075
single,40,local,2,blockage (perm),40,0.02,5204,171,6324,201,5094,159,120,120,0,True,0,0,1,871,110,15.0,2.0,13.0,1409.4349169754423,871.0,11,0,4,0,0,2.057716665964108
single,40,local,8,blockage (perm),40,0.02,5070,175,6170,198,5062,175,120,120,0,True,0,0,1,77,8,7.0,0.0,7.0,24.3279580026865,77.0,7,0,0,0,0,0.7522517920006067
single,40,solo,0,blockage (perm),40,0.02,5308,177,6206,184,5294,165,120,120,0,True,0,0,1,12,14,3.0,0.0,3.0,6.419916986487806,12.0,3,0,0,0,0,0.582942292036023
single,40,local,5,blockage (perm),40,0.02,5170,176,6255,204,5105,176,120,120,0,True,0,0,1,722,65,15.0,3.0,12.0,1308.1444579875097,722.0,9,2,4,0,0,2.1729066660045646
single,40,solo,2,blockage (perm),40,0.02,5206,171,6349,201,5094,159,120,120,0,True,0,0,1,95,112,13.0,0.0,13.0,190.85195800289512,95.0,13,0,0,0,0,0.7892696249764413
single,40,solo,1,blockage (perm),40,0.02,5457,183,6603,206,5456,183,120,120,0,True,0,0,1,55,1,11.0,0.0,11.0,53.20983298588544,55.0,11,0,0,0,0,0.9278942910023034
single,40,solo,3,blockage (perm),40,0.02,5087,164,6175,193,4932,154,120,120,0,True,0,0,1,104,155,19.0,0.0,19.0,519.6912080282345,104.0,19,0,0,0,0,1.106955667026341
single,40,local,9,blockage (perm),40,0.02,5259,205,6344,220,5156,176,120,120,0,True,0,0,1,403,103,10.0,0.0,10.0,1224.1050000302494,403.0,9,1,0,0,0,1.900670665956568
single,40,solo,4,blockage (perm),40,0.02,5253,180,6330,212,5163,180,120,120,0,True,0,0,1,78,90,13.0,0.0,13.0,297.44133399799466,78.0,13,0,0,0,0,0.961780124984216
single,40,solo,6,blockage (perm),40,0.02,5042,186,6048,208,5009,186,120,120,0,True,0,0,1,34,33,6.0,0.0,6.0,14.11783299408853,34.0,6,0,0,0,0,0.5834489159751683
single,40,solo,8,blockage (perm),40,0.02,5070,175,6170,198,5062,175,120,120,0,True,0,0,1,23,8,7.0,0.0,7.0,16.703832952771336,23.0,7,0,0,0,0,0.7265345419873483
single,40,solo,9,blockage (perm),40,0.02,5263,203,6348,226,5156,176,120,120,0,True,0,0,1,42,107,10.0,0.0,10.0,125.42770802974701,42.0,10,0,0,0,0,0.7694990000454709
single,40,full,0,blockage (perm),40,0.02,5296,175,6190,184,5294,165,120,120,0,True,0,0,1,80,2,24.0,21.0,3.0,22.796124976594,80.0,0,0,0,0,40,0.7538836250314489
single,40,solo,7,blockage (perm),40,0.02,5389,199,6424,216,5378,199,120,120,0,True,0,0,1,28,11,5.0,0.0,5.0,15.293500036932528,28.0,5,0,0,0,0,1.1268692080047913
single,40,solo,5,blockage (perm),40,0.02,5311,191,6443,219,5105,176,120,120,0,True,0,0,1,432,206,30.0,18.0,12.0,1221.6678730328567,432.0,29,1,0,0,0,2.1542738749994896
single,40,full,1,blockage (perm),40,0.02,5511,183,6666,206,5456,183,120,120,0,True,0,0,1,80,55,37.0,26.0,11.0,348.0203329818323,80.0,0,0,0,0,40,1.21404979104409
single,40,full,2,blockage (perm),40,0.02,5257,174,6340,197,5094,159,120,120,0,True,0,0,1,80,163,40.0,27.0,13.0,729.2957499739714,80.0,0,0,0,0,40,1.352203875023406
single,40,full,3,blockage (perm),40,0.02,5111,154,6218,180,4932,154,120,120,0,True,0,0,1,80,179,36.0,17.0,19.0,927.0892500062473,80.0,0,0,0,0,40,1.4734680840047076
single,40,full,6,blockage (perm),40,0.02,5091,186,6141,208,5009,186,120,120,0,True,0,0,1,80,82,34.0,28.0,6.0,133.01066699204966,80.0,0,0,0,0,40,0.6491634999983944
single,40,full,5,blockage (perm),40,0.02,5192,176,6259,204,5105,176,120,120,0,True,0,0,1,80,87,39.0,27.0,12.0,292.13675000937656,80.0,0,0,0,0,40,1.1302725829882547
single,40,full,7,blockage (perm),40,0.02,5375,199,6448,216,5378,199,120,120,0,True,0,0,1,80,-3,25.0,20.0,5.0,53.776249988004565,80.0,0,0,0,0,40,0.9790215829852968
single,40,full,8,blockage (perm),40,0.02,5064,175,6191,198,5062,175,120,120,0,True,0,0,1,80,2,34.0,27.0,7.0,46.00441601360217,80.0,0,0,0,0,40,0.7408261660020798
single,50,local,5,breakdown (perm),50,0.02,7296,215,8606,231,6327,151,150,150,0,True,0,0,1,4216,969,50.0,34.0,16.0,33316.30637397757,4216.0,29,11,6,3,0,34.3757267909823
single,40,full,9,blockage (perm),40,0.02,5194,189,6292,204,5156,176,120,120,0,True,0,0,1,80,38,37.0,27.0,10.0,141.19062502868474,80.0,0,0,0,0,40,0.8139300830080174
single,40,local,0,breakdown (temp),40,0.02,5316,165,6225,184,5294,165,120,120,0,True,0,0,1,2,22,1.0,0.0,1.0,50.38058303762227,2.0,1,0,0,0,0,0.8197017909842543
single,40,full,4,blockage (perm),40,0.02,5188,180,6212,211,5163,180,120,120,0,True,0,0,1,80,25,39.0,26.0,13.0,1980.3875840152614,80.0,0,0,0,0,40,2.7193264579982497
single,40,local,1,breakdown (temp),40,0.02,5468,183,6601,206,5456,183,120,120,0,True,0,0,1,1,12,1.0,0.0,1.0,2.4358340306207538,1.0,1,0,0,0,0,0.7038379170116968
single,40,local,3,breakdown (temp),40,0.02,5001,159,6070,180,4932,154,120,120,0,True,0,0,1,301,69,6.0,0.0,6.0,208.44612503424287,301.0,5,1,0,0,0,0.7089906669571064
single,40,local,2,breakdown (temp),40,0.02,5122,159,6194,194,5094,159,120,120,0,True,0,0,1,211,28,2.0,0.0,2.0,275.78341600019485,211.0,2,0,0,0,0,1.0339766250108369
single,40,local,6,breakdown (temp),40,0.02,5018,186,6010,208,5009,186,120,120,0,True,0,0,1,11,9,2.0,0.0,2.0,2.394207986071706,11.0,2,0,0,0,0,0.5421917500207201
single,40,local,5,breakdown (temp),40,0.02,5123,194,6224,222,5105,176,120,120,0,True,0,0,1,7,18,1.0,0.0,1.0,2.9030829900875688,7.0,1,0,0,0,0,0.9291344999801368
single,40,local,7,breakdown (temp),40,0.02,5378,199,6404,216,5378,199,120,120,0,True,0,0,1,5,0,1.0,0.0,1.0,14.561875024810433,5.0,1,0,0,0,0,1.0465480420389213
single,40,local,8,breakdown (temp),40,0.02,5094,175,6192,198,5062,175,120,120,0,True,0,0,1,137,32,3.0,0.0,3.0,136.9534580153413,137.0,3,0,0,0,0,0.8810780830099247
single,40,solo,0,breakdown (temp),40,0.02,5316,165,6225,184,5294,165,120,120,0,True,0,0,1,2,22,1.0,0.0,1.0,53.59720898559317,2.0,1,0,0,0,0,0.7779856660054065
single,40,local,4,breakdown (temp),40,0.02,5210,207,6274,213,5163,180,120,120,0,True,0,0,1,202,47,4.0,0.0,4.0,1276.4507090323605,202.0,3,1,0,0,0,1.8799287500442006
single,40,solo,1,breakdown (temp),40,0.02,5468,183,6601,206,5456,183,120,120,0,True,0,0,1,1,12,1.0,0.0,1.0,1.5585829969495535,1.0,1,0,0,0,0,0.849316457984969
single,40,solo,2,breakdown (temp),40,0.02,5122,159,6194,194,5094,159,120,120,0,True,0,0,1,25,28,2.0,0.0,2.0,8.412292052526027,25.0,2,0,0,0,0,0.5803020420134999
single,40,local,9,breakdown (temp),40,0.02,5214,176,6267,204,5156,176,120,120,0,True,0,0,1,260,58,4.0,0.0,4.0,480.453708965797,260.0,4,0,0,0,0,1.2454458750435151
single,40,solo,3,breakdown (temp),40,0.02,5013,159,6082,180,4932,154,120,120,0,True,0,0,1,45,81,6.0,0.0,6.0,19.596625003032386,45.0,6,0,0,0,0,0.5631964579806663
single,40,solo,4,breakdown (temp),40,0.02,5229,207,6286,213,5163,180,120,120,0,True,0,0,1,24,66,4.0,0.0,4.0,58.89479198958725,24.0,4,0,0,0,0,0.8844757080078125
single,40,solo,6,breakdown (temp),40,0.02,5018,186,6010,208,5009,186,120,120,0,True,0,0,1,11,9,2.0,0.0,2.0,1.5783749986439943,11.0,2,0,0,0,0,0.5557022919529118
single,40,solo,5,breakdown (temp),40,0.02,5123,194,6224,222,5105,176,120,120,0,True,0,0,1,7,18,1.0,0.0,1.0,4.90104197524488,7.0,1,0,0,0,0,0.8518915830063634
single,40,solo,9,breakdown (temp),40,0.02,5214,176,6267,204,5156,176,120,120,0,True,0,0,1,22,58,4.0,0.0,4.0,26.53454098617658,22.0,4,0,0,0,0,0.6292377090430818
single,40,solo,8,breakdown (temp),40,0.02,5094,175,6192,198,5062,175,120,120,0,True,0,0,1,17,32,3.0,0.0,3.0,8.3710000035353,17.0,3,0,0,0,0,0.7215432499651797
single,40,solo,7,breakdown (temp),40,0.02,5378,199,6404,216,5378,199,120,120,0,True,0,0,1,5,0,1.0,0.0,1.0,10.638999985530972,5.0,1,0,0,0,0,1.0486970000201836
single,40,full,1,breakdown (temp),40,0.02,5490,183,6712,206,5456,183,120,120,0,True,0,0,1,80,34,28.0,27.0,1.0,154.54991604201496,80.0,0,0,0,0,40,1.05197904095985
single,40,full,0,breakdown (temp),40,0.02,5250,165,6136,184,5294,165,120,120,0,True,0,0,1,80,-44,39.0,38.0,1.0,312.8519579768181,80.0,0,0,0,0,40,1.0967155410326086
single,40,full,2,breakdown (temp),40,0.02,5244,176,6299,208,5094,159,120,120,0,True,0,0,1,80,150,40.0,38.0,2.0,237.71679197670892,80.0,0,0,0,0,40,0.9884534580050968
single,40,full,3,breakdown (temp),40,0.02,5013,159,6082,180,4932,154,120,120,0,True,0,0,1,85,81,6.0,0.0,6.0,475.8334580110386,85.0,6,0,0,0,0,1.0724875830346718
single,40,full,5,breakdown (temp),40,0.02,5199,186,6298,214,5105,176,120,120,0,True,0,0,1,80,94,30.0,29.0,1.0,118.00075002247468,80.0,0,0,0,0,40,1.0367368750157766
single,40,full,6,breakdown (temp),40,0.02,5101,186,6151,208,5009,186,120,120,0,True,0,0,1,80,92,37.0,35.0,2.0,105.59141600970179,80.0,0,0,0,0,40,0.663900957966689
single,40,full,4,breakdown (temp),40,0.02,5209,186,6243,204,5163,180,120,120,0,True,0,0,1,80,46,40.0,36.0,4.0,849.9618750065565,80.0,0,0,0,0,40,1.5646459590061568
single,40,full,8,breakdown (temp),40,0.02,5100,175,6238,198,5062,175,120,120,0,True,0,0,1,80,38,38.0,35.0,3.0,187.2021250310354,80.0,0,0,0,0,40,0.8947465419769287
single,40,full,9,breakdown (temp),40,0.02,5262,176,6365,204,5156,176,120,120,0,True,0,0,1,80,106,38.0,34.0,4.0,221.43287502694875,80.0,0,0,0,0,40,0.8620978749822825
single,40,local,4,blockage (perm),40,0.02,5249,180,6317,212,5163,180,120,120,0,True,0,0,1,1225,86,15.0,2.0,13.0,10700.701583002228,1225.0,11,2,2,0,0,11.347175250004511
single,40,full,7,breakdown (temp),40,0.02,5366,199,6392,216,5378,199,120,120,0,True,0,0,1,80,-12,33.0,32.0,1.0,400.27241699863225,80.0,0,0,0,0,40,1.3645126250339672
single,40,local,3,breakdown (perm),40,0.02,4976,175,5947,190,4932,154,120,120,0,True,0,0,1,884,44,12.0,1.0,11.0,1518.6842510011047,884.0,8,3,0,0,0,2.0916633749729954
single,40,local,3,blockage (perm),40,0.02,5059,164,6141,193,4932,154,120,120,0,True,0,0,1,1687,127,22.0,3.0,19.0,14007.483166991733,1687.0,15,1,6,0,0,14.595779791998211
single,40,local,2,breakdown (perm),40,0.02,5090,196,6104,216,5094,159,120,120,0,True,0,0,1,794,-4,13.0,2.0,11.0,3670.297875010874,794.0,8,2,2,0,0,4.3577320000040345
single,40,local,5,breakdown (perm),40,0.02,5178,257,6269,288,5105,176,120,120,0,True,0,0,1,873,73,23.0,4.0,19.0,3385.263375006616,873.0,13,4,5,0,0,4.1534871669719
single,40,local,8,breakdown (perm),40,0.02,5102,201,6121,224,5062,175,120,120,0,True,0,0,1,410,40,11.0,0.0,11.0,351.8245829618536,410.0,10,0,0,0,0,1.096749834017828
single,40,solo,0,breakdown (perm),40,0.02,5406,211,6278,225,5294,165,120,120,0,True,0,0,1,125,112,14.0,0.0,14.0,335.42266697622836,125.0,13,0,0,0,0,1.0271201249561273
single,40,local,7,breakdown (perm),40,0.02,5409,222,6309,237,5378,199,120,120,0,True,0,0,1,764,31,17.0,3.0,14.0,2372.313249972649,764.0,10,2,4,0,0,3.2882191659882665
single,40,local,0,breakdown (perm),40,0.02,5370,207,6238,225,5294,165,120,120,0,True,0,0,1,932,76,17.0,3.0,14.0,5054.143750050571,932.0,8,3,5,0,0,5.928421166958287
single,40,solo,2,breakdown (perm),40,0.02,5093,196,6114,216,5094,159,120,120,0,True,0,0,1,89,-1,11.0,0.0,11.0,131.98162498883903,89.0,10,0,0,0,0,0.7356472079991363
single,40,solo,3,breakdown (perm),40,0.02,4990,173,5957,188,4932,154,120,120,0,True,0,0,1,201,58,11.0,0.0,11.0,320.6577909877524,201.0,10,0,0,0,0,0.8479474170017056
single,40,solo,4,breakdown (perm),40,0.02,5197,180,6187,203,5163,180,120,120,0,True,0,0,1,138,34,14.0,0.0,14.0,161.3976249936968,138.0,13,0,0,0,0,0.8618782499688677
single,40,local,4,breakdown (perm),40,0.02,5195,180,6172,203,5163,180,120,120,0,True,0,0,1,953,32,15.0,1.0,14.0,5594.967124983668,953.0,12,0,2,0,0,6.315214500005823
single,40,solo,1,breakdown (perm),40,0.02,5812,214,6894,243,5456,183,120,120,0,True,0,0,1,349,356,35.0,20.0,15.0,1377.0897089270875,349.0,32,1,1,0,0,2.3494244160247035
single,40,solo,6,breakdown (perm),40,0.02,5136,213,6060,225,5009,186,120,120,0,True,0,0,1,133,127,15.0,0.0,15.0,297.0329169766046,133.0,14,0,0,0,0,0.9378123329952359
single,40,solo,8,breakdown (perm),40,0.02,5102,201,6121,224,5062,175,120,120,0,True,0,0,1,92,40,11.0,0.0,11.0,76.82404201477766,92.0,10,0,0,0,0,0.836870709026698
single,40,solo,5,breakdown (perm),40,0.02,5199,254,6299,285,5105,176,120,120,0,True,0,0,1,104,94,19.0,0.0,19.0,461.5095829940401,104.0,18,0,0,0,0,1.307495209039189
single,40,solo,7,breakdown (perm),40,0.02,5419,219,6324,234,5378,199,120,120,0,True,0,0,1,117,41,14.0,0.0,14.0,170.28620798373595,117.0,13,0,0,0,0,1.211212666996289
single,40,solo,9,breakdown (perm),40,0.02,5171,176,6191,204,5156,176,120,120,0,True,0,0,1,54,15,9.0,0.0,9.0,122.63237498700619,54.0,8,0,0,0,0,0.8050067079602741
single,40,local,6,breakdown (perm),40,0.02,5120,213,6046,225,5009,186,120,120,0,True,0,0,1,1383,111,16.0,1.0,15.0,7278.501915978268,1383.0,12,1,2,0,0,7.802582125004847
single,40,full,3,breakdown (perm),40,0.02,4998,176,5920,191,4932,154,120,120,0,True,0,0,1,108,66,40.0,29.0,11.0,382.43591698119417,108.0,0,0,0,0,39,0.9057988339918666
single,40,local,9,breakdown (perm),40,0.02,5167,176,6187,204,5156,176,120,120,0,True,0,0,1,843,11,10.0,1.0,9.0,3788.870041957125,843.0,7,0,2,0,0,4.463751874980517
single,40,full,1,breakdown (perm),40,0.02,5619,199,6660,228,5456,183,120,120,0,True,0,0,1,100,163,40.0,25.0,15.0,507.6569170341827,100.0,0,0,0,0,39,1.4082474579918198
single,40,full,2,breakdown (perm),40,0.02,5139,196,6152,202,5094,159,120,120,0,True,0,0,1,117,45,39.0,28.0,11.0,594.1063339705579,117.0,0,0,0,0,39,1.2221308330190368
single,40,full,4,breakdown (perm),40,0.02,5247,180,6215,203,5163,180,120,120,0,True,0,0,1,135,84,39.0,25.0,14.0,629.9887499772012,135.0,0,0,0,0,39,1.3145310410181992
single,40,full,0,breakdown (perm),40,0.02,5353,208,6204,230,5294,165,120,120,0,True,0,0,1,129,59,40.0,26.0,14.0,1350.6652500363998,129.0,0,0,0,0,39,2.0827463339664973
single,40,full,5,breakdown (perm),40,0.02,5011,233,6070,264,5105,176,120,120,0,True,0,0,1,88,-94,39.0,20.0,19.0,242.46795801445842,88.0,0,0,0,0,39,1.2187222499633208
single,40,full,8,breakdown (perm),40,0.02,5103,175,6123,198,5062,175,120,120,0,True,0,0,1,108,41,39.0,28.0,11.0,196.49650005158037,108.0,0,0,0,0,39,0.8641402090433985
single,40,full,9,breakdown (perm),40,0.02,5142,176,6172,204,5156,176,120,120,0,True,0,0,1,99,-14,36.0,27.0,9.0,348.71491603553295,99.0,0,0,0,0,39,1.0569497079704888
single,40,local,0,emergency,40,0.02,5365,200,6265,230,5294,165,121,121,0,True,0,0,1,50,71,1.0,0.0,1.0,23.267208016477525,50.0,1,0,0,0,0,0.727466500014998
single,40,local,1,breakdown (perm),40,0.02,5711,213,6751,239,5456,183,120,120,0,True,0,0,1,2133,255,32.0,17.0,15.0,9326.979042030871,2133.0,21,3,6,1,0,10.17285804101266
single,40,full,7,breakdown (perm),40,0.02,5381,213,6285,228,5378,199,120,120,0,True,0,0,1,108,3,40.0,26.0,14.0,365.56725000264123,108.0,0,0,0,0,39,1.3718475420027971
single,40,local,2,emergency,40,0.02,5157,198,6224,219,5094,159,121,121,0,True,0,0,1,56,63,1.0,0.0,1.0,1.9562920206226408,56.0,1,0,0,0,0,0.633903875015676
single,40,local,1,emergency,40,0.02,5514,183,6646,212,5456,183,121,121,0,True,0,0,1,54,58,1.0,0.0,1.0,1.0304590105079114,54.0,1,0,0,0,0,0.8622687089955434
single,40,local,3,emergency,40,0.02,4999,189,6064,218,4932,154,121,121,0,True,0,0,1,61,67,2.0,1.0,1.0,91.22574998764321,61.0,0,0,2,0,0,0.6511423329939134
single,40,full,6,breakdown (perm),40,0.02,5121,218,6034,230,5009,186,120,120,0,True,0,0,1,123,112,40.0,25.0,15.0,1194.754708034452,123.0,0,0,0,0,39,1.7377828329917975
single,40,local,4,emergency,40,0.02,5243,260,6301,266,5163,180,121,121,0,True,0,0,1,4,80,1.0,0.0,1.0,1.229999994393438,4.0,1,0,0,0,0,0.6565761250094511
single,40,local,8,emergency,40,0.02,5118,186,6214,226,5062,175,121,121,0,True,0,0,1,44,56,1.0,0.0,1.0,2.6796250022016466,44.0,1,0,0,0,0,0.6817401250009425
single,40,local,9,emergency,40,0.02,5237,176,6293,212,5156,176,121,121,0,True,0,0,1,75,81,1.0,0.0,1.0,67.16954195871949,75.0,1,0,0,0,0,0.7047862919862382
single,40,solo,0,emergency,40,0.02,5365,200,6265,230,5294,165,121,121,0,True,0,0,1,6,71,1.0,0.0,1.0,2.8039589524269104,6.0,1,0,0,0,0,0.7423802499542944
single,40,local,6,emergency,40,0.02,5094,211,6086,231,5009,186,121,121,0,True,0,0,1,91,85,1.0,0.0,1.0,498.48737497814,91.0,1,0,0,0,0,1.0237525419797748
single,40,solo,2,emergency,40,0.02,5157,198,6224,219,5094,159,121,121,0,True,0,0,1,6,63,1.0,0.0,1.0,1.7724159988574684,6.0,1,0,0,0,0,0.5852088750107214
single,40,local,7,emergency,40,0.02,5439,199,6461,231,5378,199,121,121,0,True,0,0,1,25,61,1.0,0.0,1.0,22.018667019438,25.0,1,0,0,0,0,1.0049903329927474
single,40,solo,1,emergency,40,0.02,5514,183,6646,212,5456,183,121,121,0,True,0,0,1,6,58,1.0,0.0,1.0,2.60974996490404,6.0,1,0,0,0,0,0.8398012079996988
single,40,solo,3,emergency,40,0.02,5008,198,6073,227,4932,154,121,121,0,True,0,0,1,6,76,1.0,0.0,1.0,10.678499995265156,6.0,1,0,0,0,0,0.5901555410237052
single,40,solo,6,emergency,40,0.02,5094,211,6086,231,5009,186,121,121,0,True,0,0,1,7,85,1.0,0.0,1.0,17.755749984644353,7.0,1,0,0,0,0,0.5418834169977345
single,40,solo,4,emergency,40,0.02,5243,260,6301,266,5163,180,121,121,0,True,0,0,1,4,80,1.0,0.0,1.0,5.540332989767194,4.0,1,0,0,0,0,0.697229333978612
single,40,solo,8,emergency,40,0.02,5118,186,6214,226,5062,175,121,121,0,True,0,0,1,4,56,1.0,0.0,1.0,3.9156670100055635,4.0,1,0,0,0,0,0.6865257500321604
single,40,solo,5,emergency,40,0.02,5152,176,6253,205,5105,176,121,121,0,True,0,0,1,8,47,1.0,0.0,1.0,27.327207964845,8.0,1,0,0,0,0,0.8337110840366222
single,40,local,5,emergency,40,0.02,5152,176,6253,205,5105,176,121,121,0,True,0,0,1,158,47,1.0,0.0,1.0,1215.69083299255,158.0,1,0,0,0,0,2.0777350420248695
single,40,solo,9,emergency,40,0.02,5237,176,6293,212,5156,176,121,121,0,True,0,0,1,7,81,1.0,0.0,1.0,3.250667010433972,7.0,1,0,0,0,0,0.7774431670550257
single,40,solo,7,emergency,40,0.02,5439,199,6461,231,5378,199,121,121,0,True,0,0,1,1,61,1.0,0.0,1.0,10.660167026799172,1.0,1,0,0,0,0,0.9715476660057902
single,40,full,0,emergency,40,0.02,5347,191,6228,221,5294,165,121,121,0,True,0,0,1,80,53,35.0,34.0,1.0,59.96645800769329,80.0,0,0,0,0,40,0.8102995420340449
single,40,full,1,emergency,40,0.02,5532,183,6697,211,5456,183,121,121,0,True,0,0,1,80,76,20.0,19.0,1.0,53.19770803907886,80.0,0,0,0,0,40,0.8481490000267513
single,40,full,2,emergency,40,0.02,5203,195,6269,216,5094,159,121,121,0,True,0,0,1,80,109,39.0,38.0,1.0,201.29241701215506,80.0,0,0,0,0,40,0.7807942089857534
single,40,full,4,emergency,40,0.02,5382,260,6499,266,5163,180,121,121,0,True,0,0,1,80,219,36.0,35.0,1.0,129.98658401193097,80.0,0,0,0,0,40,0.8062462920206599
single,40,full,3,emergency,40,0.02,5054,175,6136,204,4932,154,121,121,0,True,0,0,1,80,122,38.0,37.0,1.0,340.3366249985993,80.0,0,0,0,0,40,0.893583791970741
single,30,local,0,blockage (temp),30,0.02,3752,158,4538,198,3752,158,90,90,0,True,0,0,1,7,0,1.0,0.0,1.0,1.51012500282377,7.0,1,0,0,0,0,0.4591336669982411
single,30,local,1,blockage (temp),30,0.02,3937,196,4718,210,3928,196,90,90,0,True,0,0,1,39,9,2.0,0.0,2.0,19.157207978423685,39.0,2,0,0,0,0,0.33873654203489423
single,40,full,6,emergency,40,0.02,5178,186,6218,208,5009,186,121,121,0,True,0,0,1,80,169,37.0,36.0,1.0,485.52016698522493,80.0,0,0,0,0,40,1.0463671250035986
single,30,local,2,blockage (temp),30,0.02,4068,194,4743,212,4058,194,90,90,0,True,0,0,1,42,10,1.0,0.0,1.0,32.79787499923259,42.0,1,0,0,0,0,0.39114420796977356
single,40,full,9,emergency,40,0.02,5238,179,6339,207,5156,176,121,121,0,True,0,0,1,80,82,24.0,23.0,1.0,17.494625004474074,80.0,0,0,0,0,40,0.6500701250042766
single,40,full,8,emergency,40,0.02,5124,178,6265,218,5062,175,121,121,0,True,0,0,1,80,62,36.0,35.0,1.0,147.49004202894866,80.0,0,0,0,0,40,0.8055626670247875
single,40,full,7,emergency,40,0.02,5437,199,6490,216,5378,199,121,121,0,True,0,0,1,80,59,32.0,31.0,1.0,239.13266602903605,80.0,0,0,0,0,40,1.1964383749873377
single,30,local,4,blockage (temp),30,0.02,3811,191,4573,208,3809,191,90,90,0,True,0,0,1,4,2,1.0,0.0,1.0,8.02016700617969,4.0,1,0,0,0,0,0.3017364999977872
single,30,local,5,blockage (temp),30,0.02,3914,177,4657,211,3869,176,90,90,0,True,0,0,1,277,45,7.0,0.0,7.0,140.84929204545915,277.0,7,0,0,0,0,0.4397102919756435
single,30,local,7,blockage (temp),30,0.02,3911,192,4684,200,3911,192,90,90,0,True,0,0,1,5,0,2.0,0.0,2.0,1.0567919816821814,5.0,2,0,0,0,0,0.3935120420064777
single,30,local,9,blockage (temp),30,0.02,3658,163,4531,202,3640,163,90,90,0,True,0,0,1,34,18,2.0,0.0,2.0,10.029583994764835,34.0,2,0,0,0,0,0.37861712503945455
single,30,local,6,blockage (temp),30,0.02,3698,160,4518,178,3652,148,90,90,0,True,0,0,1,391,46,6.0,3.0,3.0,294.02937402483076,391.0,6,0,0,0,0,0.5596592919901013
single,30,local,8,blockage (temp),30,0.02,3957,168,4791,198,3938,168,90,90,0,True,0,0,1,96,19,5.0,1.0,4.0,56.546958978287876,96.0,3,0,2,0,0,0.5801840000203811
single,30,solo,1,blockage (temp),30,0.02,3937,196,4718,210,3928,196,90,90,0,True,0,0,1,7,9,2.0,0.0,2.0,1.8224589875899255,7.0,2,0,0,0,0,0.33069133397657424
single,30,solo,0,blockage (temp),30,0.02,3752,158,4538,198,3752,158,90,90,0,True,0,0,1,7,0,1.0,0.0,1.0,1.4666669885627925,7.0,1,0,0,0,0,0.4747603329597041
single,30,solo,2,blockage (temp),30,0.02,4068,194,4743,212,4058,194,90,90,0,True,0,0,1,4,10,1.0,0.0,1.0,6.018625048454851,4.0,1,0,0,0,0,0.33712987502804026
single,30,solo,4,blockage (temp),30,0.02,3811,191,4573,208,3809,191,90,90,0,True,0,0,1,4,2,1.0,0.0,1.0,2.394542039837688,4.0,1,0,0,0,0,0.3267760829767212
single,30,solo,5,blockage (temp),30,0.02,3914,177,4657,211,3869,176,90,90,0,True,0,0,1,31,45,7.0,0.0,7.0,18.087790987920016,31.0,7,0,0,0,0,0.35329599998658523
single,30,solo,6,blockage (temp),30,0.02,3698,160,4518,178,3652,148,90,90,0,True,0,0,1,97,46,6.0,3.0,3.0,49.50166598428041,97.0,6,0,0,0,0,0.2995250420062803
single,30,solo,7,blockage (temp),30,0.02,3911,192,4684,200,3911,192,90,90,0,True,0,0,1,5,0,2.0,0.0,2.0,1.0959579958580434,5.0,2,0,0,0,0,0.3513695420115255
single,30,solo,3,blockage (temp),30,0.02,3915,181,4729,210,3852,170,90,90,0,True,0,0,1,5,63,3.0,0.0,3.0,143.95241701276973,5.0,3,0,0,0,0,0.6523155419854447
single,30,solo,9,blockage (temp),30,0.02,3658,163,4531,202,3640,163,90,90,0,True,0,0,1,4,18,2.0,0.0,2.0,3.8530000019818544,4.0,2,0,0,0,0,0.36802533303853124
single,30,solo,8,blockage (temp),30,0.02,3964,172,4795,198,3938,168,90,90,0,True,0,0,1,10,26,4.0,0.0,4.0,7.047667051665485,10.0,4,0,0,0,0,0.5795302919577807
single,30,full,0,blockage (temp),30,0.02,3757,158,4556,198,3752,158,90,90,0,True,0,0,1,60,5,17.0,16.0,1.0,19.48675001040101,60.0,0,0,0,0,30,0.45572037500096485
single,30,full,2,blockage (temp),30,0.02,4075,194,4747,212,4058,194,90,90,0,True,0,0,1,60,17,19.0,18.0,1.0,40.28300003847107,60.0,0,0,0,0,30,0.34948716702638194
single,30,full,1,blockage (temp),30,0.02,3937,196,4712,210,3928,196,90,90,0,True,0,0,1,60,9,22.0,20.0,2.0,10.145083942916244,60.0,0,0,0,0,30,0.41054354200605303
single,30,local,3,blockage (temp),30,0.02,3909,181,4721,210,3852,170,90,90,0,True,0,0,1,177,57,3.0,0.0,3.0,1214.8932080017403,177.0,2,0,1,0,0,1.7366907079704106
single,30,full,5,blockage (temp),30,0.02,3926,182,4676,202,3869,176,90,90,0,True,0,0,1,60,57,28.0,21.0,7.0,107.55641700234264,60.0,0,0,0,0,30,0.43016354099381715
single,30,full,7,blockage (temp),30,0.02,3913,192,4693,200,3911,192,90,90,0,True,0,0,1,60,2,9.0,7.0,2.0,17.31708401348442,60.0,0,0,0,0,30,0.3633328750147484
single,30,full,4,blockage (temp),30,0.02,3811,191,4588,208,3809,191,90,90,0,True,0,0,1,60,2,19.0,18.0,1.0,273.9198339986615,60.0,0,0,0,0,30,0.5573039159644395
single,30,full,6,blockage (temp),30,0.02,3709,148,4537,178,3652,148,90,90,0,True,0,0,1,60,57,27.0,24.0,3.0,105.07779201725498,60.0,0,0,0,0,30,0.42238879203796387
single,30,full,8,blockage (temp),30,0.02,3955,168,4793,198,3938,168,90,90,0,True,0,0,1,60,17,20.0,16.0,4.0,29.90454202517867,60.0,0,0,0,0,30,0.5503572499728762
single,30,full,3,blockage (temp),30,0.02,3886,170,4676,184,3852,170,90,90,0,True,0,0,1,60,34,25.0,22.0,3.0,308.7933749775402,60.0,0,0,0,0,30,0.7931099169654772
single,30,full,9,blockage (temp),30,0.02,3634,163,4507,202,3640,163,90,90,0,True,0,0,1,60,-6,17.0,15.0,2.0,52.81570798251778,60.0,0,0,0,0,30,0.43894195900065824
single,40,full,5,emergency,40,0.02,5209,199,6274,227,5105,176,121,121,0,True,0,0,1,80,104,40.0,39.0,1.0,2365.2688749716617,80.0,0,0,0,0,40,3.275528707948979
single,30,local,1,blockage (perm),30,0.02,3974,197,4755,211,3928,196,90,90,0,True,0,0,1,204,46,9.0,0.0,9.0,224.04333297163248,204.0,8,1,0,0,0,0.558566958992742
single,30,local,0,blockage (perm),30,0.02,3761,158,4566,198,3752,158,90,90,0,True,0,0,1,172,9,5.0,0.0,5.0,99.52454100130126,172.0,4,1,0,0,0,0.6822350000147708
single,30,local,7,blockage (perm),30,0.02,3911,192,4684,200,3911,192,90,90,0,True,0,0,1,50,0,6.0,0.0,6.0,24.639124982059002,50.0,6,0,0,0,0,0.40772554196882993
single,30,local,6,blockage (perm),30,0.02,3701,160,4521,178,3652,148,90,90,0,True,0,0,1,355,49,6.0,0.0,6.0,248.80695901811123,355.0,6,0,0,0,0,0.5129731249762699
single,30,local,5,blockage (perm),30,0.02,3927,177,4670,211,3869,176,90,90,0,True,0,0,1,398,58,9.0,0.0,9.0,466.8446669820696,398.0,8,0,1,0,0,0.8230488330009393
single,30,solo,1,blockage (perm),30,0.02,3979,197,4772,211,3928,196,90,90,0,True,0,0,1,36,51,9.0,0.0,9.0,35.57208395795897,36.0,9,0,0,0,0,0.38400162500329316
single,30,local,8,blockage (perm),30,0.02,3957,168,4791,198,3938,168,90,90,0,True,0,0,1,96,19,5.0,1.0,4.0,58.309833984822035,96.0,3,0,2,0,0,0.600605416984763
single,30,solo,0,blockage (perm),30,0.02,3766,158,4573,198,3752,158,90,90,0,True,0,0,1,17,14,5.0,0.0,5.0,33.29649998340756,17.0,5,0,0,0,0,0.47111745801521465
single,30,local,9,blockage (perm),30,0.02,3696,163,4597,202,3640,163,90,90,0,True,0,0,1,377,56,11.0,1.0,10.0,231.3275839551352,377.0,8,0,3,0,0,0.5965020830044523
single,30,local,2,blockage (perm),30,0.02,4103,194,4795,212,4058,194,90,90,0,True,0,0,1,269,45,9.0,1.0,8.0,952.5826249737293,269.0,6,2,1,0,0,1.3033212089794688
single,30,solo,2,blockage (perm),30,0.02,4104,201,4806,214,4058,194,90,90,0,True,0,0,1,36,46,8.0,0.0,8.0,79.0310840238817,36.0,8,0,0,0,0,0.387311749975197
single,30,local,4,blockage (perm),30,0.02,3865,191,4634,208,3809,191,90,90,0,True,0,0,1,345,56,14.0,2.0,12.0,953.294790990185,345.0,10,4,0,0,0,1.2726002089912072
single,30,solo,4,blockage (perm),30,0.02,3879,191,4646,208,3809,191,90,90,0,True,0,0,1,50,70,12.0,0.0,12.0,161.8884580093436,50.0,12,0,0,0,0,0.4593805830227211
single,30,solo,5,blockage (perm),30,0.02,3933,177,4676,211,3869,176,90,90,0,True,0,0,1,37,64,9.0,0.0,9.0,33.6001249961555,37.0,9,0,0,0,0,0.40958570898510516
single,30,solo,6,blockage (perm),30,0.02,3701,160,4521,178,3652,148,90,90,0,True,0,0,1,97,49,6.0,0.0,6.0,74.39054199494421,97.0,6,0,0,0,0,0.39187716698506847
single,30,solo,7,blockage (perm),30,0.02,3911,192,4684,200,3911,192,90,90,0,True,0,0,1,14,0,6.0,0.0,6.0,5.0221249694004655,14.0,6,0,0,0,0,0.3613716249819845
single,30,solo,3,blockage (perm),30,0.02,3939,170,4753,189,3852,170,90,90,0,True,0,0,1,44,87,11.0,0.0,11.0,261.0899159917608,44.0,11,0,0,0,0,0.7575409170240164
single,30,solo,8,blockage (perm),30,0.02,3964,172,4795,198,3938,168,90,90,0,True,0,0,1,10,26,4.0,0.0,4.0,17.665666004177183,10.0,4,0,0,0,0,0.4710149170132354
single,30,solo,9,blockage (perm),30,0.02,3707,163,4621,202,3640,163,90,90,0,True,0,0,1,45,67,10.0,0.0,10.0,85.1255000452511,45.0,10,0,0,0,0,0.4579244159976952
single,30,full,1,blockage (perm),30,0.02,3960,196,4746,210,3928,196,90,90,0,True,0,0,1,60,32,29.0,20.0,9.0,74.8104170197621,60.0,0,0,0,0,30,0.43716083298204467
single,30,full,2,blockage (perm),30,0.02,4096,194,4791,212,4058,194,90,90,0,True,0,0,1,60,38,25.0,17.0,8.0,132.32974999118596,60.0,0,0,0,0,30,0.45879541704198346
single,30,full,0,blockage (perm),30,0.02,3763,158,4566,198,3752,158,90,90,0,True,0,0,1,60,11,19.0,14.0,5.0,43.621250020805746,60.0,0,0,0,0,30,0.5591858749976382
single,30,full,6,blockage (perm),30,0.02,3718,148,4546,178,3652,148,90,90,0,True,0,0,1,60,66,27.0,21.0,6.0,103.4190829959698,60.0,0,0,0,0,30,0.3856431249878369
single,30,full,5,blockage (perm),30,0.02,3947,182,4688,202,3869,176,90,90,0,True,0,0,1,60,78,27.0,18.0,9.0,127.05962499603629,60.0,0,0,0,0,30,0.4911641249782406
single,30,full,7,blockage (perm),30,0.02,3913,192,4692,200,3911,192,90,90,0,True,0,0,1,60,2,13.0,7.0,6.0,18.56504095485434,60.0,0,0,0,0,30,0.37794029200449586
single,30,full,4,blockage (perm),30,0.02,3857,191,4627,208,3809,191,90,90,0,True,0,0,1,60,48,29.0,17.0,12.0,313.4101670002565,60.0,0,0,0,0,30,0.6119915419840254
single,30,full,9,blockage (perm),30,0.02,3668,163,4568,202,3640,163,90,90,0,True,0,0,1,60,28,22.0,12.0,10.0,100.5466670030728,60.0,0,0,0,0,30,0.498658082971815
single,30,full,8,blockage (perm),30,0.02,3955,168,4793,198,3938,168,90,90,0,True,0,0,1,60,17,20.0,16.0,4.0,20.786000008229166,60.0,0,0,0,0,30,0.5963078329805285
single,30,local,0,breakdown (temp),30,0.02,3773,160,4559,198,3752,158,90,90,0,True,0,0,1,55,21,2.0,0.0,2.0,16.232167021371424,55.0,2,0,0,0,0,0.43313858401961625
single,30,local,1,breakdown (temp),30,0.02,3952,196,4732,210,3928,196,90,90,0,True,0,0,1,78,24,4.0,0.0,4.0,7.269292022101581,78.0,4,0,0,0,0,0.36390283302171156
single,30,local,2,breakdown (temp),30,0.02,4065,201,4740,214,4058,194,90,90,0,True,0,0,1,8,7,1.0,0.0,1.0,2.032749995123595,8.0,1,0,0,0,0,0.3229382080025971
single,30,full,3,blockage (perm),30,0.02,3957,170,4773,184,3852,170,90,90,0,True,0,0,1,60,105,26.0,15.0,11.0,638.7846249854192,60.0,0,0,0,0,30,1.117649457999505
single,30,local,3,breakdown (temp),30,0.02,3852,170,4664,184,3852,170,90,90,0,True,0,0,1,1,0,1.0,0.0,1.0,0.17033301992341876,1.0,1,0,0,0,0,0.47058391699101776
single,30,local,4,breakdown (temp),30,0.02,3823,191,4586,208,3809,191,90,90,0,True,0,0,1,8,14,2.0,0.0,2.0,4.5251669944263995,8.0,2,0,0,0,0,0.35806591698201373
single,30,local,6,breakdown (temp),30,0.02,3672,148,4491,178,3652,148,90,90,0,True,0,0,1,85,20,2.0,0.0,2.0,41.883833007887006,85.0,2,0,0,0,0,0.3308247499517165
single,30,local,5,breakdown (temp),30,0.02,3894,176,4637,198,3869,176,90,90,0,True,0,0,1,35,25,2.0,0.0,2.0,7.5566250015981495,35.0,2,0,0,0,0,0.3836000830051489
single,30,local,9,breakdown (temp),30,0.02,3682,166,4556,202,3640,163,90,90,0,True,0,0,1,48,42,3.0,0.0,3.0,28.860291989985853,48.0,3,0,0,0,0,0.47758600005181506
single,30,solo,2,breakdown (temp),30,0.02,4065,201,4740,214,4058,194,90,90,0,True,0,0,1,8,7,1.0,0.0,1.0,8.885874995030463,8.0,1,0,0,0,0,0.3149765419657342
single,30,solo,1,breakdown (temp),30,0.02,3952,196,4732,210,3928,196,90,90,0,True,0,0,1,28,24,4.0,0.0,4.0,3.628042002674192,28.0,4,0,0,0,0,0.3719979589805007
single,30,solo,0,breakdown (temp),30,0.02,3773,160,4559,198,3752,158,90,90,0,True,0,0,1,11,21,2.0,0.0,2.0,20.16695903148502,11.0,2,0,0,0,0,0.471672874991782
single,30,local,7,breakdown (temp),30,0.02,3943,192,4710,200,3911,192,90,90,0,True,0,0,1,99,32,2.0,0.0,2.0,398.4615830122493,99.0,2,0,0,0,0,0.709190875000786
single,30,local,8,breakdown (temp),30,0.02,3990,178,4818,208,3938,168,90,90,0,True,0,0,1,216,52,5.0,0.0,5.0,220.9847079939209,216.0,4,1,0,0,0,0.7022134590079077
single,30,solo,3,breakdown (temp),30,0.02,3852,170,4664,184,3852,170,90,90,0,True,0,0,1,1,0,1.0,0.0,1.0,0.17925002612173557,1.0,1,0,0,0,0,0.6079217919614166
single,30,solo,4,breakdown (temp),30,0.02,3823,191,4586,208,3809,191,90,90,0,True,0,0,1,8,14,2.0,0.0,2.0,9.315458999481052,8.0,2,0,0,0,0,0.45799058297416195
single,30,solo,6,breakdown (temp),30,0.02,3672,148,4491,178,3652,148,90,90,0,True,0,0,1,11,20,2.0,0.0,2.0,9.690041013527662,11.0,2,0,0,0,0,0.3806995000340976
single,30,solo,5,breakdown (temp),30,0.02,3894,176,4637,198,3869,176,90,90,0,True,0,0,1,5,25,2.0,0.0,2.0,2.651083981618285,5.0,2,0,0,0,0,0.5011663329787552
single,30,solo,7,breakdown (temp),30,0.02,3943,192,4710,200,3911,192,90,90,0,True,0,0,1,11,32,2.0,0.0,2.0,21.84374997159466,11.0,2,0,0,0,0,0.4600308329681866
single,30,solo,9,breakdown (temp),30,0.02,3682,166,4556,202,3640,163,90,90,0,True,0,0,1,8,42,3.0,0.0,3.0,48.10124996583909,8.0,3,0,0,0,0,0.5355431669740938
single,30,solo,8,breakdown (temp),30,0.02,3997,178,4825,208,3938,168,90,90,0,True,0,0,1,28,59,5.0,0.0,5.0,18.007832986768335,28.0,5,0,0,0,0,0.6343640830018558
single,30,full,2,breakdown (temp),30,0.02,4066,197,4749,212,4058,194,90,90,0,True,0,0,1,60,8,17.0,16.0,1.0,47.53341601463035,60.0,0,0,0,0,30,0.38374533399473876
single,30,full,1,breakdown (temp),30,0.02,3960,196,4733,210,3928,196,90,90,0,True,0,0,1,60,32,23.0,19.0,4.0,21.574500016868114,60.0,0,0,0,0,30,0.4277963750064373
single,30,full,4,breakdown (temp),30,0.02,3788,191,4548,208,3809,191,90,90,0,True,0,0,1,60,-21,24.0,22.0,2.0,61.24712503515184,60.0,0,0,0,0,30,0.4371099999989383
single,30,full,5,breakdown (temp),30,0.02,3887,176,4630,198,3869,176,90,90,0,True,0,0,1,60,18,19.0,17.0,2.0,19.40733299124986,60.0,0,0,0,0,30,0.4024946669815108
single,30,full,0,breakdown (temp),30,0.02,3784,161,4571,199,3752,158,90,90,0,True,0,0,1,60,32,29.0,27.0,2.0,322.3477909923531,60.0,0,0,0,0,30,0.7941480420413427
single,30,full,3,breakdown (temp),30,0.02,3902,170,4740,184,3852,170,90,90,0,True,0,0,1,60,50,24.0,23.0,1.0,84.09420901443809,60.0,0,0,0,0,30,0.6123374999733642
single,30,full,6,breakdown (temp),30,0.02,3710,148,4527,178,3652,148,90,90,0,True,0,0,1,60,58,28.0,26.0,2.0,97.35762496711686,60.0,0,0,0,0,30,0.40734195802360773
single,30,local,3,blockage (perm),30,0.02,3901,170,4717,189,3852,170,90,90,0,True,0,0,1,670,49,14.0,3.0,11.0,4127.225500007626,670.0,7,5,2,0,0,4.60174333298346
single,30,full,9,breakdown (temp),30,0.02,3656,163,4534,202,3640,163,90,90,0,True,0,0,1,60,16,25.0,22.0,3.0,64.62045799707994,60.0,0,0,0,0,30,0.39481199998408556
single,30,full,8,breakdown (temp),30,0.02,3993,175,4836,205,3938,168,90,90,0,True,0,0,1,60,55,30.0,25.0,5.0,142.1377919614315,60.0,0,0,0,0,30,0.6684421669924632
single,30,full,7,breakdown (temp),30,0.02,4000,192,4784,200,3911,192,90,90,0,True,0,0,1,60,89,24.0,22.0,2.0,418.91020903130993,60.0,0,0,0,0,30,0.7728586249868385
single,30,local,3,breakdown (perm),30,0.02,3879,180,4574,192,3852,170,90,90,0,True,0,0,1,56,27,6.0,0.0,6.0,73.56095797149464,56.0,5,0,0,0,0,0.554017374990508
single,30,local,2,breakdown (perm),30,0.02,4081,218,4667,236,4058,194,90,90,0,True,0,0,1,227,23,6.0,0.0,6.0,445.5049589741975,227.0,5,0,0,0,0,0.754017416969873
single,30,local,1,breakdown (perm),30,0.02,3939,210,4690,239,3928,196,90,90,0,True,0,0,1,368,11,12.0,0.0,12.0,648.3279169769958,368.0,11,0,0,0,0,1.0294662499800324
single,30,local,5,breakdown (perm),30,0.02,3940,221,4601,238,3869,176,90,90,0,True,0,0,1,383,71,15.0,2.0,13.0,975.2895830315538,383.0,10,2,2,0,0,1.3507997500128113
single,30,solo,0,breakdown (perm),30,0.02,3735,186,4473,208,3752,158,90,90,0,True,0,0,1,107,-17,12.0,0.0,12.0,132.75533396517858,107.0,11,0,0,0,0,0.6184545419528149
single,30,local,7,breakdown (perm),30,0.02,3914,210,4593,218,3911,192,90,90,0,True,0,0,1,513,3,16.0,0.0,16.0,892.4107499769889,513.0,15,0,0,0,0,1.277652041055262
single,30,local,8,breakdown (perm),30,0.02,4008,195,4713,209,3938,168,90,90,0,True,0,0,1,635,70,12.0,1.0,11.0,660.0351250381209,635.0,8,1,0,2,0,1.2008430000278167
single,30,solo,2,breakdown (perm),30,0.02,4081,218,4667,236,4058,194,90,90,0,True,0,0,1,55,23,6.0,0.0,6.0,21.774624998215586,55.0,5,0,0,0,0,0.34380495897494256
single,30,solo,1,breakdown (perm),30,0.02,3939,210,4690,239,3928,196,90,90,0,True,0,0,1,46,11,12.0,0.0,12.0,79.18724999763072,46.0,11,0,0,0,0,0.44542737503070384
single,30,solo,3,breakdown (perm),30,0.02,3879,180,4574,192,3852,170,90,90,0,True,0,0,1,18,27,6.0,0.0,6.0,11.236374964937568,18.0,5,0,0,0,0,0.5134966660407372
single,30,local,4,breakdown (perm),30,0.02,3859,202,4586,221,3809,191,90,90,0,True,0,0,1,524,50,11.0,0.0,11.0,1781.706249981653,524.0,8,0,2,0,0,2.1242277499986812
single,30,solo,4,breakdown (perm),30,0.02,3887,202,4616,221,3809,191,90,90,0,True,0,0,1,60,78,11.0,0.0,11.0,218.00091699697077,60.0,10,0,0,0,0,0.5487955000135116
single,30,solo,5,breakdown (perm),30,0.02,3944,221,4622,238,3869,176,90,90,0,True,0,0,1,47,75,13.0,0.0,13.0,150.70912503870204,47.0,12,0,0,0,0,0.581435291969683
single,30,solo,7,breakdown (perm),30,0.02,3914,210,4593,218,3911,192,90,90,0,True,0,0,1,77,3,16.0,0.0,16.0,88.05979101452976,77.0,15,0,0,0,0,0.46123558399267495
single,30,solo,6,breakdown (perm),30,0.02,3854,180,4592,201,3652,148,90,90,0,True,0,0,1,95,202,16.0,0.0,16.0,420.87291699135676,95.0,15,0,0,0,0,0.7455461659701541
single,30,local,9,breakdown (perm),30,0.02,3705,193,4468,232,3640,163,90,90,0,True,0,0,1,600,65,12.0,1.0,11.0,1661.69625002658,600.0,9,2,0,0,0,2.0448167080176063
single,30,solo,9,breakdown (perm),30,0.02,3710,193,4473,232,3640,163,90,90,0,True,0,0,1,96,70,11.0,0.0,11.0,100.75224994216114,96.0,10,0,0,0,0,0.496233832964208
single,30,local,6,breakdown (perm),30,0.02,3831,180,4562,201,3652,148,90,90,0,True,0,0,1,503,179,19.0,3.0,16.0,2314.9423750001006,503.0,10,6,2,0,0,2.6446568749961443
single,30,solo,8,breakdown (perm),30,0.02,4032,201,4745,210,3938,168,90,90,0,True,0,0,1,270,94,16.0,5.0,11.0,332.4333749478683,270.0,12,0,2,1,0,0.8045791250187904
single,30,full,1,breakdown (perm),30,0.02,3927,201,4689,230,3928,196,90,90,0,True,0,0,1,72,-1,29.0,17.0,12.0,119.58654102636501,72.0,0,0,0,0,29,0.4472029159660451
single,30,full,0,breakdown (perm),30,0.02,3703,186,4437,208,3752,158,90,90,0,True,0,0,1,109,-49,27.0,15.0,12.0,256.195708992891,109.0,0,0,0,0,29,0.724714333016891
single,30,full,2,breakdown (perm),30,0.02,4100,216,4677,234,4058,194,90,90,0,True,0,0,1,91,42,28.0,22.0,6.0,221.654666995164,91.0,0,0,0,0,29,0.5331798339611851
single,30,full,4,breakdown (perm),30,0.02,3873,191,4600,208,3809,191,90,90,0,True,0,0,1,79,64,28.0,17.0,11.0,302.5550419697538,79.0,0,0,0,0,29,0.596423291019164
single,30,full,3,breakdown (perm),30,0.02,3899,170,4586,184,3852,170,90,90,0,True,0,0,1,63,47,24.0,18.0,6.0,145.3936669859104,63.0,0,0,0,0,29,0.7353806670289487
single,30,full,5,breakdown (perm),30,0.02,3936,213,4599,230,3869,176,90,90,0,True,0,0,1,64,67,29.0,16.0,13.0,154.8078330233693,64.0,0,0,0,0,29,0.5371997499605641
single,30,local,0,breakdown (perm),30,0.02,3735,186,4473,208,3752,158,90,90,0,True,0,0,1,595,-17,12.0,0.0,12.0,3155.1944579696283,595.0,11,0,0,0,0,3.6580908330506645
single,30,full,7,breakdown (perm),30,0.02,3936,192,4643,200,3911,192,90,90,0,True,0,0,1,84,25,28.0,12.0,16.0,305.37054204614833,84.0,0,0,0,0,29,0.6417368340189569
single,30,full,6,breakdown (perm),30,0.02,3767,178,4500,195,3652,148,90,90,0,True,0,0,1,97,115,30.0,14.0,16.0,447.143875004258,97.0,0,0,0,0,29,0.7396610000287183
single,30,local,0,emergency,30,0.02,3830,225,4616,245,3752,158,91,91,0,True,0,0,1,40,78,1.0,0.0,1.0,20.545875013340265,40.0,1,0,0,0,0,0.4540852089994587
single,30,local,1,emergency,30,0.02,3976,196,4751,210,3928,196,91,91,0,True,0,0,1,13,48,1.0,0.0,1.0,0.7943329983390868,13.0,1,0,0,0,0,0.3336298340000212
single,30,full,9,breakdown (perm),30,0.02,3701,187,4462,222,3640,163,90,90,0,True,0,0,1,103,61,30.0,19.0,11.0,204.89645894849673,103.0,0,0,0,0,29,0.5919050830416381
single,30,full,8,breakdown (perm),30,0.02,3984,216,4710,225,3938,168,90,90,0,True,0,0,1,92,46,30.0,19.0,11.0,174.80916698696092,92.0,0,0,0,0,29,0.7729347499553114
single,30,local,4,emergency,30,0.02,3887,196,4655,238,3809,191,91,91,0,True,0,0,1,49,78,1.0,0.0,1.0,17.36616698326543,49.0,1,0,0,0,0,0.32025025004986674
single,30,local,2,emergency,30,0.02,4128,194,4803,219,4058,194,91,91,0,True,0,0,1,79,70,1.0,0.0,1.0,325.12729201698676,79.0,1,0,0,0,0,0.7593407499953173
single,30,local,7,emergency,30,0.02,3988,229,4755,253,3911,192,91,91,0,True,0,0,1,84,77,1.0,0.0,1.0,74.9013329623267,84.0,1,0,0,0,0,0.4951769160106778
single,30,local,9,emergency,30,0.02,3690,182,4561,217,3640,163,91,91,0,True,0,0,1,32,50,1.0,0.0,1.0,1.1309999972581863,32.0,1,0,0,0,0,0.3862902499968186
single,30,local,6,emergency,30,0.02,3755,225,4570,247,3652,148,91,91,0,True,0,0,1,49,103,1.0,0.0,1.0,289.2976669827476,49.0,1,0,0,0,0,0.5861684170085937
single,30,local,8,emergency,30,0.02,4019,222,4846,242,3938,168,91,91,0,True,0,0,1,24,81,1.0,0.0,1.0,13.025625026784837,24.0,1,0,0,0,0,0.6311151249683462
single,30,solo,0,emergency,30,0.02,3830,225,4616,245,3752,158,91,91,0,True,0,0,1,6,78,1.0,0.0,1.0,2.135500020813197,6.0,1,0,0,0,0,0.5082424589782022
single,30,solo,2,emergency,30,0.02,4128,194,4803,219,4058,194,91,91,0,True,0,0,1,1,70,1.0,0.0,1.0,7.030041015241295,1.0,1,0,0,0,0,0.2774727920186706
single,30,solo,1,emergency,30,0.02,3976,196,4751,210,3928,196,91,91,0,True,0,0,1,1,48,1.0,0.0,1.0,0.7628750172443688,1.0,1,0,0,0,0,0.3492792089818977
single,30,solo,4,emergency,30,0.02,3887,196,4655,238,3809,191,91,91,0,True,0,0,1,7,78,1.0,0.0,1.0,7.201500004157424,7.0,1,0,0,0,0,0.3136147080222145
single,30,solo,6,emergency,30,0.02,3755,225,4570,247,3652,148,91,91,0,True,0,0,1,3,103,1.0,0.0,1.0,14.172833994962275,3.0,1,0,0,0,0,0.3279014590079896
single,30,solo,5,emergency,30,0.02,3936,177,4681,198,3869,176,91,91,0,True,0,0,1,4,67,1.0,0.0,1.0,30.061082972679287,4.0,1,0,0,0,0,0.423581583017949
single,30,solo,3,emergency,30,0.02,3926,189,4719,220,3852,170,91,91,0,True,0,0,1,2,74,1.0,0.0,1.0,64.1207080334425,2.0,1,0,0,0,0,0.5243916670442559
single,30,solo,7,emergency,30,0.02,3988,229,4755,253,3911,192,91,91,0,True,0,0,1,2,77,1.0,0.0,1.0,8.413041010499,2.0,1,0,0,0,0,0.33459995896555483
single,30,solo,9,emergency,30,0.02,3690,182,4561,217,3640,163,91,91,0,True,0,0,1,4,50,1.0,0.0,1.0,1.066416036337614,4.0,1,0,0,0,0,0.3438713750219904
single,30,local,5,emergency,30,0.02,3936,177,4681,198,3869,176,91,91,0,True,0,0,1,106,67,1.0,0.0,1.0,998.9694160176441,106.0,1,0,0,0,0,1.3413994580041617
single,30,solo,8,emergency,30,0.02,4019,222,4846,242,3938,168,91,91,0,True,0,0,1,4,81,1.0,0.0,1.0,6.832041952293366,4.0,1,0,0,0,0,0.5733392920228653
single,30,local,3,emergency,30,0.02,3926,189,4719,220,3852,170,91,91,0,True,0,0,1,86,74,1.0,0.0,1.0,1255.571499990765,86.0,1,0,0,0,0,1.736634208005853
single,30,full,1,emergency,30,0.02,3992,196,4822,210,3928,196,91,91,0,True,0,0,1,60,64,21.0,20.0,1.0,14.953290985431522,60.0,0,0,0,0,30,0.3726066250237636
single,30,full,2,emergency,30,0.02,4159,194,4831,212,4058,194,91,91,0,True,0,0,1,60,101,26.0,25.0,1.0,77.34441600041464,60.0,0,0,0,0,30,0.39969300001394004
single,30,full,0,emergency,30,0.02,3819,221,4620,241,3752,158,91,91,0,True,0,0,1,60,67,22.0,21.0,1.0,54.55087497830391,60.0,0,0,0,0,30,0.5121293750125915
single,30,full,4,emergency,30,0.02,3888,191,4691,232,3809,191,91,91,0,True,0,0,1,60,79,19.0,18.0,1.0,21.109500026796013,60.0,0,0,0,0,30,0.3698218340286985
single,20,local,0,blockage (temp),20,0.02,2585,175,3192,208,2584,175,60,60,0,True,0,0,1,1,1,1.0,0.0,1.0,0.47720898874104023,1.0,1,0,0,0,0,0.23849595803767443
single,20,local,1,blockage (temp),20,0.02,2544,167,3096,200,2532,167,60,60,0,True,0,0,1,49,12,3.0,0.0,3.0,32.87925000768155,49.0,3,0,0,0,0,0.22698170802323148
single,30,full,9,emergency,30,0.02,3688,180,4559,215,3640,163,91,91,0,True,0,0,1,60,48,7.0,6.0,1.0,6.783999968320131,60.0,0,0,0,0,30,0.35550570901250467
single,30,full,6,emergency,30,0.02,3771,207,4596,229,3652,148,91,91,0,True,0,0,1,60,119,28.0,27.0,1.0,295.6496669794433,60.0,0,0,0,0,30,0.5648893750039861
single,30,full,3,emergency,30,0.02,3889,170,4703,194,3852,170,91,91,0,True,0,0,1,60,37,24.0,23.0,1.0,310.8642500010319,60.0,0,0,0,0,30,0.8300258750095963
single,20,local,4,blockage (temp),20,0.02,2369,159,2833,182,2369,159,60,60,0,True,0,0,1,5,0,1.0,0.0,1.0,2.597499988041818,5.0,1,0,0,0,0,0.10565266699995846
single,30,full,7,emergency,30,0.02,4009,218,4782,242,3911,192,91,91,0,True,0,0,1,60,98,26.0,25.0,1.0,111.59637500531971,60.0,0,0,0,0,30,0.5441281670355238
single,20,local,2,blockage (temp),20,0.02,2395,148,2896,168,2395,148,60,60,0,True,0,0,1,38,0,1.0,0.0,1.0,39.9500000057742,38.0,1,0,0,0,0,0.15951475000474602
single,30,full,5,emergency,30,0.02,3942,176,4696,198,3869,176,91,91,0,True,0,0,1,60,73,25.0,24.0,1.0,386.273332987912,60.0,0,0,0,0,30,0.7376419159700163
single,20,local,5,blockage (temp),20,0.02,2369,150,2900,180,2367,150,60,60,0,True,0,0,1,18,2,1.0,0.0,1.0,1.7126669990830123,18.0,1,0,0,0,0,0.12100954097695649
single,30,full,8,emergency,30,0.02,3994,206,4819,226,3938,168,91,91,0,True,0,0,1,60,56,26.0,25.0,1.0,75.16808400396258,60.0,0,0,0,0,30,0.5929373330436647
single,20,local,3,blockage (temp),20,0.02,2296,150,2780,172,2292,150,60,60,0,True,0,0,1,45,4,2.0,0.0,2.0,103.82833401672542,45.0,2,0,0,0,0,0.24413141701370478
single,20,local,8,blockage (temp),20,0.02,2415,150,2950,178,2370,148,60,60,0,True,0,0,1,158,45,5.0,1.0,4.0,30.158291978295892,158.0,5,0,0,0,0,0.1279042080277577
single,20,local,6,blockage (temp),20,0.02,2322,145,2891,180,2318,145,60,60,0,True,0,0,1,34,4,1.0,0.0,1.0,17.36612501554191,34.0,1,0,0,0,0,0.19383679097518325
single,20,local,7,blockage (temp),20,0.02,2554,164,3071,196,2547,164,60,60,0,True,0,0,1,2,7,1.0,0.0,1.0,5.045583995524794,2.0,1,0,0,0,0,0.17731362499762326
single,20,solo,2,blockage (temp),20,0.02,2395,148,2896,168,2395,148,60,60,0,True,0,0,1,4,0,1.0,0.0,1.0,2.615500008687377,4.0,1,0,0,0,0,0.13695408299099654
single,20,local,9,blockage (temp),20,0.02,2463,173,2942,184,2443,173,60,60,0,True,0,0,1,61,20,3.0,0.0,3.0,8.533749962225556,61.0,3,0,0,0,0,0.21347283403156325
single,20,solo,4,blockage (temp),20,0.02,2369,159,2833,182,2369,159,60,60,0,True,0,0,1,5,0,1.0,0.0,1.0,1.114875019993633,5.0,1,0,0,0,0,0.09287495800526813
single,20,solo,0,blockage (temp),20,0.02,2585,175,3192,208,2584,175,60,60,0,True,0,0,1,1,1,1.0,0.0,1.0,0.45016699004918337,1.0,1,0,0,0,0,0.21883512497879565
single,20,solo,1,blockage (temp),20,0.02,2544,167,3096,200,2532,167,60,60,0,True,0,0,1,11,12,3.0,0.0,3.0,4.894500016234815,11.0,3,0,0,0,0,0.21571112499805167
single,20,solo,3,blockage (temp),20,0.02,2296,150,2780,172,2292,150,60,60,0,True,0,0,1,7,4,2.0,0.0,2.0,24.890209024306387,7.0,2,0,0,0,0,0.18704587500542402
single,20,solo,5,blockage (temp),20,0.02,2369,150,2900,180,2367,150,60,60,0,True,0,0,1,2,2,1.0,0.0,1.0,1.7369589768350124,2.0,1,0,0,0,0,0.13896229199599475
single,20,solo,6,blockage (temp),20,0.02,2322,145,2891,180,2318,145,60,60,0,True,0,0,1,4,4,1.0,0.0,1.0,4.831583995837718,4.0,1,0,0,0,0,0.1787924169912003
single,20,solo,8,blockage (temp),20,0.02,2415,150,2950,178,2370,148,60,60,0,True,0,0,1,48,45,5.0,1.0,4.0,15.74462599819526,48.0,5,0,0,0,0,0.12381112499861047
single,20,solo,7,blockage (temp),20,0.02,2554,164,3071,196,2547,164,60,60,0,True,0,0,1,2,7,1.0,0.0,1.0,1.2976250145584345,2.0,1,0,0,0,0,0.1495840420247987
single,20,solo,9,blockage (temp),20,0.02,2463,173,2942,184,2443,173,60,60,0,True,0,0,1,13,20,3.0,0.0,3.0,3.8560000248253345,13.0,3,0,0,0,0,0.1973406249890104
single,20,full,2,blockage (temp),20,0.02,2395,148,2899,168,2395,148,60,60,0,True,0,0,1,40,0,12.0,11.0,1.0,21.10920799896121,40.0,0,0,0,0,20,0.1769180410192348
single,20,full,1,blockage (temp),20,0.02,2544,167,3082,200,2532,167,60,60,0,True,0,0,1,40,12,15.0,12.0,3.0,14.543541998136789,40.0,0,0,0,0,20,0.21831974998349324
single,20,full,5,blockage (temp),20,0.02,2367,150,2897,180,2367,150,60,60,0,True,0,0,1,40,0,3.0,2.0,1.0,24.24045803491026,40.0,0,0,0,0,20,0.1685076670255512
single,20,full,4,blockage (temp),20,0.02,2373,159,2839,182,2369,159,60,60,0,True,0,0,1,40,4,9.0,8.0,1.0,95.2288749977015,40.0,0,0,0,0,20,0.18132037500618026
single,20,full,3,blockage (temp),20,0.02,2305,150,2791,172,2292,150,60,60,0,True,0,0,1,40,13,13.0,11.0,2.0,104.41162501228973,40.0,0,0,0,0,20,0.23454741603927687
single,20,full,0,blockage (temp),20,0.02,2585,175,3190,208,2584,175,60,60,0,True,0,0,1,40,1,8.0,7.0,1.0,5.211332987528294,40.0,0,0,0,0,20,0.2646903750137426
single,20,full,6,blockage (temp),20,0.02,2338,145,2909,180,2318,145,60,60,0,True,0,0,1,40,20,11.0,10.0,1.0,21.872874989639968,40.0,0,0,0,0,20,0.19305816694395617
single,20,full,7,blockage (temp),20,0.02,2545,164,3057,196,2547,164,60,60,0,True,0,0,1,40,-2,13.0,12.0,1.0,6.293917016591877,40.0,0,0,0,0,20,0.14623808301985264
single,20,full,8,blockage (temp),20,0.02,2409,148,2957,176,2370,148,60,60,0,True,0,0,1,40,39,12.0,8.0,4.0,15.877208032179624,40.0,0,0,0,0,20,0.13866337499348447
single,20,local,2,blockage (perm),20,0.02,2418,160,2916,178,2395,148,60,60,0,True,0,0,1,81,23,7.0,1.0,6.0,59.7697920165956,81.0,5,2,0,0,0,0.17800283298129216
single,20,full,9,blockage (temp),20,0.02,2454,173,2937,180,2443,173,60,60,0,True,0,0,1,40,11,13.0,10.0,3.0,14.382791006937623,40.0,0,0,0,0,20,0.21359512495109811
single,20,local,1,blockage (perm),20,0.02,2532,167,3083,200,2532,167,60,60,0,True,0,0,1,8,0,3.0,0.0,3.0,4.692457965575159,8.0,3,0,0,0,0,0.19276558398269117
single,20,local,5,blockage (perm),20,0.02,2376,150,2906,180,2367,150,60,60,0,True,0,0,1,69,9,2.0,0.0,2.0,20.00758401118219,69.0,2,0,0,0,0,0.1578581250505522
single,20,local,0,blockage (perm),20,0.02,2589,175,3202,208,2584,175,60,60,0,True,0,0,1,19,5,4.0,0.0,4.0,3.552249982021749,19.0,4,0,0,0,0,0.23360616696299985
single,20,local,7,blockage (perm),20,0.02,2586,173,3101,205,2547,164,60,60,0,True,0,0,1,29,39,4.0,0.0,4.0,27.27054199203849,29.0,4,0,0,0,0,0.14831520797451958
single,20,local,6,blockage (perm),20,0.02,2329,145,2900,180,2318,145,60,60,0,True,0,0,1,47,11,5.0,1.0,4.0,37.493167037609965,47.0,3,2,0,0,0,0.2620670840260573
single,20,local,9,blockage (perm),20,0.02,2473,173,2958,190,2443,173,60,60,0,True,0,0,1,84,30,8.0,1.0,7.0,49.043457955121994,84.0,6,0,2,0,0,0.20865516597405076
single,20,solo,1,blockage (perm),20,0.02,2532,167,3083,200,2532,167,60,60,0,True,0,0,1,8,0,3.0,0.0,3.0,4.712667025160044,8.0,3,0,0,0,0,0.17543645802652463
single,20,local,8,blockage (perm),20,0.02,2430,169,2965,188,2370,148,60,60,0,True,0,0,1,190,60,5.0,0.0,5.0,120.37195899756625,190.0,5,0,0,0,0,0.23105166695313528
single,20,solo,0,blockage (perm),20,0.02,2589,175,3202,208,2584,175,60,60,0,True,0,0,1,7,5,4.0,0.0,4.0,3.9291249704547226,7.0,4,0,0,0,0,0.24026104103541002
single,20,solo,2,blockage (perm),20,0.02,2420,160,2922,178,2395,148,60,60,0,True,0,0,1,13,25,6.0,0.0,6.0,21.69337501982227,13.0,6,0,0,0,0,0.16603737499099225
single,20,solo,5,blockage (perm),20,0.02,2376,150,2906,180,2367,150,60,60,0,True,0,0,1,7,9,2.0,0.0,2.0,4.635917022824287,7.0,2,0,0,0,0,0.14271620800718665
single,20,solo,4,blockage (perm),20,0.02,2386,159,2850,182,2369,159,60,60,0,True,0,0,1,22,17,7.0,0.0,7.0,44.888417003676295,22.0,7,0,0,0,0,0.164375166001264
single,20,solo,3,blockage (perm),20,0.02,2335,150,2817,172,2292,150,60,60,0,True,0,0,1,36,43,9.0,0.0,9.0,88.47920899279416,36.0,9,0,0,0,0,0.2588861249969341
single,20,local,4,blockage (perm),20,0.02,2386,159,2850,182,2369,159,60,60,0,True,0,0,1,192,17,7.0,0.0,7.0,482.7227499918081,192.0,7,0,0,0,0,0.5867911250097677
single,20,solo,6,blockage (perm),20,0.02,2329,145,2904,180,2318,145,60,60,0,True,0,0,1,9,11,4.0,0.0,4.0,23.040125030092895,9.0,4,0,0,0,0,0.21697141701588407
single,20,solo,7,blockage (perm),20,0.02,2586,173,3101,205,2547,164,60,60,0,True,0,0,1,9,39,4.0,0.0,4.0,18.999582971446216,9.0,4,0,0,0,0,0.19361341703915969
single,20,solo,8,blockage (perm),20,0.02,2430,169,2965,188,2370,148,60,60,0,True,0,0,1,48,60,5.0,0.0,5.0,40.81979097099975,48.0,5,0,0,0,0,0.1436567089986056
single,20,local,3,blockage (perm),20,0.02,2320,150,2802,172,2292,150,60,60,0,True,0,0,1,302,28,11.0,2.0,9.0,610.2805840200745,302.0,7,2,2,0,0,0.7287667500204407
single,20,solo,9,blockage (perm),20,0.02,2473,173,2964,190,2443,173,60,60,0,True,0,0,1,23,30,7.0,0.0,7.0,39.633375010453165,23.0,7,0,0,0,0,0.2187971249804832
single,20,full,2,blockage (perm),20,0.02,2432,154,2935,172,2395,148,60,60,0,True,0,0,1,40,37,19.0,13.0,6.0,35.481334023643285,40.0,0,0,0,0,20,0.15367058297852054
single,20,full,0,blockage (perm),20,0.02,2595,175,3210,208,2584,175,60,60,0,True,0,0,1,40,11,9.0,5.0,4.0,9.587916953023523,40.0,0,0,0,0,20,0.2582106660120189
single,20,full,1,blockage (perm),20,0.02,2525,167,3078,200,2532,167,60,60,0,True,0,0,1,40,-7,14.0,11.0,3.0,37.74850000627339,40.0,0,0,0,0,20,0.22534733300562948
single,20,full,8,blockage (perm),20,0.02,2425,158,2973,177,2370,148,60,60,0,True,0,0,1,40,55,12.0,7.0,5.0,28.651166998315603,40.0,0,0,0,0,20,0.10664800001541153
single,20,full,5,blockage (perm),20,0.02,2369,150,2906,180,2367,150,60,60,0,True,0,0,1,40,2,4.0,2.0,2.0,111.55904101906344,40.0,0,0,0,0,20,0.2458258749684319
single,20,full,3,blockage (perm),20,0.02,2331,150,2812,172,2292,150,60,60,0,True,0,0,1,40,39,16.0,7.0,9.0,142.37504097400233,40.0,0,0,0,0,20,0.27641720802057534
single,20,full,4,blockage (perm),20,0.02,2459,159,2920,182,2369,159,60,60,0,True,0,0,1,40,90,19.0,12.0,7.0,177.050500002224,40.0,0,0,0,0,20,0.27157241699751467
single,20,full,6,blockage (perm),20,0.02,2346,145,2917,180,2318,145,60,60,0,True,0,0,1,40,28,14.0,10.0,4.0,40.814749954734,40.0,0,0,0,0,20,0.19893737498205155
single,20,full,7,blockage (perm),20,0.02,2577,171,3092,200,2547,164,60,60,0,True,0,0,1,40,30,11.0,7.0,4.0,23.358167032711208,40.0,0,0,0,0,20,0.1867796250153333
single,20,local,2,breakdown (temp),20,0.02,2409,148,2913,168,2395,148,60,60,0,True,0,0,1,30,14,2.0,0.0,2.0,7.334667025133967,30.0,2,0,0,0,0,0.12613200000487268
single,20,local,0,breakdown (temp),20,0.02,2584,175,3191,208,2584,175,60,60,0,True,0,0,1,1,0,1.0,0.0,1.0,25.224875018466264,1.0,1,0,0,0,0,0.20984675001818687
single,20,full,9,blockage (perm),20,0.02,2473,173,2961,180,2443,173,60,60,0,True,0,0,1,40,30,18.0,11.0,7.0,19.349958980455995,40.0,0,0,0,0,20,0.21365495905047283
single,20,local,4,breakdown (temp),20,0.02,2386,159,2850,182,2369,159,60,60,0,True,0,0,1,28,17,2.0,0.0,2.0,27.637624996714294,28.0,2,0,0,0,0,0.13279687496833503
single,20,local,5,breakdown (temp),20,0.02,2377,150,2907,180,2367,150,60,60,0,True,0,0,1,6,10,1.0,0.0,1.0,0.30866696033626795,6.0,1,0,0,0,0,0.1286768339923583
single,20,local,1,breakdown (temp),20,0.02,2544,167,3089,200,2532,167,60,60,0,True,0,0,1,5,12,1.0,0.0,1.0,0.8561660069972277,5.0,1,0,0,0,0,0.19341225002426654
single,20,local,3,breakdown (temp),20,0.02,2309,150,2794,172,2292,150,60,60,0,True,0,0,1,54,17,4.0,0.0,4.0,26.38537500752136,54.0,4,0,0,0,0,0.1762977089965716
single,20,local,6,breakdown (temp),20,0.02,2340,145,2914,180,2318,145,60,60,0,True,0,0,1,1,22,1.0,0.0,1.0,3.0890829511918128,1.0,1,0,0,0,0,0.17740166699513793
single,20,local,8,breakdown (temp),20,0.02,2402,168,2941,196,2370,148,60,60,0,True,0,0,1,61,32,4.0,0.0,4.0,8.598583983257413,61.0,4,0,0,0,0,0.1403588339453563
single,20,solo,2,breakdown (temp),20,0.02,2409,148,2913,168,2395,148,60,60,0,True,0,0,1,8,14,2.0,0.0,2.0,5.3649169858545065,8.0,2,0,0,0,0,0.10748891596449539
single,20,solo,4,breakdown (temp),20,0.02,2386,159,2850,182,2369,159,60,60,0,True,0,0,1,4,17,2.0,0.0,2.0,8.963208005297929,4.0,2,0,0,0,0,0.09939520800253376
single,20,local,9,breakdown (temp),20,0.02,2457,173,2937,180,2443,173,60,60,0,True,0,0,1,0,14,1.0,0.0,1.0,1.3140829978510737,0.0,1,0,0,0,0,0.19320845900801942
single,20,solo,3,breakdown (temp),20,0.02,2309,150,2794,172,2292,150,60,60,0,True,0,0,1,16,17,4.0,0.0,4.0,10.579959023743868,16.0,4,0,0,0,0,0.14710604096762836
single,20,solo,0,breakdown (temp),20,0.02,2584,175,3191,208,2584,175,60,60,0,True,0,0,1,1,0,1.0,0.0,1.0,10.897915984969586,1.0,1,0,0,0,0,0.2295428339857608
single,20,solo,1,breakdown (temp),20,0.02,2544,167,3089,200,2532,167,60,60,0,True,0,0,1,5,12,1.0,0.0,1.0,0.8847499848343432,5.0,1,0,0,0,0,0.20763208402786404
single,20,solo,5,breakdown (temp),20,0.02,2377,150,2907,180,2367,150,60,60,0,True,0,0,1,6,10,1.0,0.0,1.0,0.3209160058759153,6.0,1,0,0,0,0,0.12706804199842736
single,20,solo,8,breakdown (temp),20,0.02,2402,168,2941,196,2370,148,60,60,0,True,0,0,1,11,32,4.0,0.0,4.0,8.924207999370992,11.0,4,0,0,0,0,0.10874858300667256
single,20,local,7,breakdown (temp),20,0.02,2570,164,3094,196,2547,164,60,60,0,True,0,0,1,64,23,3.0,0.0,3.0,178.1724999891594,64.0,3,0,0,0,0,0.34299070900306106
single,20,solo,6,breakdown (temp),20,0.02,2340,145,2914,180,2318,145,60,60,0,True,0,0,1,1,22,1.0,0.0,1.0,3.061208000872284,1.0,1,0,0,0,0,0.19878245901782066
single,20,solo,9,breakdown (temp),20,0.02,2457,173,2937,180,2443,173,60,60,0,True,0,0,1,0,14,1.0,0.0,1.0,1.288625004235655,0.0,1,0,0,0,0,0.16735800000606105
single,20,solo,7,breakdown (temp),20,0.02,2570,164,3094,196,2547,164,60,60,0,True,0,0,1,8,23,3.0,0.0,3.0,42.188874969724566,8.0,3,0,0,0,0,0.18194950005272403
single,20,full,2,breakdown (temp),20,0.02,2404,152,2905,170,2395,148,60,60,0,True,0,0,1,40,9,16.0,14.0,2.0,42.31045802589506,40.0,0,0,0,0,20,0.16856025002198294
single,20,full,1,breakdown (temp),20,0.02,2548,167,3100,200,2532,167,60,60,0,True,0,0,1,40,16,13.0,12.0,1.0,10.647332994267344,40.0,0,0,0,0,20,0.2087465840158984
single,20,full,3,breakdown (temp),20,0.02,2309,150,2799,172,2292,150,60,60,0,True,0,0,1,40,17,12.0,8.0,4.0,22.854042006656528,40.0,0,0,0,0,20,0.1663910840288736
single,20,full,4,breakdown (temp),20,0.02,2387,159,2851,182,2369,159,60,60,0,True,0,0,1,40,18,16.0,14.0,2.0,68.33683303557336,40.0,0,0,0,0,20,0.18318425002507865
single,20,full,5,breakdown (temp),20,0.02,2377,150,2909,180,2367,150,60,60,0,True,0,0,1,40,10,2.0,1.0,1.0,20.560165983624756,40.0,0,0,0,0,20,0.16754533298080787
single,20,full,8,breakdown (temp),20,0.02,2389,161,2935,189,2370,148,60,60,0,True,0,0,1,40,19,18.0,14.0,4.0,24.93083296576515,40.0,0,0,0,0,20,0.10608487500576302
single,20,full,6,breakdown (temp),20,0.02,2324,146,2899,181,2318,145,60,60,0,True,0,0,1,40,6,13.0,12.0,1.0,21.156416973099113,40.0,0,0,0,0,20,0.20499520801240578
single,20,full,7,breakdown (temp),20,0.02,2591,164,3106,196,2547,164,60,60,0,True,0,0,1,40,44,18.0,15.0,3.0,81.76162495510653,40.0,0,0,0,0,20,0.23604779201559722
single,20,full,0,breakdown (temp),20,0.02,2588,175,3187,208,2584,175,60,60,0,True,0,0,1,40,4,17.0,16.0,1.0,151.18120796978474,40.0,0,0,0,0,20,0.3718108339817263
single,20,full,9,breakdown (temp),20,0.02,2463,173,2943,180,2443,173,60,60,0,True,0,0,1,40,20,16.0,15.0,1.0,20.838583004660904,40.0,0,0,0,0,20,0.22421791596570984
single,20,local,3,breakdown (perm),20,0.02,2321,164,2737,179,2292,150,60,60,0,True,0,0,1,109,29,4.0,0.0,4.0,57.9085840145126,109.0,3,0,0,0,0,0.15576337499078363
single,20,local,5,breakdown (perm),20,0.02,2365,174,2826,194,2367,150,60,60,0,True,0,0,1,235,-2,10.0,2.0,8.0,104.19733298476785,235.0,5,0,4,0,0,0.23310491698794067
single,20,local,8,breakdown (perm),20,0.02,2373,215,2815,237,2370,148,60,60,0,True,0,0,1,123,3,6.0,1.0,5.0,80.79095795983449,123.0,3,0,2,0,0,0.19760779099306092
single,20,local,2,breakdown (perm),20,0.02,2380,168,2842,193,2395,148,60,60,0,True,0,0,1,213,-15,8.0,0.0,8.0,251.63399998564273,213.0,6,0,1,0,0,0.3943923749611713
single,20,local,6,breakdown (perm),20,0.02,2320,155,2797,184,2318,145,60,60,0,True,0,0,1,158,2,9.0,2.0,7.0,109.07825001049787,158.0,4,0,4,0,0,0.330824583012145
single,20,local,9,breakdown (perm),20,0.02,2446,221,2857,236,2443,173,60,60,0,True,0,0,1,93,3,6.0,1.0,5.0,48.560667026322335,93.0,3,0,2,0,0,0.2367757080355659
single,20,solo,2,breakdown (perm),20,0.02,2386,164,2850,189,2395,148,60,60,0,True,0,0,1,58,-9,8.0,0.0,8.0,59.35404199408367,58.0,7,0,0,0,0,0.1798088340437971
single,20,solo,1,breakdown (perm),20,0.02,2565,226,3054,261,2532,167,60,60,0,True,0,0,1,25,33,7.0,0.0,7.0,51.521833054721355,25.0,6,0,0,0,0,0.2521064589964226
single,20,local,1,breakdown (perm),20,0.02,2561,217,3051,252,2532,167,60,60,0,True,0,0,1,131,29,7.0,0.0,7.0,442.06237501930445,131.0,5,0,1,0,0,0.6625001250067726
single,20,local,4,breakdown (perm),20,0.02,2365,176,2774,186,2369,159,60,60,0,True,0,0,1,273,-4,14.0,2.0,12.0,532.5305829755962,273.0,10,0,3,0,0,0.6388579579652287
single,20,solo,3,breakdown (perm),20,0.02,2321,164,2737,179,2292,150,60,60,0,True,0,0,1,23,29,4.0,0.0,4.0,20.831291971262544,23.0,3,0,0,0,0,0.22216433403082192
single,20,solo,4,breakdown (perm),20,0.02,2386,176,2803,186,2369,159,60,60,0,True,0,0,1,51,17,12.0,0.0,12.0,95.45708302175626,51.0,11,0,0,0,0,0.21580554195679724
single,20,solo,5,breakdown (perm),20,0.02,2372,174,2836,194,2367,150,60,60,0,True,0,0,1,81,5,8.0,0.0,8.0,40.07175000151619,81.0,7,0,0,0,0,0.18706366699188948
single,20,solo,6,breakdown (perm),20,0.02,2332,156,2808,184,2318,145,60,60,0,True,0,0,1,53,14,7.0,0.0,7.0,40.65420798724517,53.0,6,0,0,0,0,0.21623275004094467
single,20,solo,0,breakdown (perm),20,0.02,2665,208,3247,242,2584,175,60,60,0,True,0,0,1,27,81,9.0,0.0,9.0,270.0256670359522,27.0,8,0,0,0,0,0.4932963749743067
single,20,solo,8,breakdown (perm),20,0.02,2381,215,2823,237,2370,148,60,60,0,True,0,0,1,24,11,5.0,0.0,5.0,16.105999995488673,24.0,4,0,0,0,0,0.12882520898710936
single,20,solo,7,breakdown (perm),20,0.02,2562,180,3050,202,2547,164,60,60,0,True,0,0,1,33,15,8.0,0.0,8.0,96.83612495427951,33.0,7,0,0,0,0,0.23381229199003428
single,20,full,3,breakdown (perm),20,0.02,2309,160,2723,175,2292,150,60,60,0,True,0,0,1,49,17,17.0,13.0,4.0,46.71604203758761,49.0,0,0,0,0,19,0.16305400000419468
single,20,solo,9,breakdown (perm),20,0.02,2460,221,2871,236,2443,173,60,60,0,True,0,0,1,33,17,5.0,0.0,5.0,70.07529103429988,33.0,4,0,0,0,0,0.2559929999988526
single,20,full,4,breakdown (perm),20,0.02,2368,176,2786,186,2369,159,60,60,0,True,0,0,1,65,-1,18.0,6.0,12.0,104.90249999566004,65.0,0,0,0,0,19,0.19607087498297915
single,20,full,2,breakdown (perm),20,0.02,2381,157,2848,182,2395,148,60,60,0,True,0,0,1,71,-14,18.0,10.0,8.0,126.37066701427102,71.0,0,0,0,0,19,0.27397695899708197
single,20,full,1,breakdown (perm),20,0.02,2563,215,3053,250,2532,167,60,60,0,True,0,0,1,48,31,14.0,7.0,7.0,88.09708303306252,48.0,0,0,0,0,19,0.314136375032831
single,20,local,7,breakdown (perm),20,0.02,2562,180,3050,202,2547,164,60,60,0,True,0,0,1,195,15,8.0,0.0,8.0,934.3908749870025,195.0,7,0,0,0,0,1.090570333006326
single,20,full,5,breakdown (perm),20,0.02,2357,174,2827,191,2367,150,60,60,0,True,0,0,1,89,-10,19.0,11.0,8.0,67.11025000549853,89.0,0,0,0,0,19,0.2193324159597978
single,20,full,0,breakdown (perm),20,0.02,2573,199,3149,233,2584,175,60,60,0,True,0,0,1,47,-11,20.0,11.0,9.0,253.301625023596,47.0,0,0,0,0,19,0.4829222080297768
single,20,full,8,breakdown (perm),20,0.02,2385,204,2834,226,2370,148,60,60,0,True,0,0,1,52,15,17.0,12.0,5.0,78.60112498747185,52.0,0,0,0,0,19,0.2076477920054458
single,20,full,6,breakdown (perm),20,0.02,2296,151,2767,184,2318,145,60,60,0,True,0,0,1,71,-22,19.0,12.0,7.0,99.26312504103407,71.0,0,0,0,0,19,0.2974862080300227
single,20,full,7,breakdown (perm),20,0.02,2551,178,3041,198,2547,164,60,60,0,True,0,0,1,53,4,20.0,12.0,8.0,102.04645805060863,53.0,0,0,0,0,19,0.27472916699480265
single,20,full,9,breakdown (perm),20,0.02,2406,193,2815,208,2443,173,60,60,0,True,0,0,1,59,-37,17.0,12.0,5.0,62.14425002690405,59.0,0,0,0,0,19,0.2642984170233831
single,20,local,2,emergency,20,0.02,2473,195,2974,228,2395,148,61,61,0,True,0,0,1,3,78,1.0,0.0,1.0,1.328042009845376,3.0,1,0,0,0,0,0.13633487501647323
single,20,local,4,emergency,20,0.02,2392,159,2858,182,2369,159,61,61,0,True,0,0,1,54,23,1.0,0.0,1.0,18.715958984103054,54.0,1,0,0,0,0,0.14424499997403473
single,20,local,1,emergency,20,0.02,2607,190,3153,215,2532,167,61,61,0,True,0,0,1,18,75,1.0,0.0,1.0,1.2799170217476785,18.0,1,0,0,0,0,0.23426816699793562
single,20,local,0,emergency,20,0.02,2632,175,3211,208,2584,175,61,61,0,True,0,0,1,19,48,1.0,0.0,1.0,8.666292007546872,19.0,1,0,0,0,0,0.2946354580344632
single,20,local,3,emergency,20,0.02,2368,183,2853,205,2292,150,61,61,0,True,0,0,1,27,76,1.0,0.0,1.0,38.48129202378914,27.0,1,0,0,0,0,0.20135279098758474
single,20,local,5,emergency,20,0.02,2427,150,2954,180,2367,150,61,61,0,True,0,0,1,19,60,2.0,1.0,1.0,78.21208296809345,19.0,0,2,0,0,0,0.20641350001096725
single,20,local,8,emergency,20,0.02,2402,151,2939,176,2370,148,61,61,0,True,0,0,1,16,32,1.0,0.0,1.0,1.240084005985409,16.0,1,0,0,0,0,0.13002112496178597
single,20,local,6,emergency,20,0.02,2394,210,2965,246,2318,145,61,61,0,True,0,0,1,34,76,2.0,1.0,1.0,31.061916961334646,34.0,0,0,2,0,0,0.22002645902102813
single,20,local,7,emergency,20,0.02,2601,190,3118,218,2547,164,61,61,0,True,0,0,1,31,54,1.0,0.0,1.0,54.18141698464751,31.0,1,0,0,0,0,0.23982633400009945
single,20,local,0,breakdown (perm),20,0.02,2636,208,3220,242,2584,175,60,60,0,True,0,0,1,232,52,11.0,2.0,9.0,1466.7402500053868,232.0,6,4,0,0,0,1.7649640000308864
single,20,local,9,emergency,20,0.02,2491,173,2937,180,2443,173,61,61,0,True,0,0,1,30,48,1.0,0.0,1.0,7.076709007378668,30.0,1,0,0,0,0,0.1928058749763295
single,20,solo,2,emergency,20,0.02,2473,195,2974,228,2395,148,61,61,0,True,0,0,1,3,78,1.0,0.0,1.0,1.2363750138320029,3.0,1,0,0,0,0,0.13334699999541044
single,20,solo,0,emergency,20,0.02,2632,175,3211,208,2584,175,61,61,0,True,0,0,1,1,48,1.0,0.0,1.0,2.0373750012367964,1.0,1,0,0,0,0,0.21385612501762807
single,20,solo,4,emergency,20,0.02,2392,159,2858,182,2369,159,61,61,0,True,0,0,1,2,23,1.0,0.0,1.0,1.8117079744115472,2.0,1,0,0,0,0,0.11313287500524893
single,20,solo,1,emergency,20,0.02,2607,190,3153,215,2532,167,61,61,0,True,0,0,1,2,75,1.0,0.0,1.0,2.05370900221169,2.0,1,0,0,0,0,0.23602004197891802
single,20,solo,3,emergency,20,0.02,2368,183,2853,205,2292,150,61,61,0,True,0,0,1,3,76,1.0,0.0,1.0,1.3846660149283707,3.0,1,0,0,0,0,0.16532370902132243
single,20,solo,8,emergency,20,0.02,2402,151,2939,176,2370,148,61,61,0,True,0,0,1,2,32,1.0,0.0,1.0,1.1514999787323177,2.0,1,0,0,0,0,0.10789816698525101
single,20,solo,7,emergency,20,0.02,2601,190,3118,218,2547,164,61,61,0,True,0,0,1,1,54,1.0,0.0,1.0,2.9997500241734087,1.0,1,0,0,0,0,0.12850079097552225
single,20,solo,6,emergency,20,0.02,2404,220,2975,256,2318,145,61,61,0,True,0,0,1,4,86,1.0,0.0,1.0,15.2232910040766,4.0,1,0,0,0,0,0.1727307919645682
single,20,solo,5,emergency,20,0.02,2437,155,2964,183,2367,150,61,61,0,True,0,0,1,4,70,1.0,0.0,1.0,16.767417022492737,4.0,1,0,0,0,0,0.19634462497197092
single,20,solo,9,emergency,20,0.02,2491,173,2937,180,2443,173,61,61,0,True,0,0,1,4,48,1.0,0.0,1.0,2.5539170019328594,4.0,1,0,0,0,0,0.17875104199629277
single,20,full,4,emergency,20,0.02,2383,159,2848,182,2369,159,61,61,0,True,0,0,1,40,14,7.0,6.0,1.0,4.242875031195581,40.0,0,0,0,0,20,0.09745687496615574
single,20,full,2,emergency,20,0.02,2468,195,2968,228,2395,148,61,61,0,True,0,0,1,40,73,17.0,16.0,1.0,47.76229098206386,40.0,0,0,0,0,20,0.1677422919892706
single,20,full,1,emergency,20,0.02,2624,187,3194,212,2532,167,61,61,0,True,0,0,1,40,92,15.0,14.0,1.0,10.928208008408546,40.0,0,0,0,0,20,0.19622987502953038
single,10,local,0,blockage (temp),10,0.02,1144,165,1443,186,1144,165,30,30,0,True,0,0,1,4,0,1.0,0.0,1.0,3.960917005315423,4.0,1,0,0,0,0,0.04110079200472683
single,20,full,0,emergency,20,0.02,2630,175,3207,208,2584,175,61,61,0,True,0,0,1,40,46,15.0,14.0,1.0,19.59408400580287,40.0,0,0,0,0,20,0.2807787079946138
single,10,local,1,blockage (temp),10,0.02,1332,157,1562,186,1328,157,30,30,0,True,0,0,1,11,4,1.0,0.0,1.0,0.925124972127378,11.0,1,0,0,0,0,0.06506679201265797
single,20,full,8,emergency,20,0.02,2406,149,2949,176,2370,148,61,61,0,True,0,0,1,40,36,12.0,11.0,1.0,37.9259999608621,40.0,0,0,0,0,20,0.1479355830233544
single,10,local,2,blockage (temp),10,0.02,1122,134,1372,168,1118,134,30,30,0,True,0,0,1,19,4,1.0,0.0,1.0,10.93254197621718,19.0,1,0,0,0,0,0.034153792017605156
single,20,full,3,emergency,20,0.02,2381,177,2871,199,2292,150,61,61,0,True,0,0,1,40,89,18.0,17.0,1.0,118.46199998399243,40.0,0,0,0,0,20,0.2582180830067955
single,10,local,4,blockage (temp),10,0.02,1110,162,1360,182,1110,162,30,30,0,True,0,0,1,1,0,1.0,0.0,1.0,3.3986250055022538,1.0,1,0,0,0,0,0.02414691698504612
single,10,local,5,blockage (temp),10,0.02,1257,197,1511,204,1243,183,30,30,0,True,0,0,1,9,14,1.0,0.0,1.0,2.4807080044411123,9.0,1,0,0,0,0,0.029519042000174522
single,10,local,3,blockage (temp),10,0.02,1105,130,1354,154,1095,130,30,30,0,True,0,0,1,12,10,3.0,0.0,3.0,3.794624994043261,12.0,3,0,0,0,0,0.0390187079901807
single,10,local,6,blockage (temp),10,0.02,1271,141,1498,166,1271,141,30,30,0,True,0,0,1,0,0,1.0,0.0,1.0,0.6074580014683306,0.0,1,0,0,0,0,0.03563991701230407
single,10,local,8,blockage (temp),10,0.02,1190,139,1443,166,1183,138,30,30,0,True,0,0,1,3,7,3.0,0.0,3.0,1.729832962155342,3.0,3,0,0,0,0,0.01697458402486518
single,10,local,7,blockage (temp),10,0.02,1119,168,1363,198,1113,162,30,30,0,True,0,0,1,17,6,2.0,1.0,1.0,2.2216669749468565,17.0,0,0,2,0,0,0.02355604199692607
single,20,full,7,emergency,20,0.02,2589,181,3112,209,2547,164,61,61,0,True,0,0,1,40,42,17.0,16.0,1.0,43.38154202559963,40.0,0,0,0,0,20,0.20413370802998543
single,20,full,6,emergency,20,0.02,2370,206,2945,242,2318,145,61,61,0,True,0,0,1,40,52,17.0,16.0,1.0,63.99366701953113,40.0,0,0,0,0,20,0.2581513750483282
single,20,full,9,emergency,20,0.02,2486,173,2932,180,2443,173,61,61,0,True,0,0,1,40,43,5.0,4.0,1.0,8.079749997705221,40.0,0,0,0,0,20,0.17982345802010968
single,10,local,9,blockage (temp),10,0.02,1240,160,1506,186,1234,160,30,30,0,True,0,0,1,13,6,1.0,0.0,1.0,4.2552080121822655,13.0,1,0,0,0,0,0.03561724995961413
single,10,solo,0,blockage (temp),10,0.02,1144,165,1443,186,1144,165,30,30,0,True,0,0,1,0,0,1.0,0.0,1.0,1.3470409903675318,0.0,1,0,0,0,0,0.027858874993398786
single,10,solo,4,blockage (temp),10,0.02,1110,162,1360,182,1110,162,30,30,0,True,0,0,1,1,0,1.0,0.0,1.0,1.310958992689848,1.0,1,0,0,0,0,0.02067466703010723
single,10,solo,2,blockage (temp),10,0.02,1122,134,1372,168,1118,134,30,30,0,True,0,0,1,1,4,1.0,0.0,1.0,2.0815000170841813,1.0,1,0,0,0,0,0.030202750000171363
single,10,solo,3,blockage (temp),10,0.02,1105,130,1354,154,1095,130,30,30,0,True,0,0,1,2,10,3.0,0.0,3.0,4.439292009919882,2.0,3,0,0,0,0,0.033827041974291205
single,10,solo,7,blockage (temp),10,0.02,1123,172,1367,202,1113,162,30,30,0,True,0,0,1,1,10,1.0,0.0,1.0,1.4774169540032744,1.0,1,0,0,0,0,0.03186604200163856
single,10,solo,5,blockage (temp),10,0.02,1257,197,1511,204,1243,183,30,30,0,True,0,0,1,1,14,1.0,0.0,1.0,2.373416966293007,1.0,1,0,0,0,0,0.04161020799074322
single,10,solo,9,blockage (temp),10,0.02,1240,160,1506,186,1234,160,30,30,0,True,0,0,1,1,6,1.0,0.0,1.0,1.6238749958574772,1.0,1,0,0,0,0,0.03142058302182704
single,10,solo,6,blockage (temp),10,0.02,1271,141,1498,166,1271,141,30,30,0,True,0,0,1,0,0,1.0,0.0,1.0,0.5814589676447213,0.0,1,0,0,0,0,0.04010533302789554
single,20,full,5,emergency,20,0.02,2448,151,2982,180,2367,150,61,61,0,True,0,0,1,40,81,19.0,18.0,1.0,191.24904100317508,40.0,0,0,0,0,20,0.3206769170355983
single,10,solo,8,blockage (temp),10,0.02,1190,139,1443,166,1183,138,30,30,0,True,0,0,1,3,7,3.0,0.0,3.0,4.659915983211249,3.0,3,0,0,0,0,0.04423937504179776
single,10,solo,1,blockage (temp),10,0.02,1332,157,1562,186,1328,157,30,30,0,True,0,0,1,1,4,1.0,0.0,1.0,0.8227499783970416,1.0,1,0,0,0,0,0.07200445799389854
single,10,full,0,blockage (temp),10,0.02,1144,165,1476,186,1144,165,30,30,0,True,0,0,1,20,0,1.0,0.0,1.0,2.6186250033788383,20.0,0,0,0,0,10,0.035183208994567394
single,10,full,8,blockage (temp),10,0.02,1190,139,1443,166,1183,138,30,30,0,True,0,0,1,20,7,4.0,1.0,3.0,2.4623750359751284,20.0,0,0,0,0,10,0.01603112497832626
single,10,full,4,blockage (temp),10,0.02,1110,162,1360,182,1110,162,30,30,0,True,0,0,1,20,0,1.0,0.0,1.0,9.56187502015382,20.0,0,0,0,0,10,0.034370790992397815
single,10,full,7,blockage (temp),10,0.02,1120,166,1363,196,1113,162,30,30,0,True,0,0,1,20,7,4.0,3.0,1.0,8.479666023049504,20.0,0,0,0,0,10,0.029540833027567714
single,10,full,2,blockage (temp),10,0.02,1122,134,1372,168,1118,134,30,30,0,True,0,0,1,20,4,2.0,1.0,1.0,6.762999983038753,20.0,0,0,0,0,10,0.04385712498333305
single,10,full,5,blockage (temp),10,0.02,1254,191,1508,198,1243,183,30,30,0,True,0,0,1,20,11,5.0,4.0,1.0,9.613750036805868,20.0,0,0,0,0,10,0.037069917016196996
single,10,full,3,blockage (temp),10,0.02,1105,130,1354,154,1095,130,30,30,0,True,0,0,1,20,10,4.0,1.0,3.0,25.87137499358505,20.0,0,0,0,0,10,0.05312399996910244
single,10,full,6,blockage (temp),10,0.02,1271,141,1498,166,1271,141,30,30,0,True,0,0,1,20,0,3.0,2.0,1.0,6.0120829730294645,20.0,0,0,0,0,10,0.054565416008699685
single,10,full,9,blockage (temp),10,0.02,1240,160,1505,186,1234,160,30,30,0,True,0,0,1,20,6,3.0,2.0,1.0,5.559208046179265,20.0,0,0,0,0,10,0.038788832956925035
single,10,full,1,blockage (temp),10,0.02,1332,157,1568,186,1328,157,30,30,0,True,0,0,1,20,4,2.0,1.0,1.0,21.129417000338435,20.0,0,0,0,0,10,0.07845062500564381
single,10,local,0,blockage (perm),10,0.02,1152,173,1461,194,1144,165,30,30,0,True,0,0,1,8,8,5.0,0.0,5.0,11.022749997209758,8.0,5,0,0,0,0,0.03965354204410687
single,10,local,5,blockage (perm),10,0.02,1261,197,1515,204,1243,183,30,30,0,True,0,0,1,10,18,2.0,0.0,2.0,3.835874958895147,10.0,2,0,0,0,0,0.028157749969977885
single,10,local,2,blockage (perm),10,0.02,1128,140,1383,174,1118,134,30,30,0,True,0,0,1,16,10,4.0,0.0,4.0,28.585916035808623,16.0,4,0,0,0,0,0.0555541249923408
single,10,local,1,blockage (perm),10,0.02,1334,157,1562,186,1328,157,30,30,0,True,0,0,1,3,6,3.0,0.0,3.0,4.296166996937245,3.0,3,0,0,0,0,0.06428391701774672
single,10,local,7,blockage (perm),10,0.02,1127,176,1371,206,1113,162,30,30,0,True,0,0,1,1,14,2.0,0.0,2.0,4.416040959767997,1.0,2,0,0,0,0,0.03315141698112711
single,10,local,8,blockage (perm),10,0.02,1194,141,1447,168,1183,138,30,30,0,True,0,0,1,3,11,3.0,0.0,3.0,3.480917017441243,3.0,3,0,0,0,0,0.036885791982058436
single,10,local,6,blockage (perm),10,0.02,1271,141,1517,166,1271,141,30,30,0,True,0,0,1,8,0,5.0,0.0,5.0,18.832167028449476,8.0,5,0,0,0,0,0.05091091699432582
single,10,local,4,blockage (perm),10,0.02,1133,165,1383,185,1110,162,30,30,0,True,0,0,1,22,23,7.0,0.0,7.0,48.09983400627971,22.0,6,0,1,0,0,0.06559399998513982
single,10,local,3,blockage (perm),10,0.02,1103,130,1352,154,1095,130,30,30,0,True,0,0,1,35,8,7.0,2.0,5.0,63.194833986926824,35.0,3,2,2,0,0,0.08377208298770711
single,10,local,9,blockage (perm),10,0.02,1240,160,1509,188,1234,160,30,30,0,True,0,0,1,2,6,3.0,0.0,3.0,7.947749982122332,2.0,3,0,0,0,0,0.03667416697135195
single,10,solo,0,blockage (perm),10,0.02,1152,173,1461,194,1144,165,30,30,0,True,0,0,1,4,8,5.0,0.0,5.0,7.090500032063574,4.0,5,0,0,0,0,0.04133774997899309
single,10,solo,3,blockage (perm),10,0.02,1108,130,1360,154,1095,130,30,30,0,True,0,0,1,3,13,5.0,0.0,5.0,17.281832988373935,3.0,5,0,0,0,0,0.03656300000147894
single,10,solo,8,blockage (perm),10,0.02,1194,141,1447,168,1183,138,30,30,0,True,0,0,1,3,11,3.0,0.0,3.0,2.928333997260779,3.0,3,0,0,0,0,0.01622779096942395
single,10,solo,7,blockage (perm),10,0.02,1127,176,1371,206,1113,162,30,30,0,True,0,0,1,1,14,2.0,0.0,2.0,4.455499991308898,1.0,2,0,0,0,0,0.025452208996284753
single,10,solo,1,blockage (perm),10,0.02,1334,157,1562,186,1328,157,30,30,0,True,0,0,1,3,6,3.0,0.0,3.0,8.420041995123029,3.0,3,0,0,0,0,0.06204154196893796
single,10,solo,2,blockage (perm),10,0.02,1128,140,1383,174,1118,134,30,30,0,True,0,0,1,4,10,4.0,0.0,4.0,21.123416954651475,4.0,4,0,0,0,0,0.06176341697573662
single,10,solo,9,blockage (perm),10,0.02,1240,160,1509,188,1234,160,30,30,0,True,0,0,1,2,6,3.0,0.0,3.0,6.071874988265336,2.0,3,0,0,0,0,0.024178249994292855
single,10,solo,6,blockage (perm),10,0.02,1271,141,1517,166,1271,141,30,30,0,True,0,0,1,2,0,5.0,0.0,5.0,22.39299996290356,2.0,5,0,0,0,0,0.06560820800950751
single,10,full,0,blockage (perm),10,0.02,1150,171,1497,192,1144,165,30,30,0,True,0,0,1,20,6,8.0,3.0,5.0,20.071165985427797,20.0,0,0,0,0,10,0.04106620798120275
single,10,solo,4,blockage (perm),10,0.02,1137,165,1387,185,1110,162,30,30,0,True,0,0,1,6,27,7.0,0.0,7.0,54.3978750356473,6.0,7,0,0,0,0,0.08583283302141353
single,10,full,2,blockage (perm),10,0.02,1128,140,1380,174,1118,134,30,30,0,True,0,0,1,20,10,5.0,1.0,4.0,17.08924997365102,20.0,0,0,0,0,10,0.04216829204233363
single,10,full,1,blockage (perm),10,0.02,1336,157,1564,186,1328,157,30,30,0,True,0,0,1,20,8,5.0,2.0,3.0,11.34362502489239,20.0,0,0,0,0,10,0.06028674996923655
single,10,solo,5,blockage (perm),10,0.02,1261,197,1515,204,1243,183,30,30,0,True,0,0,1,2,18,2.0,0.0,2.0,12.449540954548866,2.0,2,0,0,0,0,0.09955408400855958
single,10,full,3,blockage (perm),10,0.02,1108,130,1358,154,1095,130,30,30,0,True,0,0,1,20,13,6.0,1.0,5.0,18.68375000776723,20.0,0,0,0,0,10,0.0504101249971427
single,10,full,5,blockage (perm),10,0.02,1250,191,1504,198,1243,183,30,30,0,True,0,0,1,20,7,5.0,3.0,2.0,4.626917012501508,20.0,0,0,0,0,10,0.03150320897111669
single,10,full,8,blockage (perm),10,0.02,1194,141,1447,168,1183,138,30,30,0,True,0,0,1,20,11,4.0,1.0,3.0,3.896875015925616,20.0,0,0,0,0,10,0.023490499996114522
single,10,full,7,blockage (perm),10,0.02,1128,174,1371,204,1113,162,30,30,0,True,0,0,1,20,15,4.0,2.0,2.0,3.2683329773135483,20.0,0,0,0,0,10,0.030021666025277227
single,10,full,9,blockage (perm),10,0.02,1242,160,1509,188,1234,160,30,30,0,True,0,0,1,20,8,7.0,4.0,3.0,5.221125029493123,20.0,0,0,0,0,10,0.022941250004805624
single,10,full,4,blockage (perm),10,0.02,1137,162,1387,182,1110,162,30,30,0,True,0,0,1,20,27,8.0,1.0,7.0,49.40066603012383,20.0,0,0,0,0,10,0.07199479202972725
single,10,local,3,breakdown (temp),10,0.02,1115,143,1364,155,1095,130,30,30,0,True,0,0,1,1,20,1.0,0.0,1.0,0.3947909572161734,1.0,1,0,0,0,0,0.02155912498710677
single,10,local,4,breakdown (temp),10,0.02,1122,162,1372,182,1110,162,30,30,0,True,0,0,1,14,12,2.0,0.0,2.0,1.7779170302674174,14.0,2,0,0,0,0,0.025336208986118436
single,10,local,2,breakdown (temp),10,0.02,1141,151,1391,185,1118,134,30,30,0,True,0,0,1,16,23,2.0,0.0,2.0,8.65529099246487,16.0,2,0,0,0,0,0.03959449997637421
single,10,full,6,blockage (perm),10,0.02,1271,141,1515,166,1271,141,30,30,0,True,0,0,1,20,0,7.0,2.0,5.0,27.643624984193593,20.0,0,0,0,0,10,0.06939483300084248
single,10,local,0,breakdown (temp),10,0.02,1154,165,1437,186,1144,165,30,30,0,True,0,0,1,2,10,1.0,0.0,1.0,1.0588750010356307,2.0,1,0,0,0,0,0.052344542054925114
single,10,local,5,breakdown (temp),10,0.02,1253,183,1505,190,1243,183,30,30,0,True,0,0,1,1,10,1.0,0.0,1.0,0.7221669657155871,1.0,1,0,0,0,0,0.0356921250349842
single,10,local,1,breakdown (temp),10,0.02,1341,157,1571,186,1328,157,30,30,0,True,0,0,1,1,13,1.0,0.0,1.0,0.46908302465453744,1.0,1,0,0,0,0,0.06080945901339874
single,10,local,6,breakdown (temp),10,0.02,1278,143,1505,166,1271,141,30,30,0,True,0,0,1,1,7,1.0,0.0,1.0,0.9673330350778997,1.0,1,0,0,0,0,0.0343066249624826
single,10,local,7,breakdown (temp),10,0.02,1128,162,1372,192,1113,162,30,30,0,True,0,0,1,14,15,2.0,0.0,2.0,1.5854579978622496,14.0,2,0,0,0,0,0.02949054096825421
single,10,local,8,breakdown (temp),10,0.02,1203,140,1456,167,1183,138,30,30,0,True,0,0,1,5,20,2.0,0.0,2.0,1.8186249653808773,5.0,2,0,0,0,0,0.024673875013832003
single,10,local,9,breakdown (temp),10,0.02,1243,164,1510,193,1234,160,30,30,0,True,0,0,1,0,9,2.0,0.0,2.0,3.485292021650821,0.0,2,0,0,0,0,0.02764433401171118
single,10,solo,0,breakdown (temp),10,0.02,1154,165,1437,186,1144,165,30,30,0,True,0,0,1,2,10,1.0,0.0,1.0,1.0279160342179239,2.0,1,0,0,0,0,0.0315790000022389
single,10,solo,4,breakdown (temp),10,0.02,1122,162,1372,182,1110,162,30,30,0,True,0,0,1,4,12,2.0,0.0,2.0,1.7336659948341548,4.0,2,0,0,0,0,0.022418665990699083
single,10,solo,3,breakdown (temp),10,0.02,1115,143,1364,155,1095,130,30,30,0,True,0,0,1,1,20,1.0,0.0,1.0,0.39595802081748843,1.0,1,0,0,0,0,0.025023958005476743
single,10,solo,2,breakdown (temp),10,0.02,1141,151,1391,185,1118,134,30,30,0,True,0,0,1,2,23,2.0,0.0,2.0,4.5370829757303,2.0,2,0,0,0,0,0.031668584037106484
single,10,solo,8,breakdown (temp),10,0.02,1203,140,1456,167,1183,138,30,30,0,True,0,0,1,5,20,2.0,0.0,2.0,1.7844169633463025,5.0,2,0,0,0,0,0.01653583301231265
single,10,solo,5,breakdown (temp),10,0.02,1253,183,1505,190,1243,183,30,30,0,True,0,0,1,1,10,1.0,0.0,1.0,1.3277499820105731,1.0,1,0,0,0,0,0.035159749968443066
single,10,solo,7,breakdown (temp),10,0.02,1128,162,1372,192,1113,162,30,30,0,True,0,0,1,4,15,2.0,0.0,2.0,2.6710829697549343,4.0,2,0,0,0,0,0.03106658300384879
single,10,solo,6,breakdown (temp),10,0.02,1278,143,1505,166,1271,141,30,30,0,True,0,0,1,1,7,1.0,0.0,1.0,0.8762499783188105,1.0,1,0,0,0,0,0.03820166696095839
single,10,solo,9,breakdown (temp),10,0.02,1243,164,1510,193,1234,160,30,30,0,True,0,0,1,0,9,2.0,0.0,2.0,1.576750015374273,0.0,2,0,0,0,0,0.0237332500400953
single,10,solo,1,breakdown (temp),10,0.02,1341,157,1571,186,1328,157,30,30,0,True,0,0,1,1,13,1.0,0.0,1.0,0.4363330081105232,1.0,1,0,0,0,0,0.06222120800521225
single,10,full,2,breakdown (temp),10,0.02,1134,140,1387,174,1118,134,30,30,0,True,0,0,1,20,16,7.0,5.0,2.0,8.518084010574967,20.0,0,0,0,0,10,0.03381720802281052
single,10,full,5,breakdown (temp),10,0.02,1253,183,1509,190,1243,183,30,30,0,True,0,0,1,20,10,2.0,1.0,1.0,1.9476250163279474,20.0,0,0,0,0,10,0.033748416986782104
single,10,full,4,breakdown (temp),10,0.02,1130,162,1380,182,1110,162,30,30,0,True,0,0,1,20,20,7.0,5.0,2.0,12.8026669844985,20.0,0,0,0,0,10,0.0387441249913536
single,10,full,1,breakdown (temp),10,0.02,1349,157,1576,186,1328,157,30,30,0,True,0,0,1,20,21,5.0,4.0,1.0,4.552165977656841,20.0,0,0,0,0,10,0.05879170895786956
single,10,full,7,breakdown (temp),10,0.02,1131,166,1374,196,1113,162,30,30,0,True,0,0,1,20,18,5.0,3.0,2.0,12.410625000484288,20.0,0,0,0,0,10,0.031968874973244965
single,10,full,8,breakdown (temp),10,0.02,1200,138,1453,166,1183,138,30,30,0,True,0,0,1,20,17,5.0,3.0,2.0,4.274041973985732,20.0,0,0,0,0,10,0.019419999967794865
single,10,full,3,breakdown (temp),10,0.02,1107,135,1356,154,1095,130,30,30,0,True,0,0,1,20,12,5.0,4.0,1.0,6.105582986492664,20.0,0,0,0,0,10,0.04921829199884087
single,10,full,0,breakdown (temp),10,0.02,1160,165,1443,186,1144,165,30,30,0,True,0,0,1,20,16,8.0,7.0,1.0,21.5537499752827,20.0,0,0,0,0,10,0.0733610829920508
single,10,full,9,breakdown (temp),10,0.02,1245,164,1510,193,1234,160,30,30,0,True,0,0,1,20,11,4.0,2.0,2.0,7.886167033575475,20.0,0,0,0,0,10,0.02536404097918421
single,10,full,6,breakdown (temp),10,0.02,1272,143,1499,166,1271,141,30,30,0,True,0,0,1,20,1,5.0,4.0,1.0,6.017500010784715,20.0,0,0,0,0,10,0.05611495900666341
single,10,local,4,breakdown (perm),10,0.02,1095,184,1271,192,1110,162,30,30,0,True,0,0,1,63,-15,6.0,0.0,6.0,8.341250009834766,63.0,4,0,1,0,0,0.032326499989721924
single,10,local,0,breakdown (perm),10,0.02,1148,184,1375,200,1144,165,30,30,0,True,0,0,1,40,4,6.0,0.0,6.0,12.808708008378744,40.0,5,0,0,0,0,0.0471921669668518
single,10,local,7,breakdown (perm),10,0.02,1148,202,1358,229,1113,162,30,30,0,True,0,0,1,36,35,4.0,0.0,4.0,18.766499997582287,36.0,3,0,0,0,0,0.04170345905004069
single,10,local,8,breakdown (perm),10,0.02,1167,192,1356,204,1183,138,30,30,0,True,0,0,1,34,-16,5.0,0.0,5.0,7.129042001906782,34.0,4,0,0,0,0,0.026834333024453372
single,10,local,1,breakdown (perm),10,0.02,1304,169,1484,192,1328,157,30,30,0,True,0,0,1,15,-24,4.0,0.0,4.0,3.928749996703118,15.0,3,0,0,0,0,0.06225033296504989
single,10,local,5,breakdown (perm),10,0.02,1265,183,1461,217,1243,183,30,30,0,True,0,0,1,47,22,5.0,0.0,5.0,25.264125026296824,47.0,4,0,0,0,0,0.04924545803805813
single,10,local,3,breakdown (perm),10,0.02,1089,212,1288,232,1095,130,30,30,0,True,0,0,1,57,-6,8.0,0.0,8.0,42.61179198510945,57.0,7,0,0,0,0,0.08110037504229695
single,10,local,2,breakdown (perm),10,0.02,1133,244,1352,269,1118,134,30,30,0,True,0,0,1,41,15,5.0,0.0,5.0,63.55725001776591,41.0,4,0,0,0,0,0.08447287499438971
single,10,local,9,breakdown (perm),10,0.02,1242,249,1457,276,1234,160,30,30,0,True,0,0,1,43,8,6.0,0.0,6.0,28.027874999679625,43.0,4,1,0,0,0,0.04924016701988876
single,10,solo,3,breakdown (perm),10,0.02,1089,212,1288,232,1095,130,30,30,0,True,0,0,1,17,-6,8.0,0.0,8.0,8.01641697762534,17.0,7,0,0,0,0,0.03558216703822836
single,10,solo,0,breakdown (perm),10,0.02,1148,184,1375,200,1144,165,30,30,0,True,0,0,1,22,4,6.0,0.0,6.0,11.144959018565714,22.0,5,0,0,0,0,0.03807566699106246
single,10,solo,4,breakdown (perm),10,0.02,1100,184,1276,192,1110,162,30,30,0,True,0,0,1,27,-10,6.0,0.0,6.0,7.257749966811389,27.0,5,0,0,0,0,0.028425458003766835
single,10,solo,5,breakdown (perm),10,0.02,1265,183,1461,217,1243,183,30,30,0,True,0,0,1,9,22,5.0,0.0,5.0,7.293917005881667,9.0,4,0,0,0,0,0.051460167043842375
single,10,solo,8,breakdown (perm),10,0.02,1167,192,1356,204,1183,138,30,30,0,True,0,0,1,16,-16,5.0,0.0,5.0,10.886124975513667,16.0,4,0,0,0,0,0.03856645798077807
single,10,solo,1,breakdown (perm),10,0.02,1304,169,1484,192,1328,157,30,30,0,True,0,0,1,15,-24,4.0,0.0,4.0,10.399042046628892,15.0,3,0,0,0,0,0.0779473339789547
single,10,solo,7,breakdown (perm),10,0.02,1148,202,1358,229,1113,162,30,30,0,True,0,0,1,20,35,4.0,0.0,4.0,23.646958055905998,20.0,3,0,0,0,0,0.04449495900189504
single,10,solo,2,breakdown (perm),10,0.02,1133,244,1352,269,1118,134,30,30,0,True,0,0,1,17,15,5.0,0.0,5.0,60.11462502647191,17.0,4,0,0,0,0,0.0885741250240244
single,10,local,6,breakdown (perm),10,0.02,1237,186,1443,204,1271,141,30,30,0,True,0,0,1,61,-34,7.0,0.0,7.0,81.83595899026841,61.0,5,0,1,0,0,0.13763770903460681
single,10,solo,9,breakdown (perm),10,0.02,1243,249,1461,276,1234,160,30,30,0,True,0,0,1,25,9,6.0,0.0,6.0,26.00245800567791,25.0,5,0,0,0,0,0.04750816698651761
single,10,solo,6,breakdown (perm),10,0.02,1247,186,1453,210,1271,141,30,30,0,True,0,0,1,25,-24,7.0,0.0,7.0,46.52666696347296,25.0,6,0,0,0,0,0.07611958298366517
single,10,full,4,breakdown (perm),10,0.02,1090,184,1266,192,1110,162,30,30,0,True,0,0,1,36,-20,8.0,2.0,6.0,6.767124985344708,36.0,0,0,0,0,9,0.022312499990221113
single,10,full,3,breakdown (perm),10,0.02,1089,212,1288,232,1095,130,30,30,0,True,0,0,1,24,-6,8.0,0.0,8.0,12.50808301847428,24.0,0,0,0,0,9,0.033771000045817345
single,10,full,5,breakdown (perm),10,0.02,1258,183,1455,212,1243,183,30,30,0,True,0,0,1,24,15,9.0,4.0,5.0,9.523125016130507,24.0,0,0,0,0,9,0.03912695898907259
single,10,full,8,breakdown (perm),10,0.02,1161,190,1350,202,1183,138,30,30,0,True,0,0,1,28,-22,6.0,1.0,5.0,9.345375001430511,28.0,0,0,0,0,9,0.027048124989960343
single,10,full,2,breakdown (perm),10,0.02,1130,237,1350,262,1118,134,30,30,0,True,0,0,1,27,12,8.0,3.0,5.0,23.652000003494322,27.0,0,0,0,0,9,0.0608157500391826
single,10,full,6,breakdown (perm),10,0.02,1237,186,1441,204,1271,141,30,30,0,True,0,0,1,33,-34,9.0,2.0,7.0,21.37208398198709,33.0,0,0,0,0,9,0.059840333997271955
single,10,full,0,breakdown (perm),10,0.02,1146,180,1373,196,1144,165,30,30,0,True,0,0,1,33,2,9.0,3.0,6.0,18.438416998833418,33.0,0,0,0,0,9,0.08497091697063297
single,10,full,7,breakdown (perm),10,0.02,1148,202,1359,229,1113,162,30,30,0,True,0,0,1,33,35,8.0,4.0,4.0,33.35179097484797,33.0,0,0,0,0,9,0.05567245802376419
single,10,local,0,emergency,10,0.02,1211,194,1494,222,1144,165,31,31,0,True,0,0,1,11,67,1.0,0.0,1.0,3.5299579612910748,11.0,1,0,0,0,0,0.03470937500242144
single,10,local,2,emergency,10,0.02,1155,141,1405,170,1118,134,31,31,0,True,0,0,1,14,37,1.0,0.0,1.0,1.1728329700417817,14.0,1,0,0,0,0,0.029756208008620888
single,10,local,4,emergency,10,0.02,1160,173,1410,188,1110,162,31,31,0,True,0,0,1,2,50,1.0,0.0,1.0,0.6324159912765026,2.0,1,0,0,0,0,0.016812666959594935
single,10,full,9,breakdown (perm),10,0.02,1244,249,1459,276,1234,160,30,30,0,True,0,0,1,33,10,7.0,1.0,6.0,29.44862499134615,33.0,0,0,0,0,9,0.062378125032410026
single,10,local,3,emergency,10,0.02,1163,185,1412,222,1095,130,31,31,0,True,0,0,1,0,68,1.0,0.0,1.0,4.819374997168779,0.0,1,0,0,0,0,0.031613208004273474
single,10,local,8,emergency,10,0.02,1215,168,1468,190,1183,138,31,31,0,True,0,0,1,1,32,1.0,0.0,1.0,1.044207951053977,1.0,1,0,0,0,0,0.014826541999354959
single,10,full,1,breakdown (perm),10,0.02,1321,169,1496,192,1328,157,30,30,0,True,0,0,1,28,-7,9.0,5.0,4.0,55.161917000077665,28.0,0,0,0,0,9,0.12802987499162555
single,10,local,7,emergency,10,0.02,1139,162,1383,192,1113,162,31,31,0,True,0,0,1,1,26,1.0,0.0,1.0,1.9137909985147417,1.0,1,0,0,0,0,0.03539820900186896
single,10,local,9,emergency,10,0.02,1264,185,1531,214,1234,160,31,31,0,True,0,0,1,0,30,1.0,0.0,1.0,0.788999954238534,0.0,1,0,0,0,0,0.02727404097095132
single,10,local,1,emergency,10,0.02,1340,157,1570,186,1328,157,31,31,0,True,0,0,1,17,12,1.0,0.0,1.0,2.7960410225205123,17.0,1,0,0,0,0,0.07034150004619732
single,10,solo,0,emergency,10,0.02,1211,194,1494,222,1144,165,31,31,0,True,0,0,1,1,67,1.0,0.0,1.0,8.184082980733365,1.0,1,0,0,0,0,0.03251804201863706
single,10,solo,2,emergency,10,0.02,1155,141,1405,170,1118,134,31,31,0,True,0,0,1,2,37,1.0,0.0,1.0,1.1077499948441982,2.0,1,0,0,0,0,0.01899595803115517
single,10,solo,3,emergency,10,0.02,1163,185,1412,222,1095,130,31,31,0,True,0,0,1,0,68,1.0,0.0,1.0,1.4590410282835364,0.0,1,0,0,0,0,0.02565333404345438
single,10,solo,4,emergency,10,0.02,1160,173,1410,188,1110,162,31,31,0,True,0,0,1,2,50,1.0,0.0,1.0,1.4125410234555602,2.0,1,0,0,0,0,0.025447791966143996
single,10,solo,1,emergency,10,0.02,1340,157,1570,186,1328,157,31,31,0,True,0,0,1,1,12,1.0,0.0,1.0,0.6339999963529408,1.0,1,0,0,0,0,0.043397583009209484
single,10,local,6,emergency,10,0.02,1335,200,1562,223,1271,141,31,31,0,True,0,0,1,8,64,1.0,0.0,1.0,4.219209018629044,8.0,1,0,0,0,0,0.070983084035106
single,10,solo,7,emergency,10,0.02,1139,162,1383,192,1113,162,31,31,0,True,0,0,1,1,26,1.0,0.0,1.0,0.6991660338826478,1.0,1,0,0,0,0,0.020173750002868474
single,10,solo,8,emergency,10,0.02,1215,168,1468,190,1183,138,31,31,0,True,0,0,1,1,32,1.0,0.0,1.0,0.9623329970054328,1.0,1,0,0,0,0,0.02100825001252815
single,10,solo,9,emergency,10,0.02,1264,185,1531,214,1234,160,31,31,0,True,0,0,1,0,30,1.0,0.0,1.0,1.1563340085558593,0.0,1,0,0,0,0,0.02119762497022748
single,10,solo,6,emergency,10,0.02,1335,200,1562,223,1271,141,31,31,0,True,0,0,1,0,64,1.0,0.0,1.0,1.8039169954136014,0.0,1,0,0,0,0,0.0316805419861339
single,10,full,0,emergency,10,0.02,1209,188,1501,216,1144,165,31,31,0,True,0,0,1,20,65,4.0,3.0,1.0,3.8241249858401716,20.0,0,0,0,0,10,0.034331000002566725
single,10,full,2,emergency,10,0.02,1154,140,1404,169,1118,134,31,31,0,True,0,0,1,20,36,3.0,2.0,1.0,5.7461250107735395,20.0,0,0,0,0,10,0.029633167025167495
single,10,full,4,emergency,10,0.02,1160,173,1410,188,1110,162,31,31,0,True,0,0,1,20,50,2.0,1.0,1.0,1.591874985024333,20.0,0,0,0,0,10,0.02491691696923226
single,10,full,3,emergency,10,0.02,1164,185,1413,222,1095,130,31,31,0,True,0,0,1,20,69,10.0,9.0,1.0,13.900207995902747,20.0,0,0,0,0,10,0.03466341696912423
single,10,full,7,emergency,10,0.02,1139,162,1383,192,1113,162,31,31,0,True,0,0,1,20,26,1.0,0.0,1.0,4.220000002533197,20.0,0,0,0,0,10,0.0207163339946419
single,10,full,8,emergency,10,0.02,1218,168,1471,190,1183,138,31,31,0,True,0,0,1,20,35,4.0,3.0,1.0,4.08362498274073,20.0,0,0,0,0,10,0.017788500001188368
single,10,full,9,emergency,10,0.02,1264,185,1531,214,1234,160,31,31,0,True,0,0,1,20,30,3.0,2.0,1.0,1.7392909503541887,20.0,0,0,0,0,10,0.023283916991204023
single,10,solo,5,emergency,10,0.02,1295,183,1547,206,1243,183,31,31,0,True,0,0,1,2,52,1.0,0.0,1.0,19.66712501598522,2.0,1,0,0,0,0,0.10103699995670468
single,10,full,6,emergency,10,0.02,1333,198,1560,221,1271,141,31,31,0,True,0,0,1,20,62,10.0,9.0,1.0,17.470041988417506,20.0,0,0,0,0,10,0.046787708008196205
single,10,full,5,emergency,10,0.02,1296,185,1548,194,1243,183,31,31,0,True,0,0,1,20,53,8.0,7.0,1.0,38.36537501774728,20.0,0,0,0,0,10,0.07139654201455414
single,10,full,1,emergency,10,0.02,1338,157,1563,186,1328,157,31,31,0,True,0,0,1,20,10,4.0,3.0,1.0,2.775416010990739,20.0,0,0,0,0,10,0.08808429102646187
single,10,local,5,emergency,10,0.02,1295,183,1547,206,1243,183,31,31,0,True,0,0,1,78,52,1.0,0.0,1.0,276.73850004794076,78.0,1,0,0,0,0,0.3097499170107767
single,50,solo,5,breakdown (perm),50,0.02,748,40,49147,1003,6327,151,26,150,0,False,0,0,1,6067566,-5579,50.0,34.0,16.0,59785.05570767447,6067566.0,0,0,0,49,0,61.16312341700541
