sweep,x,strategy,seed,dtype,setting,comm_radius,n_agents,density,alter_penalty,soc,makespan,soc_total,steps,nominal_soc,nominal_makespan,tasks_done,tasks_total,tasks_lost,all_done,collisions,guard_hits,n_disruptions,messages,soc_overhead,throughput,completion,stalled,stuck_unreachable,stuck_deadlock,emergency_n,emergency_on_time,emergency_lateness,altered_mean,collateral_mean,direct_mean,repair_ms_mean,msgs_per_disruption,tier1,tier2,tier3,tier4,tier5,tier6,chained,wall_s
stress,44.0,local,2,mixed,crowd,6,44,0.03,3.0,5547,180,6508,201,5081,143,134,134,0,True,0,0,8,2527,466,0.7444444444444445,1.0,False,0,0,2.0,0.0,12.0,3.875,0.5,3.375,1243.3728643751465,315.875,21,10,0,0,0,0,0,10.918513915999938
stress,44.0,local,0,mixed,crowd,6,44,0.03,3.0,5548,202,6522,221,5040,156,134,134,0,True,0,0,8,5375,508,0.6633663366336634,1.0,False,0,0,2.0,0.5,13.0,7.625,3.125,4.5,2902.0246249999673,671.875,24,18,11,0,0,8,2,24.180777791999844
stress,44.0,local-flat,0,mixed,crowd,6,44,0.03,3.0,5502,202,6494,223,5040,156,134,134,0,True,0,0,8,2872,462,0.6633663366336634,1.0,False,0,0,2.0,0.5,14.5,4.75,0.875,3.875,1121.7621771249355,359.0,22,6,10,0,0,0,0,10.111249833999864
stress,44.0,local,3,mixed,crowd,6,44,0.03,3.0,5437,206,6328,222,4936,152,134,134,0,True,0,0,8,4476,501,0.6504854368932039,1.0,False,0,0,2.0,0.0,34.5,6.375,2.125,4.25,4821.588927124935,559.5,14,31,6,0,0,0,2,39.561905084000045
stress,44.0,local,5,mixed,crowd,6,44,0.03,3.0,5818,196,6749,206,4944,140,134,134,0,True,0,0,8,5907,874,0.6836734693877551,1.0,False,0,0,2.0,0.0,4.5,10.625,3.0,7.625,5106.340870000111,738.375,22,39,21,2,0,0,2,42.001030208999964
stress,44.0,local-flat,2,mixed,crowd,6,44,0.03,3.0,5547,180,6508,201,5081,143,134,134,0,True,0,0,8,1927,466,0.7444444444444445,1.0,False,0,0,2.0,0.0,12.0,3.875,0.5,3.375,620.4639683750202,240.875,21,10,0,0,0,0,0,5.974930458000017
stress,44.0,local,8,mixed,crowd,6,44,0.03,3.0,5652,177,6676,196,5015,148,134,134,0,True,0,0,8,6181,637,0.7570621468926554,1.0,False,0,0,2.0,0.0,19.5,6.5,1.25,5.25,6138.430161624967,772.625,27,10,15,0,0,0,1,50.2411797499999
stress,44.0,local,9,mixed,crowd,6,44,0.03,3.0,5428,191,6237,213,4916,151,134,134,0,True,0,0,8,7799,512,0.7015706806282722,1.0,False,0,0,2.0,0.0,10.0,8.625,4.125,4.5,4885.899900999959,974.875,25,24,18,2,0,0,2,39.95951887499996
stress,44.0,local,7,mixed,crowd,6,44,0.03,3.0,5797,226,6746,245,5474,157,134,134,0,True,0,0,8,5091,323,0.5929203539823009,1.0,False,0,0,2.0,0.0,20.5,6.5,1.625,4.875,6709.099484499973,636.375,21,23,7,0,0,0,1,55.09481024999968
stress,44.0,local-flat,3,mixed,crowd,6,44,0.03,3.0,5536,196,6415,214,4936,152,134,134,0,True,0,0,8,4764,600,0.6836734693877551,1.0,False,0,0,2.0,0.0,31.5,9.75,4.625,5.125,2474.5198175000382,595.5,20,38,20,1,0,0,0,20.839215500000137
stress,44.0,local,6,mixed,crowd,6,44,0.03,3.0,5421,182,6398,208,4991,158,134,134,0,True,0,0,8,6008,430,0.7362637362637363,1.0,False,0,0,2.0,0.0,21.5,9.0,5.25,3.75,7807.09964574993,751.0,15,37,14,1,0,5,1,63.324513833999845
stress,44.0,local-flat,7,mixed,crowd,6,44,0.03,3.0,5787,226,6755,245,5474,157,134,134,0,True,0,0,8,3670,313,0.5929203539823009,1.0,False,0,0,2.0,0.0,20.5,6.5,1.5,5.0,2365.9698176250004,458.75,24,22,5,0,0,0,0,20.868008375000045
stress,44.0,solo,0,mixed,crowd,6,44,0.03,3.0,5561,202,6554,223,5040,156,134,134,0,True,0,0,8,237,521,0.6633663366336634,1.0,False,0,0,2.0,0.5,14.5,3.625,0.0,3.625,43.43946874996618,29.625,29,0,0,0,0,0,0,1.4204981249999946
stress,44.0,local-flat,5,mixed,crowd,6,44,0.03,3.0,6058,217,7035,227,4944,140,134,134,0,True,0,0,8,5369,1114,0.6175115207373272,1.0,False,0,0,2.0,0.0,6.0,11.375,2.875,8.5,3247.1854843749384,671.125,29,39,22,0,0,0,0,27.249010250000083
stress,44.0,solo,2,mixed,crowd,6,44,0.03,3.0,5650,197,6618,219,5081,143,134,134,0,True,0,0,8,200,569,0.6802030456852792,1.0,False,0,0,2.0,0.0,30.0,3.25,0.0,3.25,20.78835437498583,25.0,26,0,0,0,0,0,0,1.1917615829997885
stress,44.0,local-flat,1,mixed,crowd,6,44,0.03,3.0,1594,60,8862,211,5098,150,46,134,0,False,0,0,8,1761649,-3504,0.7666666666666667,0.34328358208955223,True,0,42,2.0,0.0,0.0,13.625,5.875,7.875,5496.427159877214,220206.125,23,25,17,44,0,0,0,45.095013624999865
stress,44.0,local-flat,8,mixed,crowd,6,44,0.03,3.0,5675,177,6700,200,5015,148,134,134,0,True,0,0,8,4162,660,0.7570621468926554,1.0,False,0,0,2.0,0.0,21.5,6.125,0.875,5.25,2018.0859116251213,520.25,30,6,13,0,0,0,0,17.39646166700004
stress,44.0,local-flat,6,mixed,crowd,6,44,0.03,3.0,5583,185,6579,211,4991,158,134,134,0,True,0,0,8,4708,592,0.7243243243243244,1.0,False,0,0,2.0,0.0,14.0,8.125,4.5,3.625,3561.1041612498866,588.5,18,27,18,2,0,0,0,29.49564266699963
stress,44.0,local-flat,9,mixed,crowd,6,44,0.03,3.0,5619,190,6472,212,4916,151,134,134,0,True,0,0,8,5604,703,0.7052631578947368,1.0,False,0,0,2.0,0.0,19.5,8.125,3.875,4.25,2085.4116773750206,700.5,29,25,11,0,0,0,0,17.55953591699972
stress,44.0,solo,1,mixed,crowd,6,44,0.03,3.0,6906,257,7744,274,5098,150,134,134,0,True,0,0,8,1250,1808,0.5214007782101168,1.0,False,0,0,2.0,0.0,44.0,12.75,3.125,9.625,550.263989500138,156.25,95,4,0,1,0,0,0,5.314537332999862
stress,44.0,solo,7,mixed,crowd,6,44,0.03,3.0,5731,226,6703,245,5474,157,134,134,0,True,0,0,8,360,257,0.5929203539823009,1.0,False,0,0,2.0,0.0,33.5,5.0,0.0,5.0,66.36447925006905,45.0,39,0,0,0,0,0,0,2.0859247910002523
stress,44.0,solo,5,mixed,crowd,6,44,0.03,3.0,5849,202,6950,220,4944,140,134,134,0,True,0,0,8,775,905,0.6633663366336634,1.0,False,0,0,2.0,0.0,23.0,7.25,1.125,6.125,275.58050499999354,96.875,56,1,0,0,0,0,0,3.389966500000355
stress,44.0,solo,3,mixed,crowd,6,44,0.03,3.0,1278,52,8888,202,4936,152,37,134,0,False,0,0,8,1831064,-3658,0.7115384615384616,0.27611940298507465,True,0,44,2.0,0.0,0.0,7.75,4.5,3.5,995.969454878832,228883.0,18,0,0,46,0,0,0,8.988366166000105
stress,44.0,solo,6,mixed,crowd,6,44,0.03,3.0,37,16,7260,165,4991,158,3,134,0,False,0,0,8,1978910,-4954,0.1875,0.022388059701492536,True,0,44,2.0,0.0,0.0,6.25,5.0,1.625,1206.2255371287733,247363.75,6,0,0,47,0,0,0,10.654083249999985
stress,44.0,solo,9,mixed,crowd,6,44,0.03,3.0,316,28,7788,177,4916,151,16,134,0,False,0,0,8,1859171,-4600,0.5714285714285714,0.11940298507462686,True,0,44,2.0,0.0,0.0,6.375,4.75,1.875,1136.006781377091,232396.375,7,0,0,46,0,0,0,10.008508207999967
stress,44.0,full,0,mixed,crowd,6,44,0.03,3.0,5586,182,6603,214,5040,156,134,134,0,True,0,0,8,668,546,0.7362637362637363,1.0,False,0,0,2.0,0.5,9.0,28.5,24.125,4.375,1045.6729583749507,83.5,12,0,0,0,220,0,0,9.477606958000251
stress,44.0,solo,8,mixed,crowd,6,44,0.03,3.0,2529,76,9944,226,5015,148,73,134,0,False,0,0,8,1833055,-2486,0.9605263157894737,0.5447761194029851,True,0,44,2.0,0.0,0.0,9.75,4.75,5.25,1413.0211207488514,229131.875,34,0,0,46,0,0,0,12.6319780419999
stress,44.0,full,1,mixed,crowd,6,44,0.03,3.0,5608,181,6423,189,5098,150,134,134,0,True,0,0,8,907,510,0.7403314917127072,1.0,False,0,0,2.0,1.0,0.0,30.625,23.0,7.625,868.3744896248982,113.375,30,0,0,0,216,0,0,7.825151750000259
stress,44.0,solo,4,mixed,crowd,6,44,0.03,3.0,20,20,7436,169,5165,150,1,134,0,False,0,0,8,2038217,-5145,0.05,0.007462686567164179,True,0,44,2.0,0.0,0.0,8.375,4.75,4.0,1896.3082161235434,254777.125,23,0,0,47,0,0,0,16.570971666999867
stress,44.0,full,2,mixed,crowd,6,44,0.03,3.0,5465,192,6460,214,5081,143,134,134,0,True,0,0,8,589,384,0.6979166666666666,1.0,False,0,0,2.0,0.5,17.0,13.125,10.375,2.75,633.6845154999651,73.625,18,0,0,0,88,0,0,5.999319958000342
stress,44.0,full,3,mixed,crowd,6,44,0.03,3.0,5661,164,6610,178,4936,152,134,134,0,True,0,0,8,1043,725,0.8170731707317073,1.0,False,0,0,2.0,0.5,1.5,31.625,27.75,3.875,972.9277656250588,130.375,40,1,0,0,220,0,0,8.79927270799999
stress,44.0,full,8,mixed,crowd,6,44,0.03,3.0,5727,171,6702,190,5015,148,134,134,0,True,0,0,8,806,712,0.783625730994152,1.0,False,0,0,2.0,0.5,14.0,14.875,9.625,5.25,607.6688333749871,100.75,36,0,0,0,88,0,0,6.091381958000056
stress,44.0,full,6,mixed,crowd,6,44,0.03,3.0,5404,160,6506,186,4991,158,134,134,0,True,0,0,8,704,413,0.8375,1.0,False,0,0,2.0,1.0,0.0,42.375,38.5,3.875,914.8496565000528,88.0,0,0,0,0,352,0,0,8.266554499999984
stress,40.0,local,0,blockage (perm),unsafe-single,6,40,0.02,3.0,5304,177,6198,184,5294,165,120,120,0,True,0,0,1,24,10,0.6779661016949152,1.0,False,0,0,,,,4.0,1.0,3.0,8.683042000029673,24.0,2,2,0,0,0,0,0,0.9852500000001783
stress,40.0,local,2,blockage (perm),unsafe-single,6,40,0.02,3.0,5190,171,6317,203,5094,159,120,120,0,True,0,0,1,793,96,0.7017543859649122,1.0,False,0,0,,,,15.0,2.0,13.0,1614.400915999795,793.0,10,1,4,0,0,0,1,2.4217778750003163
stress,40.0,local,1,blockage (perm),unsafe-single,6,40,0.02,3.0,5460,183,6599,206,5456,183,120,120,0,True,0,0,1,685,4,0.6557377049180327,1.0,False,0,0,,,,11.0,0.0,11.0,1823.7833330003923,685.0,10,1,0,0,0,0,0,2.908824999999979
stress,44.0,full,7,mixed,crowd,6,44,0.03,3.0,5751,204,6645,223,5474,157,134,134,0,True,0,0,8,838,277,0.6568627450980392,1.0,False,0,0,2.0,0.5,6.0,24.375,19.5,4.875,1207.990432375027,104.75,24,1,0,0,172,0,0,11.156241874999978
stress,44.0,full,5,mixed,crowd,6,44,0.03,3.0,5891,201,6761,233,4944,140,134,134,0,True,0,0,8,613,947,0.6666666666666666,1.0,False,0,0,2.0,0.5,10.5,26.875,19.5,7.5,1517.2604846250692,76.625,3,0,0,0,219,0,0,13.376416458000222
stress,44.0,local-flat,4,mixed,crowd,6,44,0.03,3.0,6101,217,7107,247,5165,150,134,134,0,True,0,0,8,5332,936,0.6175115207373272,1.0,False,0,0,2.0,0.0,20.0,9.375,4.625,4.75,7777.585333499928,666.5,24,34,17,0,0,0,0,63.46389770799988
stress,40.0,local,5,blockage (perm),unsafe-single,6,40,0.02,3.0,5170,176,6255,204,5105,176,120,120,0,True,0,0,1,758,65,0.6818181818181818,1.0,False,0,0,,,,15.0,3.0,12.0,2003.9337079997495,758.0,9,2,4,0,0,0,0,2.9907530000000406
stress,40.0,local,7,blockage (perm),unsafe-single,6,40,0.02,3.0,5389,199,6424,216,5378,199,120,120,0,True,0,0,1,250,11,0.6030150753768844,1.0,False,0,0,,,,5.0,0.0,5.0,140.8268750001298,250.0,5,0,0,0,0,0,0,1.1817272090002007
stress,40.0,local,6,blockage (perm),unsafe-single,6,40,0.02,3.0,5042,186,6048,208,5009,186,120,120,0,True,0,0,1,508,33,0.6451612903225806,1.0,False,0,0,,,,6.0,0.0,6.0,898.0818340000951,508.0,6,0,0,0,0,0,0,1.537138374999813
stress,40.0,local,8,blockage (perm),unsafe-single,6,40,0.02,3.0,5070,175,6170,198,5062,175,120,120,0,True,0,0,1,77,8,0.6857142857142857,1.0,False,0,0,,,,7.0,0.0,7.0,17.024792000029265,77.0,7,0,0,0,0,0,0,0.8920582920000015
stress,40.0,local-flat,0,blockage (perm),unsafe-single,6,40,0.02,3.0,5304,177,6198,184,5294,165,120,120,0,True,0,0,1,24,10,0.6779661016949152,1.0,False,0,0,,,,4.0,1.0,3.0,13.357249999899068,24.0,2,2,0,0,0,0,0,0.8858048750003036
stress,40.0,local-flat,1,blockage (perm),unsafe-single,6,40,0.02,3.0,5460,183,6599,206,5456,183,120,120,0,True,0,0,1,511,4,0.6557377049180327,1.0,False,0,0,,,,11.0,0.0,11.0,694.1567919998306,511.0,10,1,0,0,0,0,0,1.6153799170001548
stress,40.0,local,9,blockage (perm),unsafe-single,6,40,0.02,3.0,5259,205,6344,220,5156,176,120,120,0,True,0,0,1,493,103,0.5853658536585366,1.0,False,0,0,,,,10.0,0.0,10.0,1708.4244170000602,493.0,9,1,0,0,0,0,0,2.4150854159997834
stress,40.0,local-flat,2,blockage (perm),unsafe-single,6,40,0.02,3.0,5204,171,6324,201,5094,159,120,120,0,True,0,0,1,871,110,0.7017543859649122,1.0,False,0,0,,,,15.0,2.0,13.0,1440.2860420000252,871.0,11,0,4,0,0,0,0,2.091011458000139
stress,40.0,local-flat,5,blockage (perm),unsafe-single,6,40,0.02,3.0,5170,176,6255,204,5105,176,120,120,0,True,0,0,1,722,65,0.6818181818181818,1.0,False,0,0,,,,15.0,3.0,12.0,1502.4316249996446,722.0,9,2,4,0,0,0,0,2.322663916000238
stress,40.0,local-flat,6,blockage (perm),unsafe-single,6,40,0.02,3.0,5042,186,6048,208,5009,186,120,120,0,True,0,0,1,486,33,0.6451612903225806,1.0,False,0,0,,,,6.0,0.0,6.0,507.8278330001922,486.0,6,0,0,0,0,0,0,1.1270095410000067
stress,44.0,full,9,mixed,crowd,6,44,0.03,3.0,5414,182,6367,193,4916,151,134,134,0,True,0,0,8,658,498,0.7362637362637363,1.0,False,0,0,2.0,1.0,0.0,27.625,23.75,3.875,1779.5702861249083,82.25,9,0,0,0,220,0,0,15.271942249999938
stress,40.0,local-flat,8,blockage (perm),unsafe-single,6,40,0.02,3.0,5070,175,6170,198,5062,175,120,120,0,True,0,0,1,77,8,0.6857142857142857,1.0,False,0,0,,,,7.0,0.0,7.0,19.468791999770474,77.0,7,0,0,0,0,0,0,0.8363905000001068
stress,40.0,local-flat,7,blockage (perm),unsafe-single,6,40,0.02,3.0,5389,199,6424,216,5378,199,120,120,0,True,0,0,1,194,11,0.6030150753768844,1.0,False,0,0,,,,5.0,0.0,5.0,58.54629200030104,194.0,5,0,0,0,0,0,0,1.2821701670000039
stress,40.0,solo,0,blockage (perm),unsafe-single,6,40,0.02,3.0,5308,177,6206,184,5294,165,120,120,0,True,0,0,1,12,14,0.6779661016949152,1.0,False,0,0,,,,3.0,0.0,3.0,6.843250000201806,12.0,3,0,0,0,0,0,0,0.9256034999998519
stress,40.0,solo,1,blockage (perm),unsafe-single,6,40,0.02,3.0,5457,183,6603,206,5456,183,120,120,0,True,0,0,1,55,1,0.6557377049180327,1.0,False,0,0,,,,11.0,0.0,11.0,73.13391699972271,55.0,11,0,0,0,0,0,0,1.3288758329999837
stress,40.0,local-flat,9,blockage (perm),unsafe-single,6,40,0.02,3.0,5259,205,6344,220,5156,176,120,120,0,True,0,0,1,403,103,0.5853658536585366,1.0,False,0,0,,,,10.0,0.0,10.0,1586.196457999904,403.0,9,1,0,0,0,0,0,2.429574541999955
stress,40.0,solo,2,blockage (perm),unsafe-single,6,40,0.02,3.0,5206,171,6349,201,5094,159,120,120,0,True,0,0,1,95,112,0.7017543859649122,1.0,False,0,0,,,,13.0,0.0,13.0,201.73995799996192,95.0,13,0,0,0,0,0,0,1.0501665840001806
stress,40.0,solo,3,blockage (perm),unsafe-single,6,40,0.02,3.0,5087,164,6175,193,4932,154,120,120,0,True,0,0,1,104,155,0.7317073170731707,1.0,False,0,0,,,,19.0,0.0,19.0,526.1146249999911,104.0,19,0,0,0,0,0,0,1.121492125000259
stress,40.0,solo,4,blockage (perm),unsafe-single,6,40,0.02,3.0,5324,213,6726,368,5163,180,117,120,0,False,0,0,1,169,161,0.5492957746478874,0.975,True,1,0,,,,26.0,6.0,20.0,1164.31712400572,169.0,25,0,0,1,0,0,0,2.0487538329998642
stress,40.0,solo,5,blockage (perm),unsafe-single,6,40,0.02,3.0,5311,191,6443,219,5105,176,120,120,0,True,0,0,1,432,206,0.6282722513089005,1.0,False,0,0,,,,30.0,18.0,12.0,1516.6342490006173,432.0,29,1,0,0,0,0,0,2.4519332079999003
stress,40.0,solo,6,blockage (perm),unsafe-single,6,40,0.02,3.0,5042,186,6048,208,5009,186,120,120,0,True,0,0,1,34,33,0.6451612903225806,1.0,False,0,0,,,,6.0,0.0,6.0,9.884457999760343,34.0,6,0,0,0,0,0,0,0.6913696670003446
stress,40.0,solo,7,blockage (perm),unsafe-single,6,40,0.02,3.0,5389,199,6424,216,5378,199,120,120,0,True,0,0,1,28,11,0.6030150753768844,1.0,False,0,0,,,,5.0,0.0,5.0,10.705791000418685,28.0,5,0,0,0,0,0,0,1.0896289160000379
stress,40.0,solo,8,blockage (perm),unsafe-single,6,40,0.02,3.0,5070,175,6170,198,5062,175,120,120,0,True,0,0,1,23,8,0.6857142857142857,1.0,False,0,0,,,,7.0,0.0,7.0,8.636667000246234,23.0,7,0,0,0,0,0,0,1.0060909590001756
stress,40.0,solo,9,blockage (perm),unsafe-single,6,40,0.02,3.0,5263,203,6348,226,5156,176,120,120,0,True,0,0,1,42,107,0.5911330049261084,1.0,False,0,0,,,,10.0,0.0,10.0,101.92700000015975,42.0,10,0,0,0,0,0,0,0.7200070829999277
stress,40.0,full,0,blockage (perm),unsafe-single,6,40,0.02,3.0,5296,175,6190,184,5294,165,120,120,0,True,0,0,1,80,2,0.6857142857142857,1.0,False,0,0,,,,24.0,21.0,3.0,24.82458400027099,80.0,0,0,0,0,40,0,0,0.7469657080000616
stress,40.0,full,1,blockage (perm),unsafe-single,6,40,0.02,3.0,5511,183,6666,206,5456,183,120,120,0,True,0,0,1,80,55,0.6557377049180327,1.0,False,0,0,,,,37.0,26.0,11.0,376.340374999927,80.0,0,0,0,0,40,0,0,1.2391894590000447
stress,40.0,full,2,blockage (perm),unsafe-single,6,40,0.02,3.0,5257,174,6340,197,5094,159,120,120,0,True,0,0,1,80,163,0.6896551724137931,1.0,False,0,0,,,,40.0,27.0,13.0,701.8436250000377,80.0,0,0,0,0,40,0,0,1.305229000000054
stress,40.0,full,3,blockage (perm),unsafe-single,6,40,0.02,3.0,5111,154,6218,180,4932,154,120,120,0,True,0,0,1,80,179,0.7792207792207793,1.0,False,0,0,,,,36.0,17.0,19.0,1084.7516250000808,80.0,0,0,0,0,40,0,0,1.5642405829999007
stress,40.0,local-flat,3,blockage (perm),unsafe-single,6,40,0.02,3.0,5059,164,6141,193,4932,154,120,120,0,True,0,0,1,1687,127,0.7317073170731707,1.0,False,0,0,,,,22.0,3.0,19.0,15430.413499999759,1687.0,15,1,6,0,0,0,0,16.00107458299999
stress,40.0,full,6,blockage (perm),unsafe-single,6,40,0.02,3.0,5091,186,6141,208,5009,186,120,120,0,True,0,0,1,80,82,0.6451612903225806,1.0,False,0,0,,,,34.0,28.0,6.0,117.87683300008212,80.0,0,0,0,0,40,0,0,0.6237519589999465
stress,40.0,full,5,blockage (perm),unsafe-single,6,40,0.02,3.0,5192,176,6259,204,5105,176,120,120,0,True,0,0,1,80,87,0.6818181818181818,1.0,False,0,0,,,,39.0,27.0,12.0,292.4984169999334,80.0,0,0,0,0,40,0,0,1.1212461249997432
stress,40.0,full,7,blockage (perm),unsafe-single,6,40,0.02,3.0,5375,199,6448,216,5378,199,120,120,0,True,0,0,1,80,-3,0.6030150753768844,1.0,False,0,0,,,,25.0,20.0,5.0,28.931916000146884,80.0,0,0,0,0,40,0,0,0.9481316249998599
stress,40.0,full,4,blockage (perm),unsafe-single,6,40,0.02,3.0,5285,212,6673,367,5163,180,117,120,0,False,0,0,1,241,122,0.5518867924528302,0.975,True,1,0,,,,27.0,7.0,20.0,2415.3806989997975,241.0,24,2,0,1,0,0,0,3.0889898749996973
stress,40.0,full,8,blockage (perm),unsafe-single,6,40,0.02,3.0,5064,175,6191,198,5062,175,120,120,0,True,0,0,1,80,2,0.6857142857142857,1.0,False,0,0,,,,34.0,27.0,7.0,25.42483400020501,80.0,0,0,0,0,40,0,0,0.6158196660003341
stress,40.0,full,9,blockage (perm),unsafe-single,6,40,0.02,3.0,5194,189,6292,204,5156,176,120,120,0,True,0,0,1,80,38,0.6349206349206349,1.0,False,0,0,,,,37.0,27.0,10.0,115.15675000009651,80.0,0,0,0,0,40,0,0,0.6424973749999481
stress,40.0,local-flat,4,blockage (perm),unsafe-single,6,40,0.02,3.0,5268,210,6663,365,5163,180,117,120,0,False,0,0,1,2467,105,0.5571428571428572,0.975,True,1,0,,,,29.0,9.0,20.0,18946.646997994776,2467.0,20,2,6,1,0,0,0,19.6322386249999
stress,40.0,local,3,blockage (perm),unsafe-single,6,40,0.02,3.0,5059,164,6141,193,4932,154,120,120,0,True,0,0,1,2051,127,0.7317073170731707,1.0,False,0,0,,,,22.0,3.0,19.0,27852.644957999928,2051.0,15,1,6,0,0,0,0,28.388356541999656
stress,40.0,local,3,breakdown (perm),unsafe-single,6,40,0.02,3.0,4976,175,5947,190,4932,154,120,120,0,True,0,0,1,988,44,0.6857142857142857,1.0,False,0,0,,,,12.0,1.0,11.0,2544.140416999653,988.0,8,3,0,0,0,0,0,3.003430750000007
stress,40.0,local,5,breakdown (perm),unsafe-single,6,40,0.02,3.0,5178,257,6269,288,5105,176,120,120,0,True,0,0,1,881,73,0.4669260700389105,1.0,False,0,0,,,,23.0,4.0,19.0,3989.2198339998686,881.0,13,4,5,0,0,0,0,4.8685741670001335
stress,40.0,local,1,breakdown (perm),unsafe-single,6,40,0.02,3.0,5720,216,6758,243,5456,183,120,120,0,True,0,0,1,2494,264,0.5555555555555556,1.0,False,0,0,,,,32.0,17.0,15.0,15118.592291999903,2494.0,20,3,7,1,0,0,0,15.871141041999635
stress,44.0,local,1,mixed,crowd,6,44,0.03,3.0,6161,217,6854,233,5098,150,134,134,0,True,0,0,8,15155,1063,0.6175115207373272,1.0,False,0,0,2.0,0.0,20.0,17.5,7.875,9.625,18637.27661974991,1894.375,51,57,28,2,0,0,5,150.00387708300013
stress,40.0,local,4,blockage (perm),unsafe-single,6,40,0.02,3.0,5264,210,6664,365,5163,180,117,120,0,False,0,0,1,2950,101,0.5571428571428572,0.975,True,1,0,,,,29.0,9.0,20.0,42808.57867200393,2950.0,20,4,4,1,0,0,0,43.64152895799998
stress,40.0,local,8,breakdown (perm),unsafe-single,6,40,0.02,3.0,5102,201,6121,224,5062,175,120,120,0,True,0,0,1,416,40,0.5970149253731343,1.0,False,0,0,,,,11.0,0.0,11.0,389.9107500001264,416.0,10,0,0,0,0,0,0,1.0638830409998263
stress,40.0,local,6,breakdown (perm),unsafe-single,6,40,0.02,3.0,5120,213,6046,225,5009,186,120,120,0,True,0,0,1,1737,111,0.5633802816901409,1.0,False,0,0,,,,16.0,1.0,15.0,12554.345749999811,1737.0,12,1,2,0,0,0,0,13.08800329199994
stress,40.0,local,9,breakdown (perm),unsafe-single,6,40,0.02,3.0,5167,176,6187,204,5156,176,120,120,0,True,0,0,1,1059,11,0.6818181818181818,1.0,False,0,0,,,,10.0,1.0,9.0,5852.560249999897,1059.0,7,0,2,0,0,0,0,6.498435458000131
stress,40.0,local,4,breakdown (perm),unsafe-single,6,40,0.02,3.0,5154,234,6563,409,5163,180,117,120,0,False,0,0,1,59718,-9,0.5,0.975,True,1,0,,,,31.0,11.0,20.0,21856.387751997772,59718.0,19,4,6,1,0,0,0,22.609979833000125
stress,40.0,local-flat,3,breakdown (perm),unsafe-single,6,40,0.02,3.0,4976,175,5947,190,4932,154,120,120,0,True,0,0,1,884,44,0.6857142857142857,1.0,False,0,0,,,,12.0,1.0,11.0,1376.819625999815,884.0,8,3,0,0,0,0,0,1.8480980419999469
stress,40.0,local-flat,1,breakdown (perm),unsafe-single,6,40,0.02,3.0,5711,213,6751,239,5456,183,120,120,0,True,0,0,1,2133,255,0.5633802816901409,1.0,False,0,0,,,,32.0,17.0,15.0,8450.612541000282,2133.0,21,3,6,1,0,0,0,9.163116249999803
stress,40.0,local-flat,5,breakdown (perm),unsafe-single,6,40,0.02,3.0,5178,257,6269,288,5105,176,120,120,0,True,0,0,1,873,73,0.4669260700389105,1.0,False,0,0,,,,23.0,4.0,19.0,2940.153874999851,873.0,13,4,5,0,0,0,0,3.700165833000028
stress,40.0,local-flat,4,breakdown (perm),unsafe-single,6,40,0.02,3.0,5140,234,6551,409,5163,180,117,120,0,False,0,0,1,58131,-23,0.5,0.975,True,1,0,,,,31.0,11.0,20.0,12540.689964998819,58131.0,18,5,6,1,0,0,0,13.115997750000133
stress,40.0,local-flat,6,breakdown (perm),unsafe-single,6,40,0.02,3.0,5120,213,6046,225,5009,186,120,120,0,True,0,0,1,1383,111,0.5633802816901409,1.0,False,0,0,,,,16.0,1.0,15.0,6439.156500000081,1383.0,12,1,2,0,0,0,0,6.894608916999914
stress,40.0,local-flat,8,breakdown (perm),unsafe-single,6,40,0.02,3.0,5102,201,6121,224,5062,175,120,120,0,True,0,0,1,410,40,0.5970149253731343,1.0,False,0,0,,,,11.0,0.0,11.0,380.1802499997393,410.0,10,0,0,0,0,0,0,0.9894980409999334
stress,40.0,local-flat,9,breakdown (perm),unsafe-single,6,40,0.02,3.0,5167,176,6187,204,5156,176,120,120,0,True,0,0,1,843,11,0.6818181818181818,1.0,False,0,0,,,,10.0,1.0,9.0,3401.937000000089,843.0,7,0,2,0,0,0,0,4.000009874999705
stress,40.0,local,7,breakdown (perm),unsafe-single,6,40,0.02,3.0,5239,238,7529,399,5378,199,112,120,0,False,0,0,1,195476,-139,0.47058823529411764,0.9333333333333333,True,1,3,,,,36.0,21.0,15.0,38361.76677498543,195476.0,26,3,2,4,0,0,0,39.29254733300013
stress,40.0,solo,1,breakdown (perm),unsafe-single,6,40,0.02,3.0,5812,214,6894,243,5456,183,120,120,0,True,0,0,1,349,356,0.5607476635514018,1.0,False,0,0,,,,35.0,20.0,15.0,1308.8167510004496,349.0,32,1,1,0,0,0,0,2.0946251250002206
stress,40.0,local-flat,7,breakdown (perm),unsafe-single,6,40,0.02,3.0,5216,234,7478,395,5378,199,112,120,0,False,0,0,1,187676,-162,0.47863247863247865,0.9333333333333333,True,1,3,,,,36.0,21.0,15.0,15843.265448001148,187676.0,23,4,4,4,0,0,0,16.712251666000157
stress,40.0,solo,3,breakdown (perm),unsafe-single,6,40,0.02,3.0,4990,173,5957,188,4932,154,120,120,0,True,0,0,1,201,58,0.6936416184971098,1.0,False,0,0,,,,11.0,0.0,11.0,307.69458299982944,201.0,10,0,0,0,0,0,0,0.9179284159999952
stress,40.0,solo,4,breakdown (perm),unsafe-single,6,40,0.02,3.0,5167,229,6601,404,5163,180,117,120,0,False,0,0,1,55374,4,0.5109170305676856,0.975,True,1,0,,,,28.0,8.0,20.0,1521.9931250026093,55374.0,26,0,0,1,0,0,0,2.162407540999993
stress,40.0,solo,5,breakdown (perm),unsafe-single,6,40,0.02,3.0,5199,254,6299,285,5105,176,120,120,0,True,0,0,1,104,94,0.47244094488188976,1.0,False,0,0,,,,19.0,0.0,19.0,293.70683300021483,104.0,18,0,0,0,0,0,0,1.241398625000329
stress,40.0,solo,6,breakdown (perm),unsafe-single,6,40,0.02,3.0,5136,213,6060,225,5009,186,120,120,0,True,0,0,1,133,127,0.5633802816901409,1.0,False,0,0,,,,15.0,0.0,15.0,212.62320900041232,133.0,14,0,0,0,0,0,0,0.7462962499998866
stress,40.0,solo,7,breakdown (perm),unsafe-single,6,40,0.02,3.0,5321,238,7623,399,5378,199,112,120,0,False,0,0,1,185646,-57,0.47058823529411764,0.9333333333333333,True,1,3,,,,36.0,21.0,15.0,15560.579223993045,185646.0,31,0,0,4,0,0,0,16.560193583
stress,40.0,solo,8,breakdown (perm),unsafe-single,6,40,0.02,3.0,5102,201,6121,224,5062,175,120,120,0,True,0,0,1,92,40,0.5970149253731343,1.0,False,0,0,,,,11.0,0.0,11.0,81.31412500006263,92.0,10,0,0,0,0,0,0,0.6933607089999896
stress,40.0,solo,9,breakdown (perm),unsafe-single,6,40,0.02,3.0,5171,176,6191,204,5156,176,120,120,0,True,0,0,1,54,15,0.6818181818181818,1.0,False,0,0,,,,9.0,0.0,9.0,175.16420899983132,54.0,8,0,0,0,0,0,0,0.7395318330000009
stress,44.0,local,4,mixed,crowd,6,44,0.03,3.0,6073,219,7057,249,5165,150,134,134,0,True,0,0,8,9088,908,0.6118721461187214,1.0,False,0,0,2.0,0.0,17.0,8.875,4.375,4.5,26688.366489625027,1136.0,31,23,11,1,0,8,2,214.69652079199977
stress,40.0,full,1,breakdown (perm),unsafe-single,6,40,0.02,3.0,5619,199,6660,228,5456,183,120,120,0,True,0,0,1,100,163,0.6030150753768844,1.0,False,0,0,,,,40.0,25.0,15.0,362.63370899996517,100.0,0,0,0,0,39,0,0,1.1149454579999656
stress,40.0,local-flat,0,breakdown (perm),unsafe-single,6,40,0.02,3.0,5000,216,7334,387,5294,165,108,120,0,False,0,0,1,220031,-294,0.5,0.9,True,1,3,,,,40.0,19.0,21.0,67238.08718299278,220031.0,22,3,10,4,0,0,0,67.90269083400017
stress,40.0,full,3,breakdown (perm),unsafe-single,6,40,0.02,3.0,4998,176,5920,191,4932,154,120,120,0,True,0,0,1,108,66,0.6818181818181818,1.0,False,0,0,,,,40.0,29.0,11.0,310.07208300025013,108.0,0,0,0,0,39,0,0,0.7795837920002668
stress,40.0,full,4,breakdown (perm),unsafe-single,6,40,0.02,3.0,5148,226,6570,401,5163,180,117,120,0,False,0,0,1,54495,-15,0.5176991150442478,0.975,True,1,0,,,,28.0,8.0,20.0,1697.1052219992089,54495.0,26,0,0,1,0,0,0,2.302196874999936
stress,40.0,full,5,breakdown (perm),unsafe-single,6,40,0.02,3.0,5011,233,6070,264,5105,176,120,120,0,True,0,0,1,88,-94,0.5150214592274678,1.0,False,0,0,,,,39.0,20.0,19.0,187.4433749999298,88.0,0,0,0,0,39,0,0,0.9506587910000235
stress,40.0,full,6,breakdown (perm),unsafe-single,6,40,0.02,3.0,5121,218,6034,230,5009,186,120,120,0,True,0,0,1,123,112,0.5504587155963303,1.0,False,0,0,,,,40.0,25.0,15.0,1047.3794999998063,123.0,0,0,0,0,39,0,0,1.5418513330000678
stress,40.0,solo,0,breakdown (perm),unsafe-single,6,40,0.02,3.0,5122,215,7475,386,5294,165,108,120,0,False,0,0,1,216708,-172,0.5023255813953489,0.9,True,1,3,,,,37.0,16.0,21.0,51835.51514800547,216708.0,32,0,0,4,0,0,0,52.4745025000002
stress,40.0,full,8,breakdown (perm),unsafe-single,6,40,0.02,3.0,5103,175,6123,198,5062,175,120,120,0,True,0,0,1,108,41,0.6857142857142857,1.0,False,0,0,,,,39.0,28.0,11.0,248.66695800028538,108.0,0,0,0,0,39,0,0,0.9208844580002733
stress,40.0,full,9,breakdown (perm),unsafe-single,6,40,0.02,3.0,5142,176,6172,204,5156,176,120,120,0,True,0,0,1,99,-14,0.6818181818181818,1.0,False,0,0,,,,36.0,27.0,9.0,263.4659999998803,99.0,0,0,0,0,39,0,0,0.8712626249998721
stress,44.0,full,4,mixed,crowd,6,44,0.03,3.0,6216,191,7261,204,5165,150,134,134,0,True,0,0,8,87514,1051,0.7015706806282722,1.0,False,0,0,2.0,1.0,0.0,39.875,35.75,4.125,17362.98146975082,10939.25,60,4,1,2,264,0,0,140.16381012500005
stress,40.0,full,7,breakdown (perm),unsafe-single,6,40,0.02,3.0,5265,236,7537,397,5378,199,112,120,0,False,0,0,1,184662,-113,0.4745762711864407,0.9333333333333333,True,1,3,,,,36.0,21.0,15.0,14089.129617988874,184662.0,31,0,0,4,0,0,0,15.08374591699976
stress,40.0,local,0,mixed,crowd,6,40,0.03,3.0,4898,192,5669,210,4424,142,122,122,0,True,0,0,8,1757,474,0.6354166666666666,1.0,False,0,0,2.0,0.0,18.5,4.875,2.25,2.625,1390.7935103749764,219.625,8,26,5,0,0,0,2,12.007592583999667
stress,40.0,local,0,breakdown (perm),unsafe-single,6,40,0.02,3.0,5012,202,7303,375,5294,165,108,120,0,False,0,0,1,224202,-282,0.5346534653465347,0.9,True,1,3,,,,40.0,19.0,21.0,117656.11708999495,224202.0,22,4,9,4,0,0,0,118.27775012500024
stress,40.0,local-flat,2,breakdown (perm),unsafe-single,6,40,0.02,3.0,4806,198,7611,376,5094,159,103,120,0,False,0,0,1,302933,-288,0.5202020202020202,0.8583333333333333,True,1,4,,,,39.0,24.0,15.0,92479.72385900811,302933.0,19,5,9,5,0,0,0,93.04378887500025
stress,40.0,local,2,mixed,crowd,6,40,0.03,3.0,4775,211,5610,233,4542,142,122,122,0,True,0,0,8,2602,233,0.5781990521327014,1.0,False,0,0,2.0,0.0,23.0,5.125,1.0,4.125,1201.7547501250192,325.25,24,7,10,0,0,0,2,10.873869583000214
stress,40.0,full,0,breakdown (perm),unsafe-single,6,40,0.02,3.0,5066,217,7399,381,5294,165,108,120,0,False,0,0,1,214138,-228,0.4976958525345622,0.9,True,1,3,,,,37.0,16.0,21.0,53032.99524799513,214138.0,32,0,0,4,0,0,0,53.767129207999915
stress,40.0,solo,2,breakdown (perm),unsafe-single,6,40,0.02,3.0,4897,205,7666,369,5094,159,103,120,0,False,0,0,1,295260,-197,0.5024390243902439,0.8583333333333333,True,1,4,,,,34.0,19.0,15.0,79824.05884400077,295260.0,28,0,0,5,0,0,0,80.40985
stress,40.0,local,8,mixed,crowd,6,40,0.03,3.0,4644,177,5571,197,4298,146,122,122,0,True,0,0,8,3793,346,0.6892655367231638,1.0,False,0,0,2.0,0.0,9.5,7.125,1.875,5.25,2843.6162238749603,474.125,25,16,16,0,0,0,2,23.584785499999725
stress,40.0,local,1,mixed,crowd,6,40,0.03,3.0,1434,64,8307,213,4442,140,44,122,0,False,0,0,8,1555391,-3008,0.6875,0.36065573770491804,True,0,39,2.0,0.0,0.0,13.5,7.375,6.125,7885.58331249817,194423.875,13,29,26,39,0,0,3,64.04915804200027
stress,40.0,local,3,mixed,crowd,6,40,0.03,3.0,12,12,6520,163,4462,143,1,122,0,False,0,0,8,1771433,-4450,0.08333333333333333,0.00819672131147541,True,0,40,2.0,0.0,0.0,5.75,4.625,1.5,6561.427207999088,221429.125,1,5,0,43,0,0,1,53.37330750000001
stress,40.0,local-flat,0,mixed,crowd,6,40,0.03,3.0,4833,174,5610,192,4424,142,122,122,0,True,0,0,8,1741,409,0.7011494252873564,1.0,False,0,0,2.0,0.0,16.5,4.875,2.0,2.875,592.1922811249374,217.625,9,24,6,0,0,0,0,5.571022167000137
stress,40.0,full,2,breakdown (perm),unsafe-single,6,40,0.02,3.0,4990,212,7841,386,5094,159,103,120,0,False,0,0,1,309856,-104,0.4858490566037736,0.8583333333333333,True,1,4,,,,37.0,22.0,15.0,88481.2211329895,309856.0,28,1,2,5,0,0,0,89.06232866699975
stress,40.0,local,7,mixed,crowd,6,40,0.03,3.0,5313,239,6023,249,4801,154,122,122,0,True,0,0,8,4639,512,0.5104602510460251,1.0,False,0,0,2.0,0.0,26.5,6.25,1.5,4.75,4966.537697874969,579.875,18,16,7,0,0,8,1,40.73242149999987
stress,40.0,local-flat,2,mixed,crowd,6,40,0.03,3.0,4804,209,5598,231,4542,142,122,122,0,True,0,0,8,1958,262,0.583732057416268,1.0,False,0,0,2.0,0.0,21.5,5.125,1.0,4.125,381.7336717499984,244.75,23,8,10,0,0,0,0,4.119612125000003
stress,40.0,local,2,breakdown (perm),unsafe-single,6,40,0.02,3.0,4830,206,7622,372,5094,159,103,120,0,False,0,0,1,315505,-264,0.5,0.8583333333333333,True,1,4,,,,35.0,20.0,15.0,177193.15506200565,315505.0,22,2,5,5,0,0,0,177.78613925000036
stress,40.0,local,9,mixed,crowd,6,40,0.03,3.0,4513,180,5171,203,4437,147,122,122,0,True,0,0,8,2907,76,0.6777777777777778,1.0,False,0,0,2.0,0.0,15.0,6.5,2.375,4.125,2586.11842199997,363.375,13,26,12,0,0,0,1,21.652466042000015
stress,40.0,local-flat,1,mixed,crowd,6,40,0.03,3.0,4817,182,5683,203,4442,140,122,122,0,True,0,0,8,4012,375,0.6703296703296703,1.0,False,0,0,2.0,0.0,15.0,8.75,2.75,6.0,2097.8332240000555,501.5,20,32,16,1,0,0,0,17.71002216700026
stress,40.0,local-flat,8,mixed,crowd,6,40,0.03,3.0,4723,180,5653,200,4298,146,122,122,0,True,0,0,8,2601,425,0.6777777777777778,1.0,False,0,0,2.0,0.0,9.5,7.0,1.875,5.125,835.2877240000112,325.125,22,21,13,0,0,0,0,7.526092167000115
stress,40.0,local,4,mixed,crowd,6,40,0.03,3.0,5261,191,6133,204,4560,137,122,122,0,True,0,0,8,4020,701,0.6387434554973822,1.0,False,0,0,2.0,0.0,14.5,6.0,2.0,4.0,9318.321385125046,502.5,15,15,18,0,0,0,2,75.46972583299976
stress,40.0,solo,0,mixed,crowd,6,40,0.03,3.0,5001,192,5798,210,4424,142,122,122,0,True,0,0,8,168,577,0.6354166666666666,1.0,False,0,0,2.0,0.0,26.0,2.625,0.0,2.625,39.042182125001546,21.0,21,0,0,0,0,0,0,1.1611142500000824
stress,40.0,local-flat,9,mixed,crowd,6,40,0.03,3.0,4508,175,5178,198,4437,147,122,122,0,True,0,0,8,2083,71,0.6971428571428572,1.0,False,0,0,2.0,0.0,6.5,5.625,1.875,3.75,848.2699688750586,260.375,14,18,12,0,0,0,0,7.775476083000285
stress,40.0,solo,2,mixed,crowd,6,40,0.03,3.0,4893,218,5702,240,4542,142,122,122,0,True,0,0,8,275,351,0.5596330275229358,1.0,False,0,0,2.0,0.5,25.5,4.375,0.0,4.375,32.40646874991171,34.375,35,0,0,0,0,0,0,1.4193243330000769
stress,40.0,local-flat,3,mixed,crowd,6,40,0.03,3.0,12,12,6520,163,4462,143,1,122,0,False,0,0,8,1714520,-4450,0.08333333333333333,0.00819672131147541,True,0,40,2.0,0.0,0.0,5.625,4.5,1.5,3378.880623624127,214315.0,1,4,0,43,0,0,0,27.963322916999914
stress,40.0,local-flat,7,mixed,crowd,6,40,0.03,3.0,5375,233,6078,243,4801,154,122,122,0,True,0,0,8,4141,574,0.5236051502145923,1.0,False,0,0,2.0,0.0,27.5,7.75,2.5,5.25,2460.2796510001212,517.625,23,25,13,0,0,0,0,20.688420625000163
stress,40.0,solo,1,mixed,crowd,6,40,0.03,3.0,0,0,6435,165,4442,140,0,122,0,False,0,0,8,1722297,-4442,0.0,0.0,True,0,39,2.0,0.0,0.0,5.0,4.25,1.5,1245.6998891248645,215287.125,0,0,0,45,0,0,0,10.983968167000057
stress,40.0,solo,5,mixed,crowd,6,40,0.03,3.0,5185,199,6122,220,4505,140,122,122,0,True,0,0,8,579,680,0.6130653266331658,1.0,False,0,0,2.0,0.5,7.0,8.0,0.25,7.75,244.9307499999236,72.375,60,2,0,0,0,0,0,2.7940062919997217
stress,40.0,local,5,mixed,crowd,6,40,0.03,3.0,5223,203,6057,225,4505,140,122,122,0,True,0,0,8,10074,718,0.6009852216748769,1.0,False,0,0,2.0,0.5,2.5,15.625,6.125,9.5,10799.316546874934,1259.25,37,52,24,3,0,7,5,87.29335545899994
stress,40.0,local-flat,4,mixed,crowd,6,40,0.03,3.0,5186,194,6146,207,4560,137,122,122,0,True,0,0,8,4366,626,0.6288659793814433,1.0,False,0,0,2.0,0.0,26.0,7.125,3.125,4.0,3829.4870418750406,545.75,26,11,20,0,0,0,0,31.463359583000056
stress,40.0,solo,8,mixed,crowd,6,40,0.03,3.0,4882,182,5865,202,4298,146,122,122,0,True,0,0,8,286,584,0.6703296703296703,1.0,False,0,0,2.0,0.0,11.5,5.125,0.0,5.125,56.152551874959045,35.75,41,0,0,0,0,0,0,1.3569022500000756
stress,40.0,solo,7,mixed,crowd,6,40,0.03,3.0,5600,237,6323,247,4801,154,122,122,0,True,0,0,8,521,799,0.5147679324894515,1.0,False,0,0,2.0,0.0,28.5,6.5,1.125,5.375,143.9808490000587,65.125,50,1,0,0,0,0,0,2.108604000000014
stress,40.0,solo,9,mixed,crowd,6,40,0.03,3.0,4674,170,5367,186,4437,147,122,122,0,True,0,0,8,260,237,0.7176470588235294,1.0,False,0,0,2.0,0.0,17.0,4.25,0.0,4.25,53.11422887501749,32.5,33,0,0,0,0,0,0,1.403975833000004
stress,40.0,full,0,mixed,crowd,6,40,0.03,3.0,4813,196,5607,204,4424,142,122,122,0,True,0,0,8,602,389,0.6224489795918368,1.0,False,0,0,2.0,1.0,0.0,31.375,28.5,2.875,322.90336437500855,75.25,1,0,0,0,280,0,0,3.4394945419999203
stress,40.0,solo,4,mixed,crowd,6,40,0.03,3.0,2319,78,9120,228,4560,137,65,122,0,False,0,0,8,1494220,-2241,0.8333333333333334,0.5327868852459017,True,0,40,2.0,0.0,0.0,8.5,4.25,4.25,1065.1791623736244,186777.5,28,0,0,40,0,0,0,9.324164457999814
stress,40.0,full,2,mixed,crowd,6,40,0.03,3.0,5072,171,5889,193,4542,142,122,122,0,True,0,0,8,640,530,0.7134502923976608,1.0,False,0,0,2.0,1.0,0.0,38.5,33.75,4.75,401.3711405000322,80.0,0,0,0,0,320,0,0,4.381717333000324
stress,40.0,full,1,mixed,crowd,6,40,0.03,3.0,4801,213,5612,234,4442,140,122,122,0,True,0,0,8,684,359,0.5727699530516432,1.0,False,0,0,2.0,0.5,23.0,21.75,16.125,5.75,673.895879999975,85.5,17,0,0,0,160,0,0,6.278005125000163
stress,40.0,solo,3,mixed,crowd,6,40,0.03,3.0,12,12,6480,162,4462,143,1,122,0,False,0,0,8,1678830,-4450,0.08333333333333333,0.00819672131147541,True,0,40,2.0,0.0,0.0,5.0,4.625,0.875,1563.999250625045,209853.75,0,0,0,44,0,0,0,13.401186541999778
stress,40.0,full,4,mixed,crowd,6,40,0.03,3.0,5103,171,5974,181,4560,137,122,122,0,True,0,0,8,627,543,0.7134502923976608,1.0,False,0,0,2.0,1.0,0.0,33.625,30.0,3.625,675.7480885000291,78.375,3,0,0,0,280,0,0,6.261181333999957
stress,40.0,full,3,mixed,crowd,6,40,0.03,3.0,4917,165,5731,175,4462,143,122,122,0,True,0,0,8,684,455,0.7393939393939394,1.0,False,0,0,2.0,1.0,0.0,31.5,26.375,5.125,727.0354793749902,85.5,15,0,0,0,240,0,0,6.720947916999648
stress,40.0,full,6,mixed,crowd,6,40,0.03,3.0,4970,156,5954,180,4198,142,122,122,0,True,0,0,8,652,772,0.782051282051282,1.0,False,0,0,2.0,0.5,6.0,30.0,25.5,4.5,722.3260988749871,81.5,10,0,0,0,240,0,0,6.512434457999916
stress,40.0,solo,6,mixed,crowd,6,40,0.03,3.0,0,0,6280,157,4198,142,0,122,0,False,0,0,8,1668931,-4198,0.0,0.0,True,0,40,2.0,0.0,0.0,5.0,4.375,1.0,2050.3127997513957,208616.375,0,0,0,43,0,0,0,17.09901808299992
stress,40.0,full,8,mixed,crowd,6,40,0.03,3.0,4684,175,5715,190,4298,146,122,122,0,True,0,0,8,846,386,0.6971428571428572,1.0,False,0,0,2.0,0.5,10.0,28.875,24.125,4.75,597.5543489998927,105.75,37,1,0,0,200,0,0,5.764099500000157
stress,1.0,local,1,mixed,radius,1,40,0.03,3.0,5920,226,7050,256,5456,183,122,122,0,True,0,0,12,99,464,0.5398230088495575,1.0,False,0,0,2.0,0.5,8.5,2.9166666666666665,0.16666666666666666,2.75,46.42938541667263,8.25,35,0,0,0,0,0,0,1.314887500000168
stress,1.0,local,2,mixed,radius,1,40,0.03,3.0,5388,222,6459,235,5094,159,122,122,0,True,0,0,12,143,294,0.5495495495495496,1.0,False,0,0,2.0,0.5,8.5,3.3333333333333335,0.0,3.3333333333333335,38.65467724995142,11.916666666666666,38,0,1,1,0,0,0,1.0407854169998245
stress,40.0,full,9,mixed,crowd,6,40,0.03,3.0,4730,159,5493,174,4437,147,122,122,0,True,0,0,8,670,293,0.7672955974842768,1.0,False,0,0,2.0,1.0,0.0,37.375,34.25,3.125,704.1681252499643,83.75,0,0,0,0,318,0,0,6.6073504159999175
stress,1.0,local,3,mixed,radius,1,40,0.03,3.0,5233,192,6305,210,4932,154,122,122,0,True,0,0,12,164,301,0.6354166666666666,1.0,False,0,0,2.0,0.0,5.0,4.25,0.08333333333333333,4.166666666666667,39.591902749975816,13.666666666666666,48,0,1,0,0,2,0,1.2180272499999774
stress,40.0,full,7,mixed,crowd,6,40,0.03,3.0,5366,194,6113,204,4801,154,122,122,0,True,0,0,8,788,565,0.6288659793814433,1.0,False,0,0,2.0,0.0,18.0,18.75,13.25,5.5,1245.073541749946,98.5,36,0,0,0,118,0,0,10.918783915999938
stress,1.0,local,6,mixed,radius,1,40,0.03,3.0,5257,252,6267,274,5009,186,122,122,0,True,0,0,12,115,248,0.48412698412698413,1.0,False,0,0,2.0,0.0,5.0,3.0833333333333335,0.08333333333333333,3.0,45.04971175003902,9.583333333333334,35,2,0,0,0,0,0,1.041015457999947
stress,1.0,local,5,mixed,radius,1,40,0.03,3.0,5448,190,6393,221,5105,176,122,122,0,True,0,0,12,206,343,0.6421052631578947,1.0,False,0,0,2.0,0.5,7.5,5.0,0.08333333333333333,4.916666666666667,71.30086783331535,17.166666666666668,56,2,0,0,0,0,0,1.652510957999766
stress,1.0,local,4,mixed,radius,1,40,0.03,3.0,5787,269,6813,292,5163,180,122,122,0,True,0,0,12,257,624,0.45353159851301117,1.0,False,0,0,2.0,0.0,8.0,5.333333333333333,0.6666666666666666,4.666666666666667,178.08138883325833,21.416666666666668,51,5,5,0,0,2,0,2.7270912080002745
stress,1.0,local,9,mixed,radius,1,40,0.03,3.0,5477,206,6544,242,5156,176,122,122,0,True,0,0,12,104,321,0.5922330097087378,1.0,False,0,0,2.0,0.0,3.0,3.0,0.6666666666666666,2.3333333333333335,33.567277666634254,8.666666666666666,36,0,0,0,0,0,0,1.028991958000006
stress,1.0,local,7,mixed,radius,1,40,0.03,3.0,5863,277,6806,298,5378,199,122,122,0,True,0,0,12,253,485,0.4404332129963899,1.0,False,0,0,2.0,0.0,13.5,5.166666666666667,0.0,5.166666666666667,68.67350350004624,21.083333333333332,61,0,0,0,0,0,0,1.6897689170000376
stress,1.0,local,8,mixed,radius,1,40,0.03,3.0,5443,257,6558,271,5062,175,122,122,0,True,0,0,12,107,381,0.47470817120622566,1.0,False,0,0,2.0,0.0,9.5,3.25,0.0,3.25,70.07332991668136,8.916666666666666,39,0,0,0,0,0,0,1.4668202500001826
stress,1.0,local-flat,2,mixed,radius,1,40,0.03,3.0,5388,222,6459,235,5094,159,122,122,0,True,0,0,12,139,294,0.5495495495495496,1.0,False,0,0,2.0,0.5,8.5,3.3333333333333335,0.0,3.3333333333333335,30.04979883348824,11.583333333333334,38,0,1,1,0,0,0,0.8939487500001633
stress,1.0,local,0,mixed,radius,1,40,0.03,3.0,5951,229,6855,251,5294,165,122,122,0,True,0,0,12,260,657,0.5327510917030568,1.0,False,0,0,2.0,0.0,25.5,4.833333333333333,2.25,2.5833333333333335,574.6168854166172,21.666666666666668,53,2,3,0,0,0,0,7.516328624999915
stress,1.0,local-flat,3,mixed,radius,1,40,0.03,3.0,5289,210,6375,228,4932,154,122,122,0,True,0,0,12,204,357,0.580952380952381,1.0,False,0,0,2.0,0.0,7.0,4.166666666666667,0.08333333333333333,4.083333333333333,37.61150341669387,17.0,47,1,1,1,0,0,0,0.9480783750000228
stress,1.0,local-flat,1,mixed,radius,1,40,0.03,3.0,5920,226,7050,256,5456,183,122,122,0,True,0,0,12,97,464,0.5398230088495575,1.0,False,0,0,2.0,0.5,8.5,2.9166666666666665,0.16666666666666666,2.75,42.30694441662308,8.083333333333334,35,0,0,0,0,0,0,1.3145574159998432
stress,1.0,local-flat,6,mixed,radius,1,40,0.03,3.0,5257,252,6267,274,5009,186,122,122,0,True,0,0,12,114,248,0.48412698412698413,1.0,False,0,0,2.0,0.0,5.0,3.0833333333333335,0.08333333333333333,3.0,31.21802408334891,9.5,35,2,0,0,0,0,0,0.9297172910000882
stress,1.0,local-flat,5,mixed,radius,1,40,0.03,3.0,5448,190,6393,221,5105,176,122,122,0,True,0,0,12,204,343,0.6421052631578947,1.0,False,0,0,2.0,0.5,7.5,5.0,0.08333333333333333,4.916666666666667,69.50970150001012,17.0,56,2,0,0,0,0,0,1.5744042920000538
stress,1.0,local-flat,7,mixed,radius,1,40,0.03,3.0,5863,277,6806,298,5378,199,122,122,0,True,0,0,12,251,485,0.4404332129963899,1.0,False,0,0,2.0,0.0,13.5,5.166666666666667,0.0,5.166666666666667,66.33697591670777,20.916666666666668,61,0,0,0,0,0,0,1.6513520840003366
stress,1.0,local-flat,4,mixed,radius,1,40,0.03,3.0,5762,269,6799,292,5163,180,122,122,0,True,0,0,12,246,599,0.45353159851301117,1.0,False,0,0,2.0,0.0,10.5,4.916666666666667,0.3333333333333333,4.583333333333333,158.20173949998662,20.5,53,5,0,0,0,0,0,2.4959680410001965
stress,1.0,local-flat,9,mixed,radius,1,40,0.03,3.0,5477,206,6544,242,5156,176,122,122,0,True,0,0,12,101,321,0.5922330097087378,1.0,False,0,0,2.0,0.0,3.0,3.0,0.6666666666666666,2.3333333333333335,30.077496416690035,8.416666666666666,36,0,0,0,0,0,0,0.9445538340000894
stress,1.0,local-flat,8,mixed,radius,1,40,0.03,3.0,5443,257,6558,271,5062,175,122,122,0,True,0,0,12,106,381,0.47470817120622566,1.0,False,0,0,2.0,0.0,9.5,3.25,0.0,3.25,71.81363541667451,8.833333333333334,39,0,0,0,0,0,0,1.5885507920002055
stress,1.0,solo,2,mixed,radius,1,40,0.03,3.0,5388,222,6459,235,5094,159,122,122,0,True,0,0,12,27,294,0.5495495495495496,1.0,False,0,0,2.0,0.5,8.5,3.3333333333333335,0.0,3.3333333333333335,20.897433916691927,2.25,38,0,1,1,0,0,0,0.8395378329996674
stress,1.0,solo,3,mixed,radius,1,40,0.03,3.0,5289,210,6373,228,4932,154,122,122,0,True,0,0,12,33,357,0.580952380952381,1.0,False,0,0,2.0,0.0,7.0,4.166666666666667,0.16666666666666666,4.0,30.158941000043644,2.75,48,1,0,1,0,0,0,0.9324650000003203
stress,1.0,solo,1,mixed,radius,1,40,0.03,3.0,5920,226,7050,256,5456,183,122,122,0,True,0,0,12,29,464,0.5398230088495575,1.0,False,0,0,2.0,0.5,8.5,2.9166666666666665,0.16666666666666666,2.75,36.93351033336967,2.4166666666666665,35,0,0,0,0,0,0,1.2762255419997928
stress,1.0,local-flat,0,mixed,radius,1,40,0.03,3.0,5910,230,6808,252,5294,165,122,122,0,True,0,0,12,243,616,0.5304347826086957,1.0,False,0,0,2.0,0.0,12.5,4.833333333333333,2.25,2.5833333333333335,349.8195868332535,20.25,53,0,5,0,0,0,0,4.85398400000031
stress,1.0,solo,6,mixed,radius,1,40,0.03,3.0,5264,252,6272,274,5009,186,122,122,0,True,0,0,12,10,255,0.48412698412698413,1.0,False,0,0,2.0,0.0,6.0,3.0833333333333335,0.0,3.0833333333333335,19.02425691658512,0.8333333333333334,37,0,0,0,0,0,0,0.8337250839999797
stress,1.0,solo,0,mixed,radius,1,40,0.03,3.0,5894,230,6789,252,5294,165,122,122,0,True,0,0,12,42,600,0.5304347826086957,1.0,False,0,0,2.0,0.0,12.5,4.666666666666667,2.0833333333333335,2.5833333333333335,168.99173241665721,3.5,55,0,1,0,0,0,0,2.7626878330002
stress,1.0,solo,5,mixed,radius,1,40,0.03,3.0,5447,190,6389,221,5105,176,122,122,0,True,0,0,12,68,342,0.6421052631578947,1.0,False,0,0,2.0,0.5,7.5,5.0,0.0,5.0,58.369246583310996,5.666666666666667,58,0,0,0,0,0,0,1.6069250410000677
stress,1.0,solo,4,mixed,radius,1,40,0.03,3.0,5759,271,6788,294,5163,180,122,122,0,True,0,0,12,36,596,0.45018450184501846,1.0,False,0,0,2.0,0.0,10.5,4.916666666666667,0.16666666666666666,4.75,95.7766077500158,3.0,58,0,0,0,0,0,0,1.872205084000143
stress,1.0,solo,7,mixed,radius,1,40,0.03,3.0,5863,277,6806,298,5378,199,122,122,0,True,0,0,12,47,485,0.4404332129963899,1.0,False,0,0,2.0,0.0,13.5,5.166666666666667,0.0,5.166666666666667,41.020260333349746,3.9166666666666665,61,0,0,0,0,0,0,1.5704321250000248
stress,1.0,solo,9,mixed,radius,1,40,0.03,3.0,5477,206,6544,242,5156,176,122,122,0,True,0,0,12,15,321,0.5922330097087378,1.0,False,0,0,2.0,0.0,3.0,3.0,0.6666666666666666,2.3333333333333335,22.80200008344006,1.25,36,0,0,0,0,0,0,0.9086177080002926
stress,1.0,solo,8,mixed,radius,1,40,0.03,3.0,5443,257,6558,271,5062,175,122,122,0,True,0,0,12,14,381,0.47470817120622566,1.0,False,0,0,2.0,0.0,9.5,3.25,0.0,3.25,32.50222575002226,1.1666666666666667,39,0,0,0,0,0,0,1.1819061659998624
stress,40.0,local-flat,5,mixed,crowd,6,40,0.03,3.0,5991,233,6843,251,4505,140,122,122,0,True,0,0,8,7770,1486,0.5236051502145923,1.0,False,0,0,2.0,0.5,6.5,10.25,3.125,7.125,7356.538875124841,971.25,30,30,20,0,0,0,0,59.76955979200011
stress,1.0,full,1,mixed,radius,1,40,0.03,3.0,5829,228,6954,258,5456,183,122,122,0,True,0,0,12,960,373,0.5350877192982456,1.0,False,0,0,2.0,1.0,0.0,26.666666666666668,23.666666666666668,3.0,234.7895139166667,80.0,0,0,0,0,480,0,0,3.613271292000263
stress,1.0,full,3,mixed,radius,1,40,0.03,3.0,5331,169,6405,198,4932,154,122,122,0,True,0,0,12,960,399,0.7218934911242604,1.0,False,0,0,2.0,1.0,0.0,27.916666666666668,24.833333333333332,3.0833333333333335,272.84781258337415,80.0,0,0,0,0,480,0,0,3.8650666670000646
stress,1.0,full,0,mixed,radius,1,40,0.03,3.0,5648,205,6554,227,5294,165,122,122,0,True,0,0,12,960,354,0.5951219512195122,1.0,False,0,0,2.0,1.0,0.0,25.916666666666668,22.666666666666668,3.25,387.55769441665205,80.0,0,0,0,0,480,0,0,5.309430291999888
stress,1.0,full,4,mixed,radius,1,40,0.03,3.0,5764,197,6779,233,5163,180,122,122,0,True,0,0,12,946,601,0.6192893401015228,1.0,False,0,0,2.0,1.0,0.0,33.666666666666664,29.333333333333332,4.333333333333333,360.9788785001153,78.83333333333333,0,0,0,0,470,0,0,5.049153791000208
stress,1.0,full,2,mixed,radius,1,40,0.03,3.0,5667,185,6796,201,5094,159,122,122,0,True,0,0,12,960,573,0.6594594594594595,1.0,False,0,0,2.0,1.0,0.0,31.583333333333332,28.666666666666668,2.9166666666666665,403.59879491666106,80.0,0,0,0,0,480,0,0,5.44914291699979
stress,1.0,full,6,mixed,radius,1,40,0.03,3.0,5466,244,6487,266,5009,186,122,122,0,True,0,0,12,960,457,0.5,1.0,False,0,0,2.0,1.0,0.0,31.583333333333332,28.666666666666668,2.9166666666666665,239.55413874997097,80.0,0,0,0,0,480,0,0,3.409927874999994
stress,1.0,full,7,mixed,radius,1,40,0.03,3.0,5837,234,6866,253,5378,199,122,122,0,True,0,0,12,951,459,0.5213675213675214,1.0,False,0,0,2.0,0.5,2.5,27.25,21.916666666666668,5.333333333333333,192.73478475001107,79.25,0,0,0,0,471,0,0,3.234438500000124
stress,1.0,full,5,mixed,radius,1,40,0.03,3.0,5684,265,6711,283,5105,176,122,122,0,True,0,0,12,919,579,0.46037735849056605,1.0,False,0,0,2.0,1.0,0.0,27.833333333333332,22.083333333333332,5.75,394.05828833332635,76.58333333333333,1,0,0,0,431,0,0,5.526665249999951
stress,2.0,local,1,mixed,radius,2,40,0.03,3.0,5920,226,7050,256,5456,183,122,122,0,True,0,0,12,273,464,0.5398230088495575,1.0,False,0,0,2.0,0.5,8.5,2.9166666666666665,0.16666666666666666,2.75,67.69051383340259,22.75,35,0,0,0,0,0,0,1.591693290999956
stress,2.0,local,2,mixed,radius,2,40,0.03,3.0,5421,223,6492,236,5094,159,122,122,0,True,0,0,12,320,327,0.547085201793722,1.0,False,0,0,2.0,0.5,8.5,3.5,0.16666666666666666,3.3333333333333335,68.58047225000519,26.666666666666668,37,1,3,1,0,0,0,1.3490592910002306
stress,1.0,full,9,mixed,radius,1,40,0.03,3.0,5512,190,6695,226,5156,176,122,122,0,True,0,0,12,880,356,0.6421052631578947,1.0,False,0,0,2.0,0.5,1.0,21.25,18.916666666666668,2.3333333333333335,278.30582283324173,73.33333333333333,2,0,0,0,400,0,0,3.9140712079997684
stress,2.0,local,3,mixed,radius,2,40,0.03,3.0,5233,192,6301,210,4932,154,122,122,0,True,0,0,12,407,301,0.6354166666666666,1.0,False,0,0,2.0,0.0,5.0,4.333333333333333,0.16666666666666666,4.166666666666667,83.89247583329507,33.916666666666664,47,1,2,0,0,2,0,1.4947924590001094
stress,1.0,full,8,mixed,radius,1,40,0.03,3.0,5535,217,6719,231,5062,175,122,122,0,True,0,0,12,960,473,0.5622119815668203,1.0,False,0,0,2.0,0.0,7.0,29.25,26.0,3.25,417.9537256667345,80.0,0,0,0,0,480,0,0,5.6424607080002716
stress,2.0,local,5,mixed,radius,2,40,0.03,3.0,5456,190,6387,221,5105,176,122,122,0,True,0,0,12,481,351,0.6421052631578947,1.0,False,0,0,2.0,0.5,7.5,5.083333333333333,0.25,4.833333333333333,134.71986466655986,40.083333333333336,53,2,4,0,0,0,0,2.343710957999974
stress,2.0,local,7,mixed,radius,2,40,0.03,3.0,5772,258,6719,279,5378,199,122,122,0,True,0,0,12,545,394,0.4728682170542636,1.0,False,0,0,2.0,0.0,6.0,5.166666666666667,0.25,4.916666666666667,99.32012874996114,45.416666666666664,54,0,7,0,0,0,0,2.093064417000278
stress,2.0,local,6,mixed,radius,2,40,0.03,3.0,5254,252,6261,274,5009,186,122,122,0,True,0,0,12,349,245,0.48412698412698413,1.0,False,0,0,2.0,0.0,5.0,3.0833333333333335,0.08333333333333333,3.0,148.5642813333167,29.083333333333332,35,0,2,0,0,0,0,2.256755957999758
stress,2.0,local,9,mixed,radius,2,40,0.03,3.0,5453,206,6516,242,5156,176,122,122,0,True,0,0,12,284,297,0.5922330097087378,1.0,False,0,0,2.0,0.0,3.0,3.0833333333333335,0.8333333333333334,2.25,61.128239499870084,23.666666666666668,32,0,5,0,0,0,0,1.2965286250000645
stress,2.0,local,4,mixed,radius,2,40,0.03,3.0,5774,271,6798,294,5163,180,122,122,0,True,0,0,12,571,611,0.45018450184501846,1.0,False,0,0,2.0,0.0,8.0,5.083333333333333,0.5,4.583333333333333,266.3551911666673,47.583333333333336,50,3,5,0,0,2,0,3.8079390829998374
stress,2.0,local-flat,1,mixed,radius,2,40,0.03,3.0,5920,226,7050,256,5456,183,122,122,0,True,0,0,12,256,464,0.5398230088495575,1.0,False,0,0,2.0,0.5,8.5,2.9166666666666665,0.16666666666666666,2.75,47.837176999981544,21.333333333333332,35,0,0,0,0,0,0,1.4581669170001987
stress,2.0,local,8,mixed,radius,2,40,0.03,3.0,5470,257,6575,271,5062,175,122,122,0,True,0,0,12,339,408,0.47470817120622566,1.0,False,0,0,2.0,0.0,9.5,3.5,0.16666666666666666,3.3333333333333335,134.80264591665522,28.25,38,0,4,0,0,0,0,2.283215707999716
stress,2.0,local-flat,2,mixed,radius,2,40,0.03,3.0,5421,223,6492,236,5094,159,122,122,0,True,0,0,12,307,327,0.547085201793722,1.0,False,0,0,2.0,0.5,8.5,3.5,0.16666666666666666,3.3333333333333335,54.171277583350275,25.583333333333332,37,1,3,1,0,0,0,1.2763918329997068
stress,2.0,local-flat,3,mixed,radius,2,40,0.03,3.0,5283,210,6366,228,4932,154,122,122,0,True,0,0,12,471,351,0.580952380952381,1.0,False,0,0,2.0,0.0,7.0,4.25,0.16666666666666666,4.083333333333333,75.82069791658341,39.25,45,2,3,1,0,0,0,1.4667727080000077
stress,40.0,full,5,mixed,crowd,6,40,0.03,3.0,2203,90,9120,240,4505,140,60,122,0,False,0,0,8,1499146,-2302,0.6666666666666666,0.4918032786885246,True,0,38,2.0,0.5,0.0,23.875,13.25,10.625,4184.572357372361,187393.25,32,1,1,38,120,0,0,34.43295004200036
stress,2.0,local-flat,5,mixed,radius,2,40,0.03,3.0,5456,190,6387,221,5105,176,122,122,0,True,0,0,12,462,351,0.6421052631578947,1.0,False,0,0,2.0,0.5,7.5,5.083333333333333,0.25,4.833333333333333,115.63839566664076,38.5,53,2,4,0,0,0,0,2.1977846250001676
stress,2.0,local-flat,6,mixed,radius,2,40,0.03,3.0,5254,252,6261,274,5009,186,122,122,0,True,0,0,12,338,245,0.48412698412698413,1.0,False,0,0,2.0,0.0,5.0,3.0833333333333335,0.08333333333333333,3.0,119.86804508330806,28.166666666666668,35,0,2,0,0,0,0,1.9999128339995877
stress,2.0,local-flat,7,mixed,radius,2,40,0.03,3.0,5772,258,6719,279,5378,199,122,122,0,True,0,0,12,539,394,0.4728682170542636,1.0,False,0,0,2.0,0.0,6.0,5.166666666666667,0.25,4.916666666666667,93.2808401667747,44.916666666666664,54,0,7,0,0,0,0,2.0920466659999875
stress,2.0,local-flat,8,mixed,radius,2,40,0.03,3.0,5470,257,6575,271,5062,175,122,122,0,True,0,0,12,335,408,0.47470817120622566,1.0,False,0,0,2.0,0.0,9.5,3.5,0.16666666666666666,3.3333333333333335,125.44446858328229,27.916666666666668,38,0,4,0,0,0,0,2.310661125000024
stress,2.0,local-flat,9,mixed,radius,2,40,0.03,3.0,5457,206,6518,242,5156,176,122,122,0,True,0,0,12,274,301,0.5922330097087378,1.0,False,0,0,2.0,0.0,3.0,3.0833333333333335,0.8333333333333334,2.25,44.674333333280934,22.833333333333332,32,0,5,0,0,0,0,1.1729433329996937
stress,2.0,local-flat,4,mixed,radius,2,40,0.03,3.0,5726,269,6754,292,5163,180,122,122,0,True,0,0,12,557,563,0.45353159851301117,1.0,False,0,0,2.0,0.0,10.5,5.333333333333333,0.5833333333333334,4.75,244.72497216667458,46.416666666666664,51,3,9,0,0,0,0,3.599014334000003
stress,2.0,solo,2,mixed,radius,2,40,0.03,3.0,5388,222,6459,235,5094,159,122,122,0,True,0,0,12,52,294,0.5495495495495496,1.0,False,0,0,2.0,0.5,8.5,3.3333333333333335,0.0,3.3333333333333335,20.291520916581856,4.333333333333333,38,1,0,1,0,0,0,0.8382897910000793
stress,2.0,solo,1,mixed,radius,2,40,0.03,3.0,5920,226,7050,256,5456,183,122,122,0,True,0,0,12,64,464,0.5398230088495575,1.0,False,0,0,2.0,0.5,8.5,2.9166666666666665,0.16666666666666666,2.75,31.798111249978923,5.333333333333333,35,0,0,0,0,0,0,1.333601667000039
stress,2.0,solo,3,mixed,radius,2,40,0.03,3.0,5289,210,6373,228,4932,154,122,122,0,True,0,0,12,68,357,0.580952380952381,1.0,False,0,0,2.0,0.0,7.0,4.166666666666667,0.16666666666666666,4.0,27.265441000016228,5.666666666666667,48,1,0,1,0,0,0,0.851630374999786
stress,2.0,solo,6,mixed,radius,2,40,0.03,3.0,5264,252,6272,274,5009,186,122,122,0,True,0,0,12,31,255,0.48412698412698413,1.0,False,0,0,2.0,0.0,6.0,3.0833333333333335,0.0,3.0833333333333335,15.843514000001353,2.5833333333333335,37,0,0,0,0,0,0,0.7274086669999633
stress,2.0,solo,0,mixed,radius,2,40,0.03,3.0,5894,230,6789,252,5294,165,122,122,0,True,0,0,12,72,600,0.5304347826086957,1.0,False,0,0,2.0,0.0,12.5,4.666666666666667,2.0833333333333335,2.5833333333333335,155.35972916662408,6.0,55,1,0,0,0,0,0,2.5658865410000544
stress,2.0,solo,4,mixed,radius,2,40,0.03,3.0,5760,271,6800,294,5163,180,122,122,0,True,0,0,12,79,597,0.45018450184501846,1.0,False,0,0,2.0,0.0,10.5,5.166666666666667,0.16666666666666666,5.0,109.49422916659539,6.583333333333333,60,0,1,0,0,0,0,1.9715081670001382
stress,2.0,solo,5,mixed,radius,2,40,0.03,3.0,5447,190,6389,221,5105,176,122,122,0,True,0,0,12,86,342,0.6421052631578947,1.0,False,0,0,2.0,0.5,7.5,5.0,0.0,5.0,59.505124916654495,7.166666666666667,58,0,0,0,0,0,0,1.6246774169999298
stress,2.0,solo,7,mixed,radius,2,40,0.03,3.0,5863,277,6806,298,5378,199,122,122,0,True,0,0,12,87,485,0.4404332129963899,1.0,False,0,0,2.0,0.0,13.5,5.166666666666667,0.0,5.166666666666667,55.37155208329144,7.25,61,0,0,0,0,0,0,1.6724322079999183
stress,2.0,solo,8,mixed,radius,2,40,0.03,3.0,5443,257,6558,271,5062,175,122,122,0,True,0,0,12,32,381,0.47470817120622566,1.0,False,0,0,2.0,0.0,9.5,3.25,0.0,3.25,44.3530032500045,2.6666666666666665,39,0,0,0,0,0,0,1.1838385410001138
stress,2.0,solo,9,mixed,radius,2,40,0.03,3.0,5477,206,6544,242,5156,176,122,122,0,True,0,0,12,45,321,0.5922330097087378,1.0,False,0,0,2.0,0.0,3.0,3.0,0.6666666666666666,2.3333333333333335,26.499618083335008,3.75,36,0,0,0,0,0,0,1.102222499999698
stress,2.0,local,0,mixed,radius,2,40,0.03,3.0,5783,223,6684,245,5294,165,122,122,0,True,0,0,12,741,489,0.547085201793722,1.0,False,0,0,2.0,0.5,3.0,5.25,2.6666666666666665,2.5833333333333335,1201.097701333424,61.75,45,5,13,0,0,0,0,15.028835083999638
stress,2.0,full,1,mixed,radius,2,40,0.03,3.0,5829,228,6954,258,5456,183,122,122,0,True,0,0,12,960,373,0.5350877192982456,1.0,False,0,0,2.0,1.0,0.0,26.666666666666668,23.666666666666668,3.0,213.1342115832998,80.0,0,0,0,0,480,0,0,3.55817637500013
stress,2.0,full,3,mixed,radius,2,40,0.03,3.0,5331,169,6405,198,4932,154,122,122,0,True,0,0,12,960,399,0.7218934911242604,1.0,False,0,0,2.0,1.0,0.0,27.916666666666668,24.833333333333332,3.0833333333333335,263.70169083327255,80.0,0,0,0,0,480,0,0,3.6404307920001884
stress,2.0,local-flat,0,mixed,radius,2,40,0.03,3.0,5836,230,6722,252,5294,165,122,122,0,True,0,0,12,675,542,0.5304347826086957,1.0,False,0,0,2.0,0.5,5.5,5.25,2.75,2.5,924.4234829165711,56.25,44,11,8,0,0,0,0,11.78696145899994
stress,2.0,full,0,mixed,radius,2,40,0.03,3.0,5648,205,6554,227,5294,165,122,122,0,True,0,0,12,960,354,0.5951219512195122,1.0,False,0,0,2.0,1.0,0.0,25.916666666666668,22.666666666666668,3.25,358.7167986666297,80.0,0,0,0,0,480,0,0,5.035094958999707
stress,2.0,full,2,mixed,radius,2,40,0.03,3.0,5667,185,6796,201,5094,159,122,122,0,True,0,0,12,960,573,0.6594594594594595,1.0,False,0,0,2.0,1.0,0.0,31.583333333333332,28.666666666666668,2.9166666666666665,417.5628854167523,80.0,0,0,0,0,480,0,0,5.570918249999977
stress,2.0,full,4,mixed,radius,2,40,0.03,3.0,5764,197,6779,233,5163,180,122,122,0,True,0,0,12,946,601,0.6192893401015228,1.0,False,0,0,2.0,1.0,0.0,33.666666666666664,29.333333333333332,4.333333333333333,392.1978646665896,78.83333333333333,0,0,0,0,470,0,0,5.325665249999929
stress,2.0,full,6,mixed,radius,2,40,0.03,3.0,5466,244,6487,266,5009,186,122,122,0,True,0,0,12,960,457,0.5,1.0,False,0,0,2.0,1.0,0.0,31.583333333333332,28.666666666666668,2.9166666666666665,263.0861840000307,80.0,0,0,0,0,480,0,0,3.8066785420000997
stress,2.0,full,5,mixed,radius,2,40,0.03,3.0,5684,265,6711,283,5105,176,122,122,0,True,0,0,12,919,579,0.46037735849056605,1.0,False,0,0,2.0,1.0,0.0,27.833333333333332,22.083333333333332,5.75,421.83009724995674,76.58333333333333,1,0,0,0,431,0,0,5.937116457999764
stress,2.0,full,7,mixed,radius,2,40,0.03,3.0,5843,234,6883,253,5378,199,122,122,0,True,0,0,12,963,465,0.5213675213675214,1.0,False,0,0,2.0,0.5,1.5,27.0,21.916666666666668,5.083333333333333,232.89293041674833,80.25,0,0,0,0,471,0,0,3.7721423749999303
stress,3.0,local,1,mixed,radius,3,40,0.03,3.0,5920,226,7050,256,5456,183,122,122,0,True,0,0,12,517,464,0.5398230088495575,1.0,False,0,0,2.0,0.5,8.5,2.9166666666666665,0.16666666666666666,2.75,97.51672233331495,43.083333333333336,35,0,0,0,0,0,0,1.990576042000157
stress,2.0,full,9,mixed,radius,2,40,0.03,3.0,5512,190,6695,226,5156,176,122,122,0,True,0,0,12,881,356,0.6421052631578947,1.0,False,0,0,2.0,0.5,1.0,21.25,18.916666666666668,2.3333333333333335,301.90109391662645,73.41666666666667,2,0,0,0,400,0,0,4.256674374999875
stress,3.0,local,2,mixed,radius,3,40,0.03,3.0,5398,215,6469,228,5094,159,122,122,0,True,0,0,12,705,304,0.5674418604651162,1.0,False,0,0,2.0,0.5,8.5,4.0,0.5,3.5,98.18461108337335,58.75,35,1,11,1,0,0,0,1.7735675839999203
stress,2.0,full,8,mixed,radius,2,40,0.03,3.0,5535,217,6719,231,5062,175,122,122,0,True,0,0,12,960,473,0.5622119815668203,1.0,False,0,0,2.0,0.0,7.0,29.25,26.0,3.25,426.80027433326967,80.0,0,0,0,0,480,0,0,5.8836732910003775
stress,3.0,local,3,mixed,radius,3,40,0.03,3.0,5229,192,6303,210,4932,154,122,122,0,True,0,0,12,872,297,0.6354166666666666,1.0,False,0,0,2.0,0.0,5.0,4.416666666666667,0.25,4.166666666666667,315.4569338333128,72.66666666666667,47,1,2,0,0,3,0,4.353215791999901
stress,3.0,local,5,mixed,radius,3,40,0.03,3.0,5460,192,6374,221,5105,176,122,122,0,True,0,0,12,990,355,0.6354166666666666,1.0,False,0,0,2.0,0.5,7.5,5.25,0.4166666666666667,4.833333333333333,279.46909391672153,82.5,51,6,4,0,0,0,0,4.1949972499996875
stress,3.0,local,6,mixed,radius,3,40,0.03,3.0,5232,252,6242,274,5009,186,122,122,0,True,0,0,12,672,223,0.48412698412698413,1.0,False,0,0,2.0,0.0,5.0,3.25,0.3333333333333333,2.9166666666666665,250.1655971666044,56.0,32,0,7,0,0,0,0,3.4727786250000463
stress,3.0,local,7,mixed,radius,3,40,0.03,3.0,5774,250,6717,271,5378,199,122,122,0,True,0,0,12,880,396,0.488,1.0,False,0,0,2.0,0.0,4.0,5.333333333333333,0.4166666666666667,4.916666666666667,203.66651749998255,73.33333333333333,52,2,9,0,0,0,0,3.403795125000215
stress,3.0,local-flat,2,mixed,radius,3,40,0.03,3.0,5398,215,6469,228,5094,159,122,122,0,True,0,0,12,689,304,0.5674418604651162,1.0,False,0,0,2.0,0.5,8.5,4.0,0.5,3.5,73.93795833331751,57.416666666666664,35,1,11,1,0,0,0,1.545805583999936
stress,3.0,local,9,mixed,radius,3,40,0.03,3.0,5449,206,6518,242,5156,176,122,122,0,True,0,0,12,599,293,0.5922330097087378,1.0,False,0,0,2.0,0.0,3.0,3.0,0.8333333333333334,2.1666666666666665,124.59113199997773,49.916666666666664,30,0,6,0,0,0,0,2.1787576249998892
stress,3.0,local-flat,1,mixed,radius,3,40,0.03,3.0,5920,226,7050,256,5456,183,122,122,0,True,0,0,12,490,464,0.5398230088495575,1.0,False,0,0,2.0,0.5,8.5,2.9166666666666665,0.16666666666666666,2.75,72.90018399995309,40.833333333333336,35,0,0,0,0,0,0,1.8392415419998542
stress,40.0,local,6,mixed,crowd,6,40,0.03,3.0,29,15,6560,164,4198,142,2,122,0,False,0,0,8,1667235,-4169,0.13333333333333333,0.01639344262295082,True,0,40,2.0,0.0,0.0,10.375,8.875,1.75,18302.29724524753,208404.375,16,16,10,43,0,0,2,147.15254100000038
stress,3.0,local,8,mixed,radius,3,40,0.03,3.0,5437,257,6547,271,5062,175,122,122,0,True,0,0,12,739,375,0.47470817120622566,1.0,False,0,0,2.0,0.0,8.5,3.75,0.5,3.25,321.9417987500037,61.583333333333336,34,2,9,0,0,0,1,4.490981749999719
stress,3.0,local-flat,3,mixed,radius,3,40,0.03,3.0,5283,210,6366,228,4932,154,122,122,0,True,0,0,12,846,351,0.580952380952381,1.0,False,0,0,2.0,0.0,7.0,4.25,0.16666666666666666,4.083333333333333,146.50724316675223,70.5,45,2,3,1,0,0,0,2.2505464999999276
stress,3.0,local-flat,6,mixed,radius,3,40,0.03,3.0,5232,252,6242,274,5009,186,122,122,0,True,0,0,12,616,223,0.48412698412698413,1.0,False,0,0,2.0,0.0,5.0,3.25,0.3333333333333333,2.9166666666666665,130.542086499986,51.333333333333336,32,0,7,0,0,0,0,2.094739207999737
stress,3.0,local-flat,5,mixed,radius,3,40,0.03,3.0,5460,192,6374,221,5105,176,122,122,0,True,0,0,12,926,355,0.6354166666666666,1.0,False,0,0,2.0,0.5,7.5,5.25,0.4166666666666667,4.833333333333333,208.00968399991385,77.16666666666667,51,6,4,0,0,0,0,3.256482541999958
stress,3.0,local-flat,7,mixed,radius,3,40,0.03,3.0,5774,250,6717,271,5378,199,122,122,0,True,0,0,12,867,396,0.488,1.0,False,0,0,2.0,0.0,4.0,5.333333333333333,0.4166666666666667,4.916666666666667,198.0916804999803,72.25,52,2,9,0,0,0,0,3.2687980420000713
stress,3.0,local,4,mixed,radius,3,40,0.03,3.0,5695,240,6711,266,5163,180,122,122,0,True,0,0,12,1430,532,0.5083333333333333,1.0,False,0,0,2.0,0.5,5.5,6.166666666666667,1.25,4.916666666666667,814.5997431666577,119.16666666666667,43,6,24,0,0,0,1,10.403083958000025
stress,3.0,solo,2,mixed,radius,3,40,0.03,3.0,5388,222,6459,235,5094,159,122,122,0,True,0,0,12,83,294,0.5495495495495496,1.0,False,0,0,2.0,0.5,8.5,3.3333333333333335,0.0,3.3333333333333335,16.726635500011373,6.916666666666667,38,1,0,1,0,0,0,1.1036941249999472
stress,3.0,local-flat,9,mixed,radius,3,40,0.03,3.0,5448,208,6505,244,5156,176,122,122,0,True,0,0,12,643,292,0.5865384615384616,1.0,False,0,0,2.0,0.0,4.0,3.25,1.0,2.25,179.7949271665781,53.583333333333336,30,2,7,0,0,0,0,2.863624042000083
stress,3.0,solo,1,mixed,radius,3,40,0.03,3.0,5920,226,7050,256,5456,183,122,122,0,True,0,0,12,108,464,0.5398230088495575,1.0,False,0,0,2.0,0.5,8.5,2.9166666666666665,0.16666666666666666,2.75,42.93669099998473,9.0,35,0,0,0,0,0,0,1.7048313750001398
stress,3.0,solo,3,mixed,radius,3,40,0.03,3.0,5289,210,6373,228,4932,154,122,122,0,True,0,0,12,124,357,0.580952380952381,1.0,False,0,0,2.0,0.0,7.0,4.166666666666667,0.16666666666666666,4.0,31.70917358325672,10.333333333333334,48,1,0,1,0,0,0,1.0227032499997222
stress,3.0,local-flat,8,mixed,radius,3,40,0.03,3.0,5463,257,6570,271,5062,175,122,122,0,True,0,0,12,680,401,0.47470817120622566,1.0,False,0,0,2.0,0.0,9.5,3.5833333333333335,0.25,3.3333333333333335,270.27623616667523,56.666666666666664,37,2,4,0,0,0,0,4.038285000000087
stress,3.0,solo,0,mixed,radius,3,40,0.03,3.0,5894,230,6789,252,5294,165,122,122,0,True,0,0,12,125,600,0.5304347826086957,1.0,False,0,0,2.0,0.0,12.5,4.666666666666667,2.0833333333333335,2.5833333333333335,183.59123591657558,10.416666666666666,55,1,0,0,0,0,0,3.1918962089998786
stress,3.0,solo,6,mixed,radius,3,40,0.03,3.0,5264,252,6272,274,5009,186,122,122,0,True,0,0,12,60,255,0.48412698412698413,1.0,False,0,0,2.0,0.0,6.0,3.0833333333333335,0.0,3.0833333333333335,15.090739749894055,5.0,37,0,0,0,0,0,0,0.6989784590000454
stress,3.0,solo,5,mixed,radius,3,40,0.03,3.0,5462,194,6406,221,5105,176,122,122,0,True,0,0,12,105,357,0.6288659793814433,1.0,False,0,0,2.0,0.5,7.5,5.0,0.0,5.0,53.07601025000016,8.75,58,0,0,0,0,0,0,1.470700708000095
stress,3.0,solo,4,mixed,radius,3,40,0.03,3.0,5723,244,6772,270,5163,180,122,122,0,True,0,0,12,133,560,0.5,1.0,False,0,0,2.0,0.0,10.5,4.916666666666667,0.16666666666666666,4.75,120.39367008333102,11.083333333333334,56,1,1,0,0,0,0,2.2401811670001734
stress,3.0,solo,9,mixed,radius,3,40,0.03,3.0,5477,206,6544,242,5156,176,122,122,0,True,0,0,12,91,321,0.5922330097087378,1.0,False,0,0,2.0,0.0,3.0,3.0,0.6666666666666666,2.3333333333333335,40.93405558326898,7.583333333333333,36,0,0,0,0,0,0,1.037106666999989
stress,3.0,solo,7,mixed,radius,3,40,0.03,3.0,5863,277,6806,298,5378,199,122,122,0,True,0,0,12,146,485,0.4404332129963899,1.0,False,0,0,2.0,0.0,13.5,5.166666666666667,0.0,5.166666666666667,53.01491650004664,12.166666666666666,61,0,0,0,0,0,0,1.7013531249999687
stress,3.0,solo,8,mixed,radius,3,40,0.03,3.0,5443,257,6558,271,5062,175,122,122,0,True,0,0,12,63,381,0.47470817120622566,1.0,False,0,0,2.0,0.0,9.5,3.25,0.0,3.25,41.88167366665615,5.25,39,0,0,0,0,0,0,1.3041407079999772
stress,3.0,local-flat,4,mixed,radius,3,40,0.03,3.0,5738,242,6769,268,5163,180,122,122,0,True,0,0,12,1415,575,0.5041322314049587,1.0,False,0,0,2.0,0.5,5.5,5.666666666666667,0.75,4.916666666666667,699.4286215832896,117.91666666666667,50,5,12,0,0,0,0,9.028130749999946
stress,3.0,full,1,mixed,radius,3,40,0.03,3.0,5829,228,6954,258,5456,183,122,122,0,True,0,0,12,960,373,0.5350877192982456,1.0,False,0,0,2.0,1.0,0.0,26.666666666666668,23.666666666666668,3.0,198.26873275004195,80.0,0,0,0,0,480,0,0,3.296527208000043
stress,3.0,full,3,mixed,radius,3,40,0.03,3.0,5331,169,6405,198,4932,154,122,122,0,True,0,0,12,960,399,0.7218934911242604,1.0,False,0,0,2.0,1.0,0.0,27.916666666666668,24.833333333333332,3.0833333333333335,248.7612291665755,80.0,0,0,0,0,480,0,0,3.513724999999795
stress,3.0,full,0,mixed,radius,3,40,0.03,3.0,5648,205,6554,227,5294,165,122,122,0,True,0,0,12,960,354,0.5951219512195122,1.0,False,0,0,2.0,1.0,0.0,25.916666666666668,22.666666666666668,3.25,345.80960050000914,80.0,0,0,0,0,480,0,0,5.116768083999887
stress,3.0,local-flat,0,mixed,radius,3,40,0.03,3.0,5785,222,6677,244,5294,165,122,122,0,True,0,0,12,1118,491,0.5495495495495496,1.0,False,0,0,2.0,0.5,2.0,5.333333333333333,2.75,2.5833333333333335,1160.1926700833094,93.16666666666667,46,11,7,0,0,0,0,14.74112358299999
stress,3.0,full,2,mixed,radius,3,40,0.03,3.0,5667,185,6796,201,5094,159,122,122,0,True,0,0,12,960,573,0.6594594594594595,1.0,False,0,0,2.0,1.0,0.0,31.583333333333332,28.666666666666668,2.9166666666666665,403.0784930833988,80.0,0,0,0,0,480,0,0,5.430028665999998
stress,3.0,full,4,mixed,radius,3,40,0.03,3.0,5856,197,6865,233,5163,180,122,122,0,True,0,0,12,950,693,0.6192893401015228,1.0,False,0,0,2.0,1.0,0.0,33.166666666666664,28.416666666666668,4.75,399.58552783339957,79.16666666666667,0,0,0,0,470,0,0,5.405199249999896
stress,3.0,full,5,mixed,radius,3,40,0.03,3.0,5684,265,6711,283,5105,176,122,122,0,True,0,0,12,920,579,0.46037735849056605,1.0,False,0,0,2.0,1.0,0.0,27.833333333333332,22.083333333333332,5.75,404.9603263334423,76.66666666666667,1,0,0,0,431,0,0,5.6358782500001325
stress,3.0,full,6,mixed,radius,3,40,0.03,3.0,5466,244,6487,266,5009,186,122,122,0,True,0,0,12,960,457,0.5,1.0,False,0,0,2.0,1.0,0.0,31.583333333333332,28.666666666666668,2.9166666666666665,286.1373161667113,80.0,0,0,0,0,480,0,0,3.899482833000093
stress,3.0,full,7,mixed,radius,3,40,0.03,3.0,5786,280,6806,307,5378,199,122,122,0,True,0,0,12,969,408,0.4357142857142857,1.0,False,0,0,2.0,1.0,0.0,28.083333333333332,22.666666666666668,5.416666666666667,264.5388333333661,80.75,0,0,0,0,471,0,0,4.055316542000128
stress,3.0,local,0,mixed,radius,3,40,0.03,3.0,5787,226,6690,248,5294,165,122,122,0,True,0,0,12,1255,493,0.5398230088495575,1.0,False,0,0,2.0,0.5,3.0,5.25,2.6666666666666665,2.5833333333333335,2069.4005836666443,104.58333333333333,45,6,12,0,0,0,0,25.521163749999687
stress,3.0,full,9,mixed,radius,3,40,0.03,3.0,5512,190,6695,226,5156,176,122,122,0,True,0,0,12,882,356,0.6421052631578947,1.0,False,0,0,2.0,0.5,1.0,21.25,18.916666666666668,2.3333333333333335,326.6075346666639,73.5,2,0,0,0,400,0,0,4.678902707999896
stress,3.0,full,8,mixed,radius,3,40,0.03,3.0,5535,217,6719,231,5062,175,122,122,0,True,0,0,12,960,473,0.5622119815668203,1.0,False,0,0,2.0,0.0,7.0,29.25,26.0,3.25,464.2339444166434,80.0,0,0,0,0,480,0,0,6.235538083000392
stress,6.0,local,1,mixed,radius,6,40,0.03,3.0,5884,226,7012,256,5456,183,122,122,0,True,0,0,12,1896,428,0.5398230088495575,1.0,False,0,0,2.0,0.5,8.5,3.0833333333333335,0.3333333333333333,2.75,395.865017416592,158.0,30,0,7,0,0,0,0,5.561654332999751
stress,6.0,local,2,mixed,radius,6,40,0.03,3.0,5378,216,6436,229,5094,159,122,122,0,True,0,0,12,1869,284,0.5648148148148148,1.0,False,0,0,2.0,0.5,8.5,4.083333333333333,0.6666666666666666,3.4166666666666665,313.03698958333825,155.75,32,11,5,1,0,0,1,4.553236749999996
stress,6.0,local,6,mixed,radius,6,40,0.03,3.0,5193,251,6200,273,5009,186,122,122,0,True,0,0,12,1521,184,0.4860557768924303,1.0,False,0,0,2.0,0.0,5.0,3.3333333333333335,0.5,2.8333333333333335,339.7211736666274,126.75,29,7,4,0,0,0,0,4.577347334000024
stress,6.0,local,9,mixed,radius,6,40,0.03,3.0,5408,212,6469,248,5156,176,122,122,0,True,0,0,12,2090,252,0.5754716981132075,1.0,False,0,0,2.0,0.0,6.0,3.4166666666666665,1.25,2.1666666666666665,476.3083022499662,174.16666666666666,26,4,11,0,0,0,1,6.311536624999917
stress,6.0,local,7,mixed,radius,6,40,0.03,3.0,5736,253,6659,274,5378,199,122,122,0,True,0,0,12,3121,358,0.48221343873517786,1.0,False,0,0,2.0,0.0,15.5,6.0,0.9166666666666666,5.083333333333333,641.309170249959,260.0833333333333,46,10,15,0,0,0,1,8.586278167000273
stress,6.0,local,5,mixed,radius,6,40,0.03,3.0,5395,219,6332,237,5105,176,122,122,0,True,0,0,12,3174,290,0.5570776255707762,1.0,False,0,0,2.0,0.5,7.5,6.583333333333333,1.6666666666666667,4.916666666666667,807.621833416647,264.5,41,17,19,0,0,0,0,10.544178583000303
stress,6.0,local-flat,1,mixed,radius,6,40,0.03,3.0,5884,226,7012,256,5456,183,122,122,0,True,0,0,12,1756,428,0.5398230088495575,1.0,False,0,0,2.0,0.5,8.5,3.0833333333333335,0.3333333333333333,2.75,259.4429894999924,146.33333333333334,30,0,7,0,0,0,0,3.8851339999996526
stress,6.0,local-flat,2,mixed,radius,6,40,0.03,3.0,5377,216,6436,229,5094,159,122,122,0,True,0,0,12,1561,283,0.5648148148148148,1.0,False,0,0,2.0,0.5,8.5,4.166666666666667,0.75,3.4166666666666665,227.96159399998336,130.08333333333334,31,10,8,1,0,0,0,3.356935040999815
stress,6.0,local,8,mixed,radius,6,40,0.03,3.0,5411,245,6511,259,5062,175,122,122,0,True,0,0,12,2171,349,0.49795918367346936,1.0,False,0,0,2.0,0.0,11.0,4.0,0.75,3.25,1031.0712811665705,180.91666666666666,29,9,10,0,0,0,0,13.048557290999725
stress,6.0,local,3,mixed,radius,6,40,0.03,3.0,5235,192,6305,210,4932,154,122,122,0,True,0,0,12,2953,303,0.6354166666666666,1.0,False,0,0,2.0,0.0,5.0,4.25,0.16666666666666666,4.083333333333333,1469.1879234167875,246.08333333333334,45,2,4,0,0,0,0,18.372768499999893
stress,6.0,local-flat,3,mixed,radius,6,40,0.03,3.0,5235,192,6305,210,4932,154,122,122,0,True,0,0,12,2263,303,0.6354166666666666,1.0,False,0,0,2.0,0.0,5.0,4.25,0.16666666666666666,4.083333333333333,523.3142810833821,188.58333333333334,45,2,4,0,0,0,0,6.956677124999715
stress,6.0,local-flat,6,mixed,radius,6,40,0.03,3.0,5193,251,6200,273,5009,186,122,122,0,True,0,0,12,1351,184,0.4860557768924303,1.0,False,0,0,2.0,0.0,5.0,3.3333333333333335,0.5,2.8333333333333335,199.6955901666221,112.58333333333333,29,7,4,0,0,0,0,2.9239230000002863
stress,6.0,local-flat,5,mixed,radius,6,40,0.03,3.0,5395,219,6332,237,5105,176,122,122,0,True,0,0,12,2808,290,0.5570776255707762,1.0,False,0,0,2.0,0.5,7.5,6.583333333333333,1.6666666666666667,4.916666666666667,490.454725833312,234.0,41,17,19,0,0,0,0,6.844301834000362
stress,6.0,local-flat,9,mixed,radius,6,40,0.03,3.0,5439,208,6500,244,5156,176,122,122,0,True,0,0,12,1769,283,0.5865384615384616,1.0,False,0,0,2.0,0.0,4.0,3.3333333333333335,1.0833333333333333,2.25,272.75552091672733,147.41666666666666,29,9,2,0,0,0,0,3.8470130420000714
stress,6.0,local-flat,7,mixed,radius,6,40,0.03,3.0,5733,253,6655,274,5378,199,122,122,0,True,0,0,12,2712,355,0.48221343873517786,1.0,False,0,0,2.0,0.0,16.5,6.0,0.9166666666666666,5.083333333333333,411.9669305833516,226.0,46,10,15,0,0,0,0,5.790469709000263
stress,6.0,solo,2,mixed,radius,6,40,0.03,3.0,5388,222,6459,235,5094,159,122,122,0,True,0,0,12,213,294,0.5495495495495496,1.0,False,0,0,2.0,0.5,8.5,3.3333333333333335,0.0,3.3333333333333335,17.79955558322399,17.75,38,1,0,1,0,0,0,0.7790385000002971
stress,6.0,solo,1,mixed,radius,6,40,0.03,3.0,5908,226,7039,256,5456,183,122,122,0,True,0,0,12,233,452,0.5398230088495575,1.0,False,0,0,2.0,0.5,8.5,3.0,0.25,2.75,28.232958333395192,19.416666666666668,34,0,2,0,0,0,0,1.1106985420001365
stress,6.0,solo,0,mixed,radius,6,40,0.03,3.0,5894,230,6789,252,5294,165,122,122,0,True,0,0,12,358,600,0.5304347826086957,1.0,False,0,0,2.0,0.0,12.5,4.666666666666667,2.0833333333333335,2.5833333333333335,153.7063472499085,29.833333333333332,55,1,0,0,0,0,0,2.6072017500000584
stress,6.0,solo,3,mixed,radius,6,40,0.03,3.0,5289,210,6373,228,4932,154,122,122,0,True,0,0,12,274,357,0.580952380952381,1.0,False,0,0,2.0,0.0,7.0,4.166666666666667,0.16666666666666666,4.0,24.097715333444587,22.833333333333332,48,1,0,1,0,0,0,0.8040876670002035
stress,6.0,solo,6,mixed,radius,6,40,0.03,3.0,5264,252,6272,274,5009,186,122,122,0,True,0,0,12,193,255,0.48412698412698413,1.0,False,0,0,2.0,0.0,6.0,3.0833333333333335,0.0,3.0833333333333335,14.516819499893549,16.083333333333332,37,0,0,0,0,0,0,0.6891232500001934
stress,6.0,solo,5,mixed,radius,6,40,0.03,3.0,5462,194,6391,221,5105,176,122,122,0,True,0,0,12,302,357,0.6288659793814433,1.0,False,0,0,2.0,0.5,7.5,5.0,0.0,5.0,50.89227074999295,25.166666666666668,58,0,0,0,0,0,0,1.4776178339998296
stress,6.0,solo,4,mixed,radius,6,40,0.03,3.0,5741,216,6767,252,5163,180,122,122,0,True,0,0,12,357,578,0.5648148148148148,1.0,False,0,0,2.0,0.0,10.5,4.833333333333333,0.16666666666666666,4.666666666666667,108.09418741663042,29.75,55,2,0,0,0,0,0,1.83571024999992
stress,6.0,local-flat,8,mixed,radius,6,40,0.03,3.0,5411,245,6511,259,5062,175,122,122,0,True,0,0,12,1843,349,0.49795918367346936,1.0,False,0,0,2.0,0.0,11.0,4.0,0.75,3.25,586.7045000833665,153.58333333333334,29,9,10,0,0,0,0,7.629350749999958
stress,6.0,solo,8,mixed,radius,6,40,0.03,3.0,5443,257,6558,271,5062,175,122,122,0,True,0,0,12,198,381,0.47470817120622566,1.0,False,0,0,2.0,0.0,9.5,3.25,0.0,3.25,30.25465641671114,16.5,39,0,0,0,0,0,0,0.9657992079996802
stress,6.0,solo,7,mixed,radius,6,40,0.03,3.0,5853,277,6793,298,5378,199,122,122,0,True,0,0,12,411,475,0.4404332129963899,1.0,False,0,0,2.0,0.0,13.5,5.25,0.08333333333333333,5.166666666666667,44.52201733329275,34.25,60,0,2,0,0,0,0,1.4282807089998641
stress,6.0,solo,9,mixed,radius,6,40,0.03,3.0,5477,206,6544,242,5156,176,122,122,0,True,0,0,12,254,321,0.5922330097087378,1.0,False,0,0,2.0,0.0,3.0,3.0,0.6666666666666666,2.3333333333333335,29.851996500042333,21.166666666666668,36,0,0,0,0,0,0,0.9297599589999663
stress,6.0,local-flat,4,mixed,radius,6,40,0.03,3.0,5689,219,6674,255,5163,180,122,122,0,True,0,0,12,3940,526,0.5570776255707762,1.0,False,0,0,2.0,1.0,0.0,6.75,1.75,5.0,1081.1592499166334,328.3333333333333,39,24,17,0,0,0,0,13.575143124999613
stress,6.0,full,1,mixed,radius,6,40,0.03,3.0,5829,228,6954,258,5456,183,122,122,0,True,0,0,12,960,373,0.5350877192982456,1.0,False,0,0,2.0,1.0,0.0,26.666666666666668,23.666666666666668,3.0,199.63318408334393,80.0,0,0,0,0,480,0,0,3.1957788330000767
stress,6.0,local,4,mixed,radius,6,40,0.03,3.0,5709,215,6686,251,5163,180,122,122,0,True,0,0,12,4460,546,0.5674418604651162,1.0,False,0,0,2.0,0.5,7.0,6.166666666666667,1.1666666666666667,5.0,2459.327923333376,371.6666666666667,42,20,11,0,0,0,0,30.12206683300019
stress,6.0,full,3,mixed,radius,6,40,0.03,3.0,5331,169,6405,198,4932,154,122,122,0,True,0,0,12,960,399,0.7218934911242604,1.0,False,0,0,2.0,1.0,0.0,27.916666666666668,24.833333333333332,3.0833333333333335,248.31975000002635,80.0,0,0,0,0,480,0,0,3.4184013340000092
stress,6.0,full,0,mixed,radius,6,40,0.03,3.0,5648,205,6554,227,5294,165,122,122,0,True,0,0,12,960,354,0.5951219512195122,1.0,False,0,0,2.0,1.0,0.0,25.916666666666668,22.666666666666668,3.25,359.84615983322027,80.0,0,0,0,0,480,0,0,4.948181666999972
stress,6.0,full,4,mixed,radius,6,40,0.03,3.0,5833,197,6824,233,5163,180,122,122,0,True,0,0,12,962,670,0.6192893401015228,1.0,False,0,0,2.0,1.0,0.0,35.416666666666664,30.5,4.916666666666667,333.76876375011005,80.16666666666667,0,0,0,0,470,0,0,4.593286458999955
stress,6.0,full,2,mixed,radius,6,40,0.03,3.0,5667,185,6796,201,5094,159,122,122,0,True,0,0,12,960,573,0.6594594594594595,1.0,False,0,0,2.0,1.0,0.0,31.583333333333332,28.666666666666668,2.9166666666666665,372.2702325833325,80.0,0,0,0,0,480,0,0,5.024707457999739
stress,6.0,full,6,mixed,radius,6,40,0.03,3.0,5466,244,6487,266,5009,186,122,122,0,True,0,0,12,960,457,0.5,1.0,False,0,0,2.0,1.0,0.0,31.583333333333332,28.666666666666668,2.9166666666666665,240.85708333344277,80.0,0,0,0,0,480,0,0,3.3533346670001265
stress,6.0,full,7,mixed,radius,6,40,0.03,3.0,5786,280,6806,307,5378,199,122,122,0,True,0,0,12,975,408,0.4357142857142857,1.0,False,0,0,2.0,1.0,0.0,28.083333333333332,22.666666666666668,5.416666666666667,224.87618416660857,81.25,0,0,0,0,471,0,0,3.558988917000079
stress,30.0,local,0,mixed,crowd,6,30,0.03,3.0,3266,163,3845,177,3076,123,92,92,0,True,0,0,8,1130,190,0.5644171779141104,1.0,False,0,0,2.0,0.0,11.5,5.375,2.125,3.25,276.40740637508543,141.25,11,22,9,0,0,0,2,2.856772583000293
stress,6.0,local-flat,0,mixed,radius,6,40,0.03,3.0,5818,227,6713,249,5294,165,122,122,0,True,0,0,12,3245,524,0.5374449339207048,1.0,False,0,0,2.0,0.0,12.0,6.416666666666667,3.5833333333333335,2.8333333333333335,2412.609145749949,270.4166666666667,33,21,23,0,0,0,0,29.549833916999887
stress,6.0,full,9,mixed,radius,6,40,0.03,3.0,5512,190,6695,226,5156,176,122,122,0,True,0,0,12,889,356,0.6421052631578947,1.0,False,0,0,2.0,0.5,1.0,21.25,18.916666666666668,2.3333333333333335,272.13496524996117,74.08333333333333,2,0,0,0,400,0,0,3.903063375000329
stress,6.0,full,5,mixed,radius,6,40,0.03,3.0,5561,198,6575,215,5105,176,122,122,0,True,0,0,12,945,456,0.6161616161616161,1.0,False,0,0,2.0,1.0,0.0,28.5,23.166666666666668,5.333333333333333,437.88694116669075,78.75,1,0,0,0,431,0,0,5.981248666000283
stress,6.0,full,8,mixed,radius,6,40,0.03,3.0,5535,217,6719,231,5062,175,122,122,0,True,0,0,12,960,473,0.5622119815668203,1.0,False,0,0,2.0,0.0,7.0,29.25,26.0,3.25,385.32908324994725,80.0,0,0,0,0,480,0,0,5.290122249999968
stress,30.0,local,2,mixed,crowd,6,30,0.03,3.0,3585,192,4239,211,3225,142,92,92,0,True,0,0,8,4102,360,0.4791666666666667,1.0,False,0,0,2.0,0.0,12.5,7.5,3.75,3.75,609.8854585000595,512.75,39,9,12,2,0,0,3,5.269082667000021
stress,30.0,local,1,mixed,crowd,6,30,0.03,3.0,3507,174,4048,190,3223,134,92,92,0,True,0,0,8,2536,284,0.5287356321839081,1.0,False,0,0,2.0,0.0,6.5,5.0,1.5,3.5,1666.730984625076,317.0,16,10,13,0,0,0,0,13.84279341599995
stress,30.0,local,7,mixed,crowd,6,30,0.03,3.0,3549,160,4024,175,3240,142,92,92,0,True,0,0,8,2159,309,0.575,1.0,False,0,0,2.0,0.5,3.5,4.75,1.0,3.75,1336.0288595000611,269.875,23,3,4,0,0,7,0,11.107151208000232
stress,6.0,local,0,mixed,radius,6,40,0.03,3.0,5746,230,6622,252,5294,165,122,122,0,True,0,0,12,3391,452,0.5304347826086957,1.0,False,0,0,2.0,0.5,3.0,5.833333333333333,3.4166666666666665,2.4166666666666665,4185.509638916604,282.5833333333333,31,22,17,0,0,0,0,51.01088487499965
stress,30.0,local-flat,0,mixed,crowd,6,30,0.03,3.0,3295,161,3873,175,3076,123,92,92,0,True,0,0,8,1459,219,0.5714285714285714,1.0,False,0,0,2.0,0.0,11.5,4.625,1.0,3.625,321.5530208749442,182.375,18,11,7,0,0,0,0,3.1615073329999177
stress,30.0,local-flat,2,mixed,crowd,6,30,0.03,3.0,3421,180,4074,202,3225,142,92,92,0,True,0,0,8,2022,196,0.5111111111111111,1.0,False,0,0,2.0,0.0,10.0,5.75,2.375,3.375,174.44090099991172,252.75,28,6,12,0,0,0,0,1.759944207999979
stress,30.0,local-flat,1,mixed,crowd,6,30,0.03,3.0,3507,174,4048,190,3223,134,92,92,0,True,0,0,8,1840,284,0.5287356321839081,1.0,False,0,0,2.0,0.0,6.5,5.0,1.5,3.5,704.8032029999263,230.0,16,10,13,0,0,0,0,6.146339040999919
stress,30.0,local,9,mixed,crowd,6,30,0.03,3.0,3402,191,3986,200,3256,128,92,92,0,True,0,0,8,1502,146,0.4816753926701571,1.0,False,0,0,2.0,0.0,6.5,4.125,1.125,3.0,1199.9307501249632,187.75,12,9,11,0,0,0,1,10.232105084000068
stress,30.0,local,8,mixed,crowd,6,30,0.03,3.0,3760,192,4473,210,3264,132,92,92,0,True,0,0,8,3025,496,0.4791666666666667,1.0,False,0,0,2.0,0.5,4.0,5.375,0.875,4.5,2253.6635312500266,378.125,20,10,13,0,0,0,1,18.731713000000127
stress,30.0,local,5,mixed,crowd,6,30,0.03,3.0,3641,195,4189,208,3198,131,92,92,0,True,0,0,8,4044,443,0.4717948717948718,1.0,False,0,0,2.0,0.5,5.0,7.5,1.625,5.875,3341.1026771249226,505.5,33,17,9,0,0,0,3,27.24446854100006
stress,30.0,local-flat,7,mixed,crowd,6,30,0.03,3.0,3558,174,4040,185,3240,142,92,92,0,True,0,0,8,1607,318,0.5287356321839081,1.0,False,0,0,2.0,0.5,3.5,4.5,0.75,3.75,683.2319166250045,200.875,22,5,8,0,0,0,0,5.913082833999852
stress,30.0,local-flat,3,mixed,crowd,6,30,0.03,3.0,3523,175,4055,207,2997,129,92,92,0,True,0,0,8,5401,526,0.5257142857142857,1.0,False,0,0,2.0,0.0,23.0,8.875,2.375,6.5,2078.047437375062,675.125,45,16,12,1,0,0,0,16.924357207999947
stress,30.0,local,3,mixed,crowd,6,30,0.03,3.0,3585,170,4113,198,2997,129,92,92,0,True,0,0,8,5899,588,0.5411764705882353,1.0,False,0,0,2.0,0.0,12.5,8.875,2.25,6.625,4409.968437374914,737.375,43,17,13,1,0,0,2,35.65832708300013
stress,30.0,solo,0,mixed,crowd,6,30,0.03,3.0,3403,167,4017,181,3076,123,92,92,0,True,0,0,8,207,327,0.5508982035928144,1.0,False,0,0,2.0,0.0,15.0,3.75,0.0,3.75,44.03731237505326,25.875,29,0,0,0,0,0,0,0.9463070419997166
stress,30.0,local-flat,5,mixed,crowd,6,30,0.03,3.0,3658,195,4208,208,3198,131,92,92,0,True,0,0,8,3409,460,0.4717948717948718,1.0,False,0,0,2.0,0.0,5.5,7.0,1.0,6.0,1807.9539636250388,426.125,36,11,8,0,0,0,0,15.007742875000076
stress,30.0,solo,1,mixed,crowd,6,30,0.03,3.0,3553,181,4113,197,3223,134,92,92,0,True,0,0,8,490,330,0.5082872928176796,1.0,False,0,0,2.0,0.0,18.5,5.25,1.75,3.5,124.22254687504619,61.25,39,2,0,0,0,0,0,1.4807264580003903
stress,30.0,solo,2,mixed,crowd,6,30,0.03,3.0,3471,168,4090,190,3225,142,92,92,0,True,0,0,8,122,246,0.5476190476190477,1.0,False,0,0,2.0,0.0,8.5,2.75,0.0,2.75,15.511301874937544,15.25,22,0,0,0,0,0,0,0.4689118750002308
stress,30.0,solo,4,mixed,crowd,6,30,0.03,3.0,3867,172,4425,194,3242,137,92,92,0,True,0,0,8,482,625,0.5348837209302325,1.0,False,0,0,2.0,0.0,9.5,7.875,2.125,5.75,180.92775549996531,60.25,60,0,2,0,0,0,0,1.9228059170000051
stress,30.0,solo,5,mixed,crowd,6,30,0.03,3.0,3604,190,4153,203,3198,131,92,92,0,True,0,0,8,273,406,0.4842105263157895,1.0,False,0,0,2.0,0.0,7.0,5.375,0.0,5.375,61.465286249926976,34.125,42,0,0,0,0,0,0,0.9909619579998434
stress,30.0,local-flat,9,mixed,crowd,6,30,0.03,3.0,3447,206,4034,215,3256,128,92,92,0,True,0,0,8,1347,191,0.44660194174757284,1.0,False,0,0,2.0,0.0,6.5,3.875,1.0,2.875,696.1939478748604,168.375,11,7,12,0,0,0,0,6.193608792000305
stress,30.0,solo,7,mixed,crowd,6,30,0.03,3.0,3608,167,4112,180,3240,142,92,92,0,True,0,0,8,162,368,0.5508982035928144,1.0,False,0,0,2.0,0.5,3.5,4.0,0.0,4.0,52.07810399991786,20.25,31,0,0,0,0,0,0,0.820592083000065
stress,30.0,local-flat,8,mixed,crowd,6,30,0.03,3.0,3753,192,4477,214,3264,132,92,92,0,True,0,0,8,2212,489,0.4791666666666667,1.0,False,0,0,2.0,0.5,3.5,5.625,1.125,4.5,982.0360363750638,276.5,18,14,13,0,0,0,0,8.557803417000287
stress,30.0,solo,8,mixed,crowd,6,30,0.03,3.0,3786,186,4526,208,3264,132,92,92,0,True,0,0,8,228,522,0.4946236559139785,1.0,False,0,0,2.0,0.0,19.5,4.875,0.0,4.875,72.0200522499681,28.5,39,0,0,0,0,0,0,1.2831553330001952
stress,30.0,solo,9,mixed,crowd,6,30,0.03,3.0,3524,210,4127,219,3256,128,92,92,0,True,0,0,8,122,268,0.4380952380952381,1.0,False,0,0,2.0,0.0,6.5,2.625,0.0,2.625,36.99456762490172,15.25,20,0,0,0,0,0,0,0.8806768750000629
stress,30.0,local-flat,4,mixed,crowd,6,30,0.03,3.0,3653,167,4168,186,3242,137,92,92,0,True,0,0,8,3464,411,0.5508982035928144,1.0,False,0,0,2.0,0.0,1.5,7.125,1.25,5.875,2963.1556248749575,433.0,33,13,10,0,0,0,0,24.1912256669998
stress,30.0,local-flat,6,mixed,crowd,6,30,0.03,3.0,452,105,8131,276,2990,128,19,92,0,False,0,0,8,1621944,-2538,0.18095238095238095,0.20652173913043478,True,0,29,2.0,0.0,0.0,4.75,3.125,1.875,2753.9601083711887,202743.0,7,0,2,31,0,0,0,22.423682459000247
stress,30.0,full,1,mixed,crowd,6,30,0.03,3.0,3568,176,4178,192,3223,134,92,92,0,True,0,0,8,492,345,0.5227272727272727,1.0,False,0,0,2.0,1.0,0.0,28.625,24.5,4.125,218.17481262507954,61.5,0,0,0,0,237,0,0,2.2627002500003073
stress,30.0,full,2,mixed,crowd,6,30,0.03,3.0,3604,155,4225,177,3225,142,92,92,0,True,0,0,8,480,379,0.5935483870967742,1.0,False,0,0,2.0,1.0,0.0,27.25,22.75,4.5,170.99210949999133,60.0,0,0,0,0,240,0,0,1.8109873750004226
stress,30.0,full,0,mixed,crowd,6,30,0.03,3.0,3477,183,4081,193,3076,123,92,92,0,True,0,0,8,479,401,0.5027322404371585,1.0,False,0,0,2.0,0.5,3.0,25.0,20.625,4.375,337.8486093750439,59.875,1,0,0,0,205,0,0,3.2600265000000945
stress,30.0,full,3,mixed,crowd,6,30,0.03,3.0,3587,160,4139,171,2997,129,92,92,0,True,0,0,8,526,590,0.575,1.0,False,0,0,2.0,1.0,0.0,27.0,21.125,5.875,253.59832812512195,65.75,0,0,0,0,238,0,0,2.344795124999564
stress,30.0,full,5,mixed,crowd,6,30,0.03,3.0,3645,184,4222,196,3198,131,92,92,0,True,0,0,8,514,447,0.5,1.0,False,0,0,2.0,0.5,18.0,20.25,14.5,5.75,312.31570825002564,64.25,10,0,0,0,180,0,0,3.019197666999844
stress,30.0,full,6,mixed,crowd,6,30,0.03,3.0,3156,137,3848,154,2990,128,92,92,0,True,0,0,8,452,166,0.6715328467153284,1.0,False,0,0,2.0,1.0,0.0,21.625,19.625,2.0,301.87082800017606,56.5,1,0,0,0,210,0,0,2.8348007919998963
stress,30.0,full,7,mixed,crowd,6,30,0.03,3.0,3560,152,4127,161,3240,142,92,92,0,True,0,0,8,496,320,0.6052631578947368,1.0,False,0,0,2.0,1.0,0.0,25.875,22.125,3.75,245.56251574995258,62.0,0,0,0,0,237,0,0,2.3432328750000124
stress,30.0,full,4,mixed,crowd,6,30,0.03,3.0,3687,164,4234,187,3242,137,92,92,0,True,0,0,8,500,445,0.5609756097560976,1.0,False,0,0,2.0,1.0,0.0,29.125,23.25,5.875,504.22126075005735,62.5,0,0,0,0,237,0,0,4.598876292000114
stress,0.0,local,0,mixed,unsafe,6,20,0.0,3.0,2740,248,3346,279,2584,175,62,62,0,True,0,0,4,91,156,0.25,1.0,False,0,0,2.0,0.5,22.0,1.25,0.0,1.25,13.194323000107033,22.75,5,0,0,0,0,0,0,0.2679447089999485
stress,0.0,local,2,mixed,unsafe,6,20,0.0,3.0,2478,230,2917,245,2395,148,62,62,0,True,0,0,4,134,83,0.26956521739130435,1.0,False,0,0,2.0,0.0,2.0,2.75,0.25,2.5,16.914437499963242,33.5,8,2,0,0,0,0,0,0.18101933299976736
stress,0.0,local,1,mixed,unsafe,6,20,0.0,3.0,2656,177,3201,200,2532,167,62,62,0,True,0,0,4,126,124,0.3502824858757062,1.0,False,0,0,2.0,0.5,0.5,1.5,0.25,1.25,29.561447999867596,31.5,4,2,0,0,0,0,0,0.27907820800010086
stress,30.0,full,8,mixed,crowd,6,30,0.03,3.0,3834,169,4605,192,3264,132,92,92,0,True,0,0,8,480,570,0.5443786982248521,1.0,False,0,0,2.0,1.0,0.0,28.0,23.0,5.0,252.20520312507233,60.0,0,0,0,0,240,0,0,2.6729040420000274
stress,0.0,local,3,mixed,unsafe,6,20,0.0,3.0,2389,184,3037,344,2292,150,59,62,0,False,0,0,4,19312,97,0.32065217391304346,0.9516129032258065,True,1,0,2.0,0.5,0.0,3.5,1.75,2.0,218.27021849924222,4828.0,10,2,0,2,0,0,0,1.0048054169997158
stress,0.0,local,5,mixed,unsafe,6,20,0.0,3.0,2496,174,2970,194,2367,150,62,62,0,True,0,0,4,271,129,0.3563218390804598,1.0,False,0,0,2.0,1.0,0.0,3.5,0.75,2.75,26.312374999861277,67.75,7,2,4,0,0,0,0,0.30421841700035657
stress,0.0,local,4,mixed,unsafe,6,20,0.0,3.0,2493,241,2858,262,2369,159,62,62,0,True,0,0,4,548,124,0.2572614107883817,1.0,False,0,0,2.0,0.5,3.0,6.5,0.75,5.75,391.6982502499877,137.0,19,0,5,0,0,0,0,1.6435110829997939
stress,0.0,local,6,mixed,unsafe,6,20,0.0,3.0,2434,204,2947,224,2318,145,62,62,0,True,0,0,4,250,116,0.30392156862745096,1.0,False,0,0,2.0,0.5,1.5,3.25,0.25,3.0,135.24779149997812,62.5,10,0,2,0,0,0,0,0.8126674580003055
stress,30.0,solo,6,mixed,crowd,6,30,0.03,3.0,452,105,8131,276,2990,128,19,92,0,False,0,0,8,1616257,-2538,0.18095238095238095,0.20652173913043478,True,0,29,2.0,0.0,0.0,4.625,3.0,1.875,1400.2684347518652,202032.125,8,0,0,31,0,0,0,11.608630875000017
stress,0.0,local,9,mixed,unsafe,6,20,0.0,3.0,2552,178,3027,185,2443,173,62,62,0,True,0,0,4,76,109,0.34831460674157305,1.0,False,0,0,2.0,1.0,0.0,1.75,0.5,1.25,7.242572499876587,19.0,4,0,3,0,0,0,0,0.19472979200008922
stress,0.0,local-flat,0,mixed,unsafe,6,20,0.0,3.0,2740,248,3346,279,2584,175,62,62,0,True,0,0,4,78,156,0.25,1.0,False,0,0,2.0,0.5,22.0,1.25,0.0,1.25,6.38092724989292,19.5,5,0,0,0,0,0,0,0.237982749999901
stress,0.0,local-flat,1,mixed,unsafe,6,20,0.0,3.0,2656,177,3201,200,2532,167,62,62,0,True,0,0,4,118,124,0.3502824858757062,1.0,False,0,0,2.0,0.5,0.5,1.5,0.25,1.25,12.864635500022814,29.5,4,2,0,0,0,0,0,0.2000290840001071
stress,0.0,local-flat,2,mixed,unsafe,6,20,0.0,3.0,2478,230,2917,245,2395,148,62,62,0,True,0,0,4,126,83,0.26956521739130435,1.0,False,0,0,2.0,0.0,2.0,2.75,0.25,2.5,15.869687499957763,31.5,8,2,0,0,0,0,0,0.15874545799988482
stress,30.0,full,9,mixed,crowd,6,30,0.03,3.0,3423,171,3940,196,3256,128,92,92,0,True,0,0,8,498,167,0.5380116959064327,1.0,False,0,0,2.0,1.0,0.0,24.75,20.125,4.625,386.7769741250413,62.25,0,0,0,0,238,0,0,3.7443212079997465
stress,0.0,local-flat,5,mixed,unsafe,6,20,0.0,3.0,2496,174,2970,194,2367,150,62,62,0,True,0,0,4,268,129,0.3563218390804598,1.0,False,0,0,2.0,1.0,0.0,3.5,0.75,2.75,24.82035400021232,67.0,7,2,4,0,0,0,0,0.202607290999822
stress,0.0,local,8,mixed,unsafe,6,20,0.0,3.0,2489,200,3243,383,2370,148,60,62,0,False,0,0,4,20958,119,0.3,0.967741935483871,True,1,0,2.0,0.0,6.0,4.5,1.25,3.25,249.08808375084845,5239.5,16,0,0,1,0,0,0,1.0925570839999637
stress,0.0,local-flat,3,mixed,unsafe,6,20,0.0,3.0,2395,186,3045,346,2292,150,59,62,0,False,0,0,4,18539,103,0.3172043010752688,0.9516129032258065,True,1,0,2.0,0.0,1.0,3.25,1.5,2.0,118.35597725030311,4634.75,11,0,0,2,0,0,0,0.5781805839997105
stress,0.0,local-flat,6,mixed,unsafe,6,20,0.0,3.0,2434,204,2947,224,2318,145,62,62,0,True,0,0,4,242,116,0.30392156862745096,1.0,False,0,0,2.0,0.5,1.5,3.25,0.25,3.0,102.70417699996415,60.5,10,0,2,0,0,0,0,0.561749625000175
stress,0.0,local-flat,9,mixed,unsafe,6,20,0.0,3.0,2549,178,3024,185,2443,173,62,62,0,True,0,0,4,65,106,0.34831460674157305,1.0,False,0,0,2.0,0.5,3.0,1.25,0.0,1.25,8.844249750154631,16.25,5,0,0,0,0,0,0,0.221387500000219
stress,0.0,local-flat,4,mixed,unsafe,6,20,0.0,3.0,2493,241,2858,262,2369,159,62,62,0,True,0,0,4,535,124,0.2572614107883817,1.0,False,0,0,2.0,0.5,3.0,6.5,0.75,5.75,277.08199974995296,133.75,19,0,5,0,0,0,0,1.2236869999996998
stress,0.0,solo,0,mixed,unsafe,6,20,0.0,3.0,2740,248,3346,279,2584,175,62,62,0,True,0,0,4,14,156,0.25,1.0,False,0,0,2.0,0.5,22.0,1.25,0.0,1.25,5.00750000003336,3.5,5,0,0,0,0,0,0,0.2178246250000484
stress,0.0,solo,1,mixed,unsafe,6,20,0.0,3.0,2661,184,3208,207,2532,167,62,62,0,True,0,0,4,18,129,0.33695652173913043,1.0,False,0,0,2.0,0.5,1.5,1.25,0.0,1.25,6.015072749960382,4.5,5,0,0,0,0,0,0,0.16606874999979482
stress,0.0,solo,2,mixed,unsafe,6,20,0.0,3.0,2485,230,2926,245,2395,148,62,62,0,True,0,0,4,44,90,0.26956521739130435,1.0,False,0,0,2.0,0.0,3.5,2.5,0.0,2.5,6.900354000322295,11.0,9,0,0,0,0,0,0,0.1219592500001454
stress,0.0,local-flat,8,mixed,unsafe,6,20,0.0,3.0,2488,200,3242,383,2370,148,60,62,0,False,0,0,4,20271,118,0.3,0.967741935483871,True,1,0,2.0,0.0,5.0,4.5,1.25,3.25,219.63440400111267,5067.75,16,0,0,1,0,0,0,0.9886496660001285
stress,0.0,solo,5,mixed,unsafe,6,20,0.0,3.0,2498,174,2979,194,2367,150,62,62,0,True,0,0,4,87,131,0.3563218390804598,1.0,False,0,0,2.0,1.0,0.0,2.75,0.0,2.75,12.10095850012749,21.75,10,0,0,0,0,0,0,0.14675862500007497
stress,0.0,solo,4,mixed,unsafe,6,20,0.0,3.0,2519,241,2888,262,2369,159,62,62,0,True,0,0,4,90,150,0.2572614107883817,1.0,False,0,0,2.0,0.5,3.5,5.25,0.0,5.25,58.11436474994025,22.5,19,0,0,0,0,0,0,0.3195021669998823
stress,0.0,solo,3,mixed,unsafe,6,20,0.0,3.0,2393,186,3043,346,2292,150,59,62,0,False,0,0,4,18125,101,0.3172043010752688,0.9516129032258065,True,1,0,2.0,0.0,1.0,3.25,1.5,2.0,92.39187349976419,4531.25,11,0,0,2,0,0,0,0.49610762499969496
stress,0.0,solo,6,mixed,unsafe,6,20,0.0,3.0,2450,207,2963,227,2318,145,62,62,0,True,0,0,4,55,132,0.2995169082125604,1.0,False,0,0,2.0,0.5,3.0,3.0,0.0,3.0,31.036301999961324,13.75,11,0,0,0,0,0,0,0.30658916700031114
stress,0.0,solo,9,mixed,unsafe,6,20,0.0,3.0,2549,178,3024,185,2443,173,62,62,0,True,0,0,4,11,106,0.34831460674157305,1.0,False,0,0,2.0,0.5,3.0,1.25,0.0,1.25,2.1607292500220865,2.75,5,0,0,0,0,0,0,0.15210358400008772
stress,0.0,solo,8,mixed,unsafe,6,20,0.0,3.0,2488,200,3242,383,2370,148,60,62,0,False,0,0,4,19801,118,0.3,0.967741935483871,True,1,0,2.0,0.0,5.0,4.5,1.25,3.25,110.60953200046697,4950.25,16,0,0,1,0,0,0,0.5554474999999002
stress,0.0,full,0,mixed,unsafe,6,20,0.0,3.0,2736,243,3341,274,2584,175,62,62,0,True,0,0,4,160,152,0.2551440329218107,1.0,False,0,0,2.0,0.5,19.5,15.5,14.5,1.0,70.38546875003249,40.0,0,0,0,0,80,0,0,0.4861684580000656
stress,0.0,full,1,mixed,unsafe,6,20,0.0,3.0,2620,174,3196,200,2532,167,62,62,0,True,0,0,4,160,88,0.3563218390804598,1.0,False,0,0,2.0,1.0,0.0,14.5,13.25,1.25,43.116604249917145,40.0,0,0,0,0,80,0,0,0.3740798750000067
stress,0.0,full,2,mixed,unsafe,6,20,0.0,3.0,2455,230,2900,245,2395,148,62,62,0,True,0,0,4,158,60,0.26956521739130435,1.0,False,0,0,2.0,1.0,0.0,10.75,8.25,2.5,28.131614499898205,39.5,0,0,0,0,76,0,0,0.2586484999997083
stress,0.0,full,4,mixed,unsafe,6,20,0.0,3.0,2446,230,2814,251,2369,159,62,62,0,True,0,0,4,191,77,0.26956521739130435,1.0,False,0,0,2.0,0.5,1.5,15.5,9.25,6.25,99.60163550010748,47.75,0,0,0,0,73,0,0,0.5152029999999286
stress,0.0,full,5,mixed,unsafe,6,20,0.0,3.0,2492,174,2969,191,2367,150,62,62,0,True,0,0,4,203,125,0.3563218390804598,1.0,False,0,0,2.0,1.0,0.0,10.25,7.5,2.75,98.38353124973764,50.75,0,0,0,0,76,0,0,0.5438122919999842
stress,0.0,full,3,mixed,unsafe,6,20,0.0,3.0,2391,185,3040,345,2292,150,59,62,0,False,0,0,4,18159,99,0.31891891891891894,0.9516129032258065,True,1,0,2.0,0.5,0.0,5.25,3.5,2.0,274.7601352489255,4539.75,10,0,0,2,20,0,0,1.279247082999973
stress,0.0,full,6,mixed,unsafe,6,20,0.0,3.0,2374,161,2910,186,2318,145,62,62,0,True,0,0,4,181,56,0.38509316770186336,1.0,False,0,0,2.0,1.0,0.0,14.5,11.5,3.0,67.6548022499901,45.25,0,0,0,0,77,0,0,0.5342270000001008
stress,30.0,local,4,mixed,crowd,6,30,0.03,3.0,3900,195,4458,207,3242,137,92,92,0,True,0,0,8,6571,658,0.4717948717948718,1.0,False,0,0,2.0,0.5,0.5,10.125,4.125,6.0,7031.85844262498,821.375,49,15,16,0,0,0,3,56.78999233400009
stress,0.0,full,9,mixed,unsafe,6,20,0.0,3.0,2551,178,3027,185,2443,173,62,62,0,True,0,0,4,160,108,0.34831460674157305,1.0,False,0,0,2.0,1.0,0.0,11.75,10.5,1.25,34.593072999996366,40.0,0,0,0,0,80,0,0,0.2930728339997586
stress,0.0,full,8,mixed,unsafe,6,20,0.0,3.0,2483,196,3233,379,2370,148,60,62,0,False,0,0,4,19575,113,0.30612244897959184,0.967741935483871,True,1,0,2.0,0.0,3.0,4.5,1.25,3.25,226.44461650122594,4893.75,16,0,0,1,0,0,0,1.0021047909999652
stress,30.0,local,6,mixed,crowd,6,30,0.03,3.0,452,105,8221,279,2990,128,19,92,0,False,0,0,8,1713025,-2538,0.18095238095238095,0.20652173913043478,True,0,29,2.0,0.0,0.0,4.75,3.125,1.875,7259.191375749992,214128.125,7,0,2,31,0,0,1,58.50558391699997
stress,30.0,solo,3,mixed,crowd,6,30,0.03,3.0,0,0,4698,162,2997,129,0,92,0,False,0,0,8,1065657,-2997,0.0,0.0,True,0,29,2.0,0.0,0.0,6.125,4.375,2.375,2672.879068750717,133207.125,17,1,0,35,0,0,0,21.747159667000233
stress,0.05,local,1,mixed,unsafe,6,20,0.05,3.0,2763,192,3327,226,2532,167,62,62,0,True,0,0,18,1114,231,0.3229166666666667,1.0,False,0,0,2.0,0.5,1.5,3.5,0.5,3.0,170.0558078333011,61.888888888888886,48,4,5,0,0,6,0,3.284709292000116
stress,0.0,solo,7,mixed,unsafe,6,20,0.0,3.0,2082,197,4200,371,2547,164,48,62,0,False,0,0,4,124378,-465,0.2436548223350254,0.7741935483870968,True,3,2,2.0,0.0,13.0,5.0,1.75,3.75,2329.4756749980934,31094.5,14,0,0,7,0,0,0,9.442317125000045
stress,0.05,local,3,mixed,unsafe,6,20,0.05,3.0,2325,285,3639,470,2292,150,56,62,0,False,0,0,18,1668,33,0.19649122807017544,0.9032258064516129,True,2,0,2.0,0.5,3.0,4.444444444444445,1.1666666666666667,3.2777777777777777,341.4129168333299,92.66666666666667,42,8,25,2,0,2,1,6.322277292000308
stress,0.0,local-flat,7,mixed,unsafe,6,20,0.0,3.0,2073,194,4168,368,2547,164,48,62,0,False,0,0,4,124051,-474,0.24742268041237114,0.7741935483870968,True,3,2,2.0,0.0,7.0,5.0,1.75,3.75,3200.9094607502675,31012.75,13,1,0,7,0,0,0,12.96068325000033
stress,0.0,full,7,mixed,unsafe,6,20,0.0,3.0,2072,189,4147,363,2547,164,48,62,0,False,0,0,4,121583,-475,0.25396825396825395,0.7741935483870968,True,3,2,2.0,0.0,6.0,5.0,1.75,3.75,2645.4246557487977,30395.75,14,0,0,7,0,0,0,10.796791249999842
stress,0.05,local,7,mixed,unsafe,6,20,0.05,3.0,2481,182,3597,359,2547,164,57,62,0,False,0,0,18,13309,-66,0.3131868131868132,0.9193548387096774,True,1,1,1.0,1.0,0.0,2.611111111111111,0.7777777777777778,1.8333333333333333,146.10258572199402,739.3888888888889,33,6,6,2,0,0,0,2.8278622080001696
stress,0.05,local,6,mixed,unsafe,6,20,0.05,3.0,2540,175,2992,214,2318,145,62,62,0,True,0,0,18,910,222,0.35428571428571426,1.0,False,0,0,2.0,0.5,4.5,2.388888888888889,0.2222222222222222,2.1666666666666665,209.12232411109878,50.55555555555556,33,4,5,0,0,0,0,3.9608272089999446
stress,0.0,local,7,mixed,unsafe,6,20,0.0,3.0,2075,194,4170,368,2547,164,48,62,0,False,0,0,4,130722,-472,0.24742268041237114,0.7741935483870968,True,3,2,2.0,0.0,7.0,5.0,1.75,3.75,5688.245782749391,32680.5,13,1,0,7,0,0,0,22.887383124999815
stress,0.05,local,9,mixed,unsafe,6,20,0.05,3.0,2504,217,3746,370,2443,173,56,62,0,False,0,0,18,2039,61,0.25806451612903225,0.9032258064516129,True,2,0,2.0,0.5,7.0,3.4444444444444446,0.6111111111111112,2.8333333333333335,331.05676483331894,113.27777777777777,48,3,5,4,0,2,0,6.153084542000215
stress,0.05,local,8,mixed,unsafe,6,20,0.05,3.0,2652,235,3144,265,2370,148,62,62,0,True,0,0,18,1813,282,0.26382978723404255,1.0,False,0,0,2.0,0.0,2.0,4.055555555555555,0.4444444444444444,3.611111111111111,490.2638448890129,100.72222222222223,57,7,8,0,0,0,0,8.934065124999961
stress,0.05,local-flat,1,mixed,unsafe,6,20,0.05,3.0,2774,193,3340,227,2532,167,62,62,0,True,0,0,18,1132,242,0.32124352331606215,1.0,False,0,0,2.0,0.0,2.0,3.3333333333333335,0.2777777777777778,3.0555555555555554,114.58046983335004,62.888888888888886,48,2,10,0,0,0,0,2.2558253749998585
stress,0.05,local,5,mixed,unsafe,6,20,0.05,3.0,2118,198,3623,391,2367,150,52,62,0,False,0,0,18,51813,-249,0.26262626262626265,0.8387096774193549,True,2,1,2.0,0.5,1.5,3.2777777777777777,0.3888888888888889,2.888888888888889,757.7629345002556,2878.5,51,1,2,3,0,0,0,13.748352000000068
stress,0.05,local,4,mixed,unsafe,6,20,0.05,3.0,1783,177,4182,337,2369,159,42,62,0,False,0,0,18,35201,-586,0.23728813559322035,0.6774193548387096,True,5,1,1.0,0.0,0.0,4.111111111111111,1.5555555555555556,2.6666666666666665,919.4743847784442,1955.611111111111,53,2,13,8,0,0,0,16.664703499999632
stress,0.05,local-flat,6,mixed,unsafe,6,20,0.05,3.0,2540,175,2992,214,2318,145,62,62,0,True,0,0,18,806,222,0.35428571428571426,1.0,False,0,0,2.0,0.5,4.5,2.388888888888889,0.2222222222222222,2.1666666666666665,79.61389594442556,44.77777777777778,33,4,5,0,0,0,0,1.5857170839999526
stress,0.05,local-flat,3,mixed,unsafe,6,20,0.05,3.0,2359,298,3703,483,2292,150,56,62,0,False,0,0,18,1816,67,0.18791946308724833,0.9032258064516129,True,2,0,2.0,0.5,4.0,4.388888888888889,0.7777777777777778,3.611111111111111,223.10185211116126,100.88888888888889,53,8,15,2,0,0,0,4.160949333999724
stress,0.05,local-flat,7,mixed,unsafe,6,20,0.05,3.0,2481,182,3597,359,2547,164,57,62,0,False,0,0,18,12699,-66,0.3131868131868132,0.9193548387096774,True,1,1,1.0,1.0,0.0,2.611111111111111,0.7777777777777778,1.8333333333333333,94.83603777764277,705.5,33,6,6,2,0,0,0,1.8412354580000283
stress,0.05,local,0,mixed,unsafe,6,20,0.05,3.0,2964,261,4432,452,2584,175,56,62,0,False,0,0,18,3410,380,0.21455938697318008,0.9032258064516129,True,2,0,2.0,0.5,0.0,5.111111111111111,1.1111111111111112,4.055555555555555,1317.723205166936,189.44444444444446,66,10,14,3,0,0,0,23.88501504199985
stress,0.05,solo,0,mixed,unsafe,6,20,0.05,3.0,3127,283,4656,474,2584,175,56,62,0,False,0,0,18,238,543,0.1978798586572438,0.9032258064516129,True,2,0,2.0,0.0,20.0,4.444444444444445,0.5555555555555556,3.9444444444444446,84.95356172210853,13.222222222222221,77,1,0,3,0,0,0,1.6870199590002812
stress,0.05,solo,1,mixed,unsafe,6,20,0.05,3.0,2847,201,3421,235,2532,167,62,62,0,True,0,0,18,124,315,0.30845771144278605,1.0,False,0,0,2.0,0.0,6.0,3.1666666666666665,0.0,3.1666666666666665,16.130521055578757,6.888888888888889,57,0,0,0,0,0,0,0.41300387500041325
stress,0.05,local-flat,5,mixed,unsafe,6,20,0.05,3.0,2118,198,3623,391,2367,150,52,62,0,False,0,0,18,48914,-249,0.26262626262626265,0.8387096774193549,True,2,1,2.0,0.5,1.5,3.2777777777777777,0.3888888888888889,2.888888888888889,395.91391205549877,2717.4444444444443,51,1,2,3,0,0,0,7.242310082999666
stress,0.05,solo,3,mixed,unsafe,6,20,0.05,3.0,2368,222,3537,401,2292,150,56,62,0,False,0,0,18,225,76,0.25225225225225223,0.9032258064516129,True,2,0,2.0,0.5,4.0,3.5,0.2777777777777778,3.2222222222222223,53.614116500360375,12.5,60,0,0,2,0,0,0,1.111953375000212
stress,0.05,local-flat,4,mixed,unsafe,6,20,0.05,3.0,1783,177,4182,337,2369,159,42,62,0,False,0,0,18,32579,-586,0.23728813559322035,0.6774193548387096,True,5,1,1.0,0.0,0.0,4.111111111111111,1.5555555555555556,2.6666666666666665,554.611046055369,1809.9444444444443,53,2,13,8,0,0,0,10.13995762500008
stress,0.05,local-flat,8,mixed,unsafe,6,20,0.05,3.0,2675,254,3161,284,2370,148,62,62,0,True,0,0,18,1700,305,0.2440944881889764,1.0,False,0,0,2.0,0.0,12.0,4.0,0.3888888888888889,3.611111111111111,363.99403266674807,94.44444444444444,57,5,9,0,0,0,0,6.658535083000061
stress,0.05,local-flat,0,mixed,unsafe,6,20,0.05,3.0,2883,261,4373,452,2584,175,56,62,0,False,0,0,18,2979,299,0.21455938697318008,0.9032258064516129,True,2,0,2.0,0.5,0.0,5.111111111111111,1.1666666666666667,4.0,975.7258504996825,165.5,64,8,18,3,0,0,0,17.901292832999843
stress,0.05,solo,6,mixed,unsafe,6,20,0.05,3.0,2574,182,3081,214,2318,145,62,62,0,True,0,0,18,147,256,0.34065934065934067,1.0,False,0,0,2.0,0.5,4.5,2.388888888888889,0.0,2.388888888888889,13.106490888857378,8.166666666666666,42,0,0,0,0,0,0,0.3622056670001257
stress,0.05,local-flat,9,mixed,unsafe,6,20,0.05,3.0,2639,213,3879,379,2443,173,56,62,0,False,0,0,18,3050,196,0.26291079812206575,0.9032258064516129,True,2,0,2.0,0.5,5.5,4.166666666666667,1.0,3.1666666666666665,339.0197395005746,169.44444444444446,47,8,16,4,0,0,0,6.268027040999641
stress,0.05,solo,8,mixed,unsafe,6,20,0.05,3.0,2670,254,3161,284,2370,148,62,62,0,True,0,0,18,179,300,0.2440944881889764,1.0,False,0,0,2.0,0.0,16.0,3.611111111111111,0.05555555555555555,3.5555555555555554,57.843803222188704,9.944444444444445,62,2,0,0,0,0,0,1.127954999999929
stress,0.05,solo,9,mixed,unsafe,6,20,0.05,3.0,2620,227,3829,380,2443,173,56,62,0,False,0,0,18,523,177,0.24669603524229075,0.9032258064516129,True,2,0,2.0,0.5,11.5,3.388888888888889,0.4444444444444444,2.9444444444444446,71.90658500040728,29.055555555555557,57,0,1,3,0,0,0,1.4643303340003513
stress,0.05,solo,7,mixed,unsafe,6,20,0.05,3.0,2491,193,3887,359,2547,164,56,62,0,False,0,0,18,32066,-56,0.29015544041450775,0.9032258064516129,True,1,2,1.0,1.0,0.0,2.611111111111111,0.6111111111111112,2.0,102.35533522245532,1781.4444444444443,44,0,0,3,0,0,0,1.9824753339999006
stress,0.05,full,1,mixed,unsafe,6,20,0.05,3.0,2797,206,3375,238,2532,167,62,62,0,True,0,0,18,720,265,0.30097087378640774,1.0,False,0,0,2.0,1.0,0.0,11.0,8.444444444444445,2.5555555555555554,69.34850250008316,40.0,0,0,0,0,360,0,0,1.3757420409997394
stress,0.05,solo,5,mixed,unsafe,6,20,0.05,3.0,2128,198,3631,391,2367,150,52,62,0,False,0,0,18,47828,-239,0.26262626262626265,0.8387096774193549,True,2,1,2.0,0.5,1.5,3.2222222222222223,0.2777777777777778,2.9444444444444446,239.25039483348579,2657.1111111111113,53,0,0,3,0,0,0,4.470118499999899
stress,0.05,solo,4,mixed,unsafe,6,20,0.05,3.0,1795,179,4202,339,2369,159,42,62,0,False,0,0,18,31070,-574,0.2346368715083799,0.6774193548387096,True,5,1,1.0,0.0,0.0,3.7777777777777777,1.0555555555555556,2.8333333333333335,338.1593053336979,1726.111111111111,62,0,0,8,0,0,0,6.206563958000061
stress,0.05,full,2,mixed,unsafe,6,20,0.05,3.0,2584,306,3989,503,2395,148,57,62,0,False,0,0,18,696,189,0.18627450980392157,0.9193548387096774,True,2,0,2.0,1.0,0.0,11.055555555555555,7.666666666666667,3.388888888888889,188.38555594475613,38.666666666666664,31,0,0,2,240,0,0,3.5145506250000835
stress,0.05,full,4,mixed,unsafe,6,20,0.05,3.0,1936,209,4608,384,2369,159,45,62,0,False,0,0,18,516,-433,0.215311004784689,0.7258064516129032,True,6,0,1.0,0.0,7.0,4.722222222222222,2.611111111111111,2.1666666666666665,109.86589538897027,28.666666666666668,44,0,0,7,40,0,0,2.0927102079999713
stress,0.05,full,3,mixed,unsafe,6,20,0.05,3.0,2291,204,3393,379,2292,150,53,62,0,False,0,0,18,625,-1,0.25980392156862747,0.8548387096774194,True,2,0,2.0,0.0,7.5,7.611111111111111,4.166666666666667,3.5,168.5251004996644,34.72222222222222,36,0,0,3,140,0,0,3.161392999999862
stress,0.05,full,6,mixed,unsafe,6,20,0.05,3.0,2604,176,3117,215,2318,145,62,62,0,True,0,0,18,729,286,0.3522727272727273,1.0,False,0,0,2.0,1.0,0.0,8.5,5.888888888888889,2.611111111111111,81.39221061105673,40.5,0,0,0,0,358,0,0,1.6634946659996785
stress,0.05,full,7,mixed,unsafe,6,20,0.05,3.0,2577,172,3641,353,2547,164,58,62,0,False,0,0,18,12221,30,0.3372093023255814,0.9354838709677419,True,1,1,1.0,1.0,0.0,8.333333333333334,6.166666666666667,2.1666666666666665,76.6160711668312,678.9444444444445,8,0,0,2,280,0,0,1.5342945829997916
stress,0.05,full,8,mixed,unsafe,6,20,0.05,3.0,2683,234,3190,264,2370,148,62,62,0,True,0,0,18,718,313,0.26495726495726496,1.0,False,0,0,2.0,0.5,2.5,11.88888888888889,8.833333333333334,3.0555555555555554,117.70772016668867,39.888888888888886,0,0,0,0,352,0,0,2.2333796670000083
stress,0.05,full,9,mixed,unsafe,6,20,0.05,3.0,2572,217,3809,378,2443,173,56,62,0,False,0,0,18,855,129,0.25806451612903225,0.9032258064516129,True,2,0,2.0,0.5,10.0,3.6666666666666665,0.7777777777777778,2.888888888888889,121.18459155552348,47.5,46,0,1,3,20,0,0,2.358137415999863
stress,0.05,full,5,mixed,unsafe,6,20,0.05,3.0,2401,207,3901,384,2367,150,52,62,0,False,0,0,18,46725,34,0.25120772946859904,0.8387096774193549,True,2,1,2.0,0.5,5.0,5.277777777777778,2.0,3.2777777777777777,405.89573316676956,2595.8333333333335,55,0,0,3,40,0,0,7.432044583999868
stress,0.05,full,0,mixed,unsafe,6,20,0.05,3.0,2962,247,4731,438,2584,175,56,62,0,False,0,0,18,28900,378,0.22672064777327935,0.9032258064516129,True,2,1,2.0,0.5,6.5,7.111111111111111,2.7777777777777777,4.388888888888889,875.9010960000322,1605.5555555555557,51,0,0,4,100,0,0,15.968887416000143
stress,0.1,local,1,mixed,unsafe,6,20,0.1,3.0,3033,274,3952,442,2532,167,59,62,0,False,0,0,31,2743,501,0.21532846715328466,0.9516129032258065,True,1,0,2.0,1.0,0.0,4.096774193548387,0.7096774193548387,3.3870967741935485,510.0131868711757,88.48387096774194,89,11,25,1,0,0,2,15.983692042000257
stress,0.1,local,3,mixed,unsafe,6,20,0.1,3.0,2722,306,4001,475,2292,150,57,62,0,False,0,0,31,3755,430,0.18627450980392157,0.9193548387096774,True,2,0,2.0,0.0,58.0,4.548387096774194,0.6451612903225806,3.903225806451613,581.8563337422729,121.12903225806451,100,17,20,2,0,0,1,18.181712208000135
stress,0.1,local,2,mixed,unsafe,6,20,0.1,3.0,2773,268,3777,442,2395,148,59,62,0,False,0,0,31,3077,378,0.22014925373134328,0.9516129032258065,True,1,0,2.0,1.0,0.0,3.967741935483871,0.4838709677419355,3.4838709677419355,677.1862201291198,99.25806451612904,88,6,26,1,0,0,1,21.13728079199973
stress,0.1,local,6,mixed,unsafe,6,20,0.1,3.0,2458,180,3314,368,2318,145,59,62,0,False,0,0,31,1983,140,0.3277777777777778,0.9516129032258065,True,1,0,2.0,0.5,0.0,2.870967741935484,0.4838709677419355,2.4193548387096775,182.2423358387295,63.96774193548387,64,11,12,2,0,0,0,5.830601167000168
stress,0.1,local,7,mixed,unsafe,6,20,0.1,3.0,2840,223,3776,400,2547,164,58,62,0,False,0,0,31,3603,293,0.2600896860986547,0.9354838709677419,True,1,0,2.0,0.5,0.0,4.064516129032258,0.967741935483871,3.096774193548387,459.58933299993254,116.2258064516129,85,23,10,1,0,6,2,14.385368334000304
stress,0.1,local,5,mixed,unsafe,6,20,0.1,3.0,2956,286,3828,450,2367,150,60,62,0,False,0,0,31,3645,589,0.2097902097902098,0.967741935483871,True,1,0,2.0,0.5,4.5,4.290322580645161,0.7096774193548387,3.5806451612903225,681.4914169999904,117.58064516129032,99,22,10,1,0,0,2,21.23268116700001
stress,0.1,local,0,mixed,unsafe,6,20,0.1,3.0,3559,360,5668,518,2584,175,57,62,0,False,0,0,31,4871,975,0.15833333333333333,0.9193548387096774,True,3,0,2.0,0.0,67.0,5.32258064516129,1.3225806451612903,4.0,1749.7005224511727,157.1290322580645,110,20,32,3,0,0,3,54.46254437500011
stress,0.1,local-flat,1,mixed,unsafe,6,20,0.1,3.0,3063,280,3987,448,2532,167,59,62,0,False,0,0,31,2977,531,0.21071428571428572,0.9516129032258065,True,1,0,2.0,0.5,1.5,4.483870967741935,0.7741935483870968,3.7096774193548385,591.7006652581632,96.03225806451613,94,13,29,2,0,0,0,18.555686250000235
stress,0.1,local-flat,0,mixed,unsafe,6,20,0.1,3.0,3476,325,5522,483,2584,175,57,62,0,False,0,0,31,4282,892,0.1753846153846154,0.9193548387096774,True,3,0,2.0,0.0,49.5,4.709677419354839,0.967741935483871,3.7419354838709675,1172.95847080648,138.1290322580645,110,12,21,3,0,0,0,36.60678387500002
stress,0.1,local-flat,2,mixed,unsafe,6,20,0.1,3.0,2672,244,3512,418,2395,148,59,62,0,False,0,0,31,2874,277,0.24180327868852458,0.9516129032258065,True,1,0,2.0,1.0,0.0,3.870967741935484,0.45161290322580644,3.4193548387096775,382.6503671289761,92.70967741935483,90,5,22,1,0,0,0,11.985523375000412
stress,0.1,local-flat,3,mixed,unsafe,6,20,0.1,3.0,2619,276,3847,445,2292,150,57,62,0,False,0,0,31,3435,327,0.20652173913043478,0.9193548387096774,True,2,0,2.0,0.0,44.5,4.193548387096774,0.3870967741935484,3.806451612903226,475.30032719314187,110.80645161290323,103,8,15,2,0,0,0,14.86525570799995
stress,0.1,local-flat,5,mixed,unsafe,6,20,0.1,3.0,2967,286,3831,450,2367,150,60,62,0,False,0,0,31,3855,600,0.2097902097902098,0.967741935483871,True,1,0,2.0,0.5,4.5,4.161290322580645,0.5806451612903226,3.5806451612903225,825.0740361932883,124.35483870967742,105,11,11,1,0,0,0,25.693958916000156
stress,0.1,local-flat,6,mixed,unsafe,6,20,0.1,3.0,2458,180,3314,368,2318,145,59,62,0,False,0,0,31,1878,140,0.3277777777777778,0.9516129032258065,True,1,0,2.0,0.5,0.0,2.870967741935484,0.4838709677419355,2.4193548387096775,99.79922832254458,60.58064516129032,64,11,12,2,0,0,0,3.2440151670002706
stress,0.1,local-flat,7,mixed,unsafe,6,20,0.1,3.0,2989,219,3512,250,2547,164,62,62,0,True,0,0,31,2863,442,0.2831050228310502,1.0,False,0,0,2.0,1.0,0.0,3.032258064516129,0.41935483870967744,2.6129032258064515,376.43807258061105,92.35483870967742,65,11,17,0,0,0,0,11.79548554100029
stress,0.1,local-flat,4,mixed,unsafe,6,20,0.1,3.0,668,68,4503,237,2369,159,20,62,0,False,0,0,31,324997,-1701,0.29411764705882354,0.3225806451612903,True,5,14,2.0,0.0,0.0,3.225806451612903,1.064516129032258,2.2903225806451615,1621.6968147421305,10483.774193548386,57,8,15,23,0,0,0,50.37483220900003
stress,0.1,local,4,mixed,unsafe,6,20,0.1,3.0,668,68,4503,237,2369,159,20,62,0,False,0,0,31,328358,-1701,0.29411764705882354,0.3225806451612903,True,5,14,2.0,0.0,0.0,3.225806451612903,1.064516129032258,2.2903225806451615,4464.193151645289,10592.193548387097,57,8,15,23,0,0,0,138.50182154100003
stress,0.1,solo,0,mixed,unsafe,6,20,0.1,3.0,3531,354,5644,512,2584,175,57,62,0,False,0,0,31,335,947,0.16101694915254236,0.9193548387096774,True,3,0,2.0,0.0,61.5,4.161290322580645,0.45161290322580644,3.7096774193548385,149.03460745187746,10.806451612903226,126,0,0,3,0,0,0,4.8551693750000595
stress,0.1,solo,1,mixed,unsafe,6,20,0.1,3.0,3098,301,4050,469,2532,167,59,62,0,False,0,0,31,257,566,0.19601328903654486,0.9516129032258065,True,1,0,2.0,0.5,6.5,3.806451612903226,0.12903225806451613,3.6774193548387095,95.28457106463036,8.290322580645162,116,0,0,1,0,0,0,3.1200333750002756
stress,0.1,local-flat,8,mixed,unsafe,6,20,0.1,3.0,598,56,3990,210,2370,148,19,62,0,False,0,0,31,403915,-1772,0.3392857142857143,0.3064516129032258,True,2,17,2.0,0.0,0.0,4.096774193548387,1.3870967741935485,2.7096774193548385,3359.407515806505,13029.516129032258,78,0,29,19,0,0,0,104.25517562499999
stress,0.1,solo,3,mixed,unsafe,6,20,0.1,3.0,2740,305,4053,474,2292,150,57,62,0,False,0,0,31,574,448,0.18688524590163935,0.9193548387096774,True,2,0,2.0,0.0,58.5,4.225806451612903,0.25806451612903225,3.967741935483871,114.04184854817716,18.516129032258064,126,1,0,2,0,0,0,3.6726815420001913
stress,0.1,solo,4,mixed,unsafe,6,20,0.1,3.0,1107,102,4773,276,2369,159,31,62,0,False,0,0,31,221786,-1262,0.30392156862745096,0.5,True,4,12,2.0,0.0,0.0,3.6774193548387095,0.6774193548387096,3.032258064516129,678.297861548315,7154.387096774193,93,0,3,18,0,0,0,21.139131874999748
stress,0.1,local,9,mixed,unsafe,6,20,0.1,3.0,1024,93,4883,257,2443,173,25,62,0,False,0,0,31,306193,-1419,0.26881720430107525,0.4032258064516129,True,6,13,1.0,0.0,0.0,4.548387096774194,1.6451612903225807,2.967741935483871,7324.836224968089,9877.193548387097,81,19,17,23,0,2,1,227.23351304100015
stress,0.1,solo,6,mixed,unsafe,6,20,0.1,3.0,2707,252,3631,429,2318,145,59,62,0,False,0,0,31,265,389,0.23412698412698413,0.9516129032258065,True,1,0,2.0,0.5,0.0,2.870967741935484,0.1935483870967742,2.7096774193548385,30.08463770959591,8.548387096774194,87,0,0,2,0,0,0,1.1041345829999045
stress,0.1,solo,7,mixed,unsafe,6,20,0.1,3.0,3130,261,3668,292,2547,164,62,62,0,True,0,0,31,442,583,0.23754789272030652,1.0,False,0,0,2.0,0.0,7.0,3.6129032258064515,0.22580645161290322,3.3870967741935485,53.325716483898084,14.258064516129032,109,1,0,1,0,0,0,1.7834996249998767
stress,0.1,solo,8,mixed,unsafe,6,20,0.1,3.0,2827,255,4160,442,2370,148,56,62,0,False,0,0,31,60682,457,0.2196078431372549,0.9032258064516129,True,2,0,2.0,0.5,11.5,4.161290322580645,0.3548387096774194,3.806451612903226,291.0102311288938,1957.483870967742,126,0,0,2,0,0,0,9.118055833000199
stress,40.0,local-flat,6,mixed,crowd,6,40,0.03,3.0,6478,259,7406,284,4198,142,122,122,0,True,0,0,8,254625,2280,0.47104247104247104,1.0,False,0,0,2.0,0.0,16.5,11.625,8.125,3.5,66234.03456812543,31828.125,30,35,23,5,0,0,0,530.5852869169998
stress,0.1,local-flat,9,mixed,unsafe,6,20,0.1,3.0,1906,226,5139,382,2443,173,39,62,0,False,0,0,31,115329,-537,0.17256637168141592,0.6290322580645161,True,5,3,1.0,0.0,0.0,4.096774193548387,1.3225806451612903,2.838709677419355,5680.174458097261,3720.2903225806454,82,15,20,11,0,0,0,176.2555420419999
stress,0.1,solo,2,mixed,unsafe,6,20,0.1,3.0,1085,87,4302,239,2395,148,27,62,0,False,0,0,31,220674,-1310,0.3103448275862069,0.43548387096774194,True,2,16,2.0,1.0,0.0,3.935483870967742,0.41935483870967744,3.5483870967741935,5143.821961097068,7118.5161290322585,101,0,1,19,0,0,0,159.578035
stress,0.05,local-flat,2,mixed,unsafe,6,20,0.05,3.0,3302,527,4542,684,2395,148,59,62,0,False,0,0,18,16942,907,0.11195445920303605,0.9516129032258065,True,1,0,2.0,0.5,2.5,5.388888888888889,1.1111111111111112,4.277777777777778,19176.097739833745,941.2222222222222,69,8,17,1,0,0,0,345.34307583300006
stress,0.1,full,1,mixed,unsafe,6,20,0.1,3.0,3153,262,4059,441,2532,167,59,62,0,False,0,0,31,902,621,0.22519083969465647,0.9516129032258065,True,1,0,2.0,0.5,4.5,6.806451612903226,3.032258064516129,3.774193548387097,576.3962594516612,29.096774193548388,70,0,0,1,160,0,0,18.064409209000132
stress,0.1,full,3,mixed,unsafe,6,20,0.1,3.0,3031,254,4193,425,2292,150,58,62,0,False,0,0,31,1883,739,0.2283464566929134,0.9354838709677419,True,2,0,2.0,0.0,24.0,5.129032258064516,1.4838709677419355,3.7096774193548385,395.4571817743448,60.74193548387097,103,0,0,4,80,0,0,12.422209165999902
stress,0.1,full,0,mixed,unsafe,6,20,0.1,3.0,1350,96,5300,265,2584,175,33,62,0,False,0,0,31,301824,-1234,0.34375,0.532258064516129,True,6,14,2.0,0.5,0.0,6.774193548387097,3.193548387096774,3.6129032258064515,1475.706693354911,9736.258064516129,84,0,0,21,160,0,0,45.94396125000003
stress,0.1,full,4,mixed,unsafe,6,20,0.1,3.0,755,68,4199,221,2369,159,22,62,0,False,0,0,31,284111,-1614,0.3235294117647059,0.3548387096774194,True,4,15,2.0,0.0,0.0,4.193548387096774,1.967741935483871,2.2903225806451615,502.7120579357841,9164.870967741936,60,0,0,21,60,0,0,15.68121925000014
stress,0.1,full,6,mixed,unsafe,6,20,0.1,3.0,2366,192,3513,367,2318,145,57,62,0,False,0,0,31,19241,48,0.296875,0.9193548387096774,True,2,0,2.0,0.5,0.0,5.709677419354839,3.096774193548387,2.6451612903225805,107.81493661308207,620.6774193548387,59,0,0,3,200,0,0,3.516348832999938
stress,0.1,full,7,mixed,unsafe,6,20,0.1,3.0,3015,213,3561,244,2547,164,62,62,0,True,0,0,31,1201,468,0.29107981220657275,1.0,False,0,0,2.0,1.0,0.0,10.612903225806452,7.419354838709677,3.193548387096774,129.78041138707812,38.74193548387097,0,0,0,0,590,0,0,4.156745916000091
stress,0.1,full,5,mixed,unsafe,6,20,0.1,3.0,1017,85,4465,235,2367,150,28,62,0,False,0,0,31,395156,-1350,0.32941176470588235,0.45161290322580644,True,2,17,2.0,0.5,0.0,6.967741935483871,3.4838709677419355,3.4838709677419355,1053.9001944511285,12746.967741935483,57,1,1,19,280,0,0,32.78617604200008
stress,0.1,full,8,mixed,unsafe,6,20,0.1,3.0,2938,240,3875,427,2370,148,57,62,0,False,0,0,31,27912,568,0.2375,0.9193548387096774,True,1,0,2.0,0.5,1.5,10.548387096774194,6.290322580645161,4.258064516129032,813.874471516057,900.3870967741935,50,0,0,1,320,0,0,25.34833287499987
stress,0.1,local,8,mixed,unsafe,6,20,0.1,3.0,2385,260,5507,465,2370,148,46,62,0,False,0,0,31,213053,15,0.17692307692307693,0.7419354838709677,True,2,4,2.0,0.0,28.0,4.67741935483871,1.2258064516129032,3.4516129032258065,11793.388596322837,6872.677419354839,93,15,28,6,0,2,1,365.71381645799966
stress,0.1,full,2,mixed,unsafe,6,20,0.1,3.0,1075,87,4302,239,2395,148,27,62,0,False,0,0,31,278791,-1320,0.3103448275862069,0.43548387096774194,True,2,16,2.0,1.0,0.0,7.096774193548387,3.5161290322580645,3.5806451612903225,2652.4661669672564,8993.258064516129,38,0,0,18,357,0,0,82.36047624999992
stress,0.1,solo,5,mixed,unsafe,6,20,0.1,3.0,970,123,5209,282,2367,150,26,62,0,False,0,0,31,537181,-1397,0.21138211382113822,0.41935483870967744,True,3,15,2.0,0.0,9.0,3.806451612903226,0.9032258064516129,2.903225806451613,5664.754286742326,17328.41935483871,99,0,0,18,0,0,0,175.72190933299999
stress,0.2,local,3,mixed,unsafe,6,20,0.2,3.0,558,56,3895,205,2292,150,17,62,0,False,0,0,58,141247,-1734,0.30357142857142855,0.27419354838709675,True,15,4,2.0,0.0,0.0,3.086206896551724,0.6896551724137931,2.413793103448276,660.9579969311292,2435.293103448276,107,22,30,20,0,0,0,38.44786416699981
stress,0.2,local,1,mixed,unsafe,6,20,0.2,3.0,802,67,4313,227,2532,167,20,62,0,False,0,0,58,283713,-1730,0.29850746268656714,0.3225806451612903,True,6,13,2.0,0.0,3.0,3.2758620689655173,0.7068965517241379,2.586206896551724,2677.0596595687616,4891.603448275862,117,24,29,20,0,0,0,155.43248995899967
stress,0.2,local,5,mixed,unsafe,6,20,0.2,3.0,723,56,3780,210,2367,150,22,62,0,False,0,0,58,5944,-1644,0.39285714285714285,0.3548387096774194,True,18,0,1.0,1.0,0.0,3.3620689655172415,1.103448275862069,2.3793103448275863,1733.077125672582,102.48275862068965,120,17,38,25,0,0,3,100.6257895839999
stress,0.2,local,0,mixed,unsafe,6,20,0.2,3.0,660,68,3960,220,2584,175,17,62,1,False,0,0,58,285336,-1924,0.25,0.27419354838709675,True,10,8,2.0,0.0,0.0,3.5344827586206895,0.9310344827586207,2.689655172413793,3214.2946544484103,4919.586206896552,115,30,40,23,0,0,2,186.6442539169998
stress,0.05,solo,2,mixed,unsafe,6,20,0.05,3.0,3537,506,4178,525,2395,148,62,62,0,True,0,0,18,17559,1142,0.1225296442687747,1.0,False,0,0,2.0,0.5,2.5,4.277777777777778,0.16666666666666666,4.111111111111111,32503.421259110935,975.5,73,0,2,0,0,0,0,585.164138959
stress,0.2,local,4,mixed,unsafe,6,20,0.2,3.0,739,107,5371,276,2369,159,21,62,0,False,0,0,58,321016,-1630,0.19626168224299065,0.3387096774193548,True,6,13,2.0,0.0,0.0,3.0,0.896551724137931,2.1206896551724137,2633.961423551557,5534.758620689655,98,17,30,21,0,9,0,152.87575312499985
stress,0.05,local,2,mixed,unsafe,6,20,0.05,3.0,3273,518,4523,686,2395,148,59,62,0,False,0,0,18,19755,878,0.1138996138996139,0.9516129032258065,True,1,0,2.0,0.5,2.5,5.388888888888889,1.1111111111111112,4.277777777777778,36543.795704389464,1097.5,69,9,15,1,0,1,0,657.960785625
stress,0.2,local,6,mixed,unsafe,6,20,0.2,3.0,747,92,4598,242,2318,145,17,62,0,False,0,0,58,275733,-1571,0.18478260869565216,0.27419354838709675,True,8,11,2.0,0.0,0.0,3.0517241379310347,0.8620689655172413,2.2413793103448274,1882.338411809934,4754.017241379311,109,17,31,22,0,0,4,109.34404316700011
stress,0.2,local-flat,0,mixed,unsafe,6,20,0.2,3.0,717,71,3960,220,2584,175,18,62,1,False,0,0,58,258916,-1867,0.2535211267605634,0.2903225806451613,True,10,8,2.0,0.0,0.0,3.603448275862069,1.0,2.689655172413793,1594.0462413446799,4464.068965517241,120,37,32,23,0,0,0,92.67227024999966
stress,0.2,local-flat,1,mixed,unsafe,6,20,0.2,3.0,802,67,4313,227,2532,167,20,62,0,False,0,0,58,268755,-1730,0.29850746268656714,0.3225806451612903,True,6,13,2.0,0.0,3.0,3.2758620689655173,0.7068965517241379,2.586206896551724,1345.4769777760373,4633.706896551724,117,24,29,20,0,0,0,78.23712954099983
stress,0.2,local,8,mixed,unsafe,6,20,0.2,3.0,517,50,3971,209,2370,148,16,62,0,False,0,0,58,233579,-1853,0.32,0.25806451612903225,True,10,9,2.0,0.0,0.0,3.3275862068965516,0.7758620689655172,2.6379310344827585,2643.426590068578,4027.2241379310344,121,17,35,24,0,0,0,153.43174025000008
stress,0.2,local-flat,3,mixed,unsafe,6,20,0.2,3.0,558,56,3895,205,2292,150,17,62,0,False,0,0,58,124624,-1734,0.30357142857142855,0.27419354838709675,True,15,4,2.0,0.0,0.0,3.0517241379310347,0.6724137931034483,2.396551724137931,571.4734336898362,2148.689655172414,108,23,26,20,0,0,0,33.303401208000196
stress,0.2,local,7,mixed,unsafe,6,20,0.2,3.0,296,43,3648,192,2547,164,10,62,0,False,0,0,58,248024,-2251,0.23255813953488372,0.16129032258064516,True,6,13,2.0,0.0,0.0,2.2241379310344827,0.6379310344827587,1.6206896551724137,3046.733951293163,4276.275862068966,60,13,36,21,0,0,2,176.85438987499992
stress,0.2,local-flat,2,mixed,unsafe,6,20,0.2,3.0,560,51,4014,223,2395,148,15,62,0,False,0,0,58,194198,-1835,0.29411764705882354,0.24193548387096775,True,11,7,2.0,0.0,0.0,2.8793103448275863,0.6724137931034483,2.2241379310344827,1663.2384365173746,3348.2413793103447,107,14,26,19,0,0,0,96.57531804199971
stress,0.2,local-flat,5,mixed,unsafe,6,20,0.2,3.0,774,58,3744,208,2367,150,23,62,0,False,0,0,58,4375,-1593,0.39655172413793105,0.3709677419354839,True,18,0,1.0,1.0,0.0,2.8275862068965516,0.5344827586206896,2.413793103448276,793.8649047068322,75.43103448275862,106,8,30,25,0,0,0,46.21414429100014
stress,0.2,local-flat,7,mixed,unsafe,6,20,0.2,3.0,495,56,3952,208,2547,164,14,62,0,False,0,0,58,300717,-2052,0.25,0.22580645161290322,True,5,14,2.0,0.0,0.0,2.3620689655172415,0.5344827586206896,1.8448275862068966,1037.4768190688976,5184.775862068966,83,19,15,20,0,0,0,60.32508325000026
stress,0.2,local,2,mixed,unsafe,6,20,0.2,3.0,560,51,4014,223,2395,148,15,62,0,False,0,0,58,187960,-1835,0.29411764705882354,0.24193548387096775,True,12,6,2.0,0.0,0.0,2.7586206896551726,0.6379310344827587,2.1379310344827585,6844.173181068959,3240.689655172414,105,17,18,19,0,0,1,397.070391708
stress,0.2,local-flat,6,mixed,unsafe,6,20,0.2,3.0,389,56,3895,205,2318,145,11,62,0,False,0,0,58,260806,-1929,0.19642857142857142,0.1774193548387097,True,8,11,2.0,0.0,0.0,2.1551724137931036,0.7931034482758621,1.4310344827586208,1446.1009565688669,4496.6551724137935,68,14,23,23,0,0,0,84.04145795800014
stress,0.1,full,9,mixed,unsafe,6,20,0.1,3.0,2030,252,5985,434,2443,173,39,62,0,False,0,0,31,173300,-413,0.15476190476190477,0.6290322580645161,True,5,4,1.0,0.0,0.0,4.516129032258065,1.032258064516129,3.5161290322580645,14785.576760742559,5590.322580645161,112,0,1,11,20,0,0,458.5590488749999
stress,0.2,local-flat,4,mixed,unsafe,6,20,0.2,3.0,662,98,4940,247,2369,159,19,62,0,False,0,0,58,292576,-1707,0.19387755102040816,0.3064516129032258,True,6,14,2.0,0.0,0.0,2.8620689655172415,0.8103448275862069,2.0689655172413794,1919.915675172339,5044.413793103448,111,15,17,24,0,0,0,111.44566649999979
stress,0.2,solo,0,mixed,unsafe,6,20,0.2,3.0,680,70,3960,220,2584,175,17,62,0,False,0,0,58,124793,-1904,0.24285714285714285,0.27419354838709675,True,12,6,1.0,0.0,0.0,3.1206896551724137,0.3793103448275862,2.8448275862068964,731.6219842242264,2151.603448275862,161,0,0,24,0,0,0,42.63472283300007
stress,0.2,solo,3,mixed,unsafe,6,20,0.2,3.0,516,56,3895,205,2292,150,16,62,0,False,0,0,58,124701,-1776,0.2857142857142857,0.25806451612903225,True,15,4,2.0,0.0,0.0,2.8448275862068964,0.3793103448275862,2.4827586206896552,263.68545831040393,2150.0172413793102,144,1,0,20,0,0,0,15.44686320799974
stress,0.2,local-flat,8,mixed,unsafe,6,20,0.2,3.0,515,50,3971,209,2370,148,16,62,0,False,0,0,58,238793,-1855,0.32,0.25806451612903225,True,10,9,2.0,0.0,0.0,3.3275862068965516,0.7241379310344828,2.689655172413793,1645.0813026723263,4117.120689655172,126,18,29,24,0,0,0,95.50110308300009
stress,0.2,solo,5,mixed,unsafe,6,20,0.2,3.0,732,60,3780,210,2367,150,22,62,0,False,0,0,58,671,-1635,0.36666666666666664,0.3548387096774194,True,18,0,1.0,1.0,0.0,3.3275862068965516,0.6379310344827587,2.810344827586207,231.79684877588664,11.568965517241379,172,1,0,25,0,0,0,13.561557540999729
stress,0.2,solo,8,mixed,unsafe,6,20,0.2,3.0,540,56,3971,209,2370,148,16,62,0,False,0,0,58,238653,-1830,0.2857142857142857,0.25806451612903225,True,19,0,2.0,0.0,0.0,3.0,0.43103448275862066,2.6551724137931036,395.3092630345995,4114.706896551724,152,2,0,24,0,0,0,23.043295124999986
stress,0.2,solo,4,mixed,unsafe,6,20,0.2,3.0,467,51,4360,218,2369,159,15,62,0,False,0,0,58,286873,-1902,0.29411764705882354,0.24193548387096775,True,7,13,2.0,0.0,0.0,2.3448275862068964,0.4827586206896552,1.8793103448275863,885.4806097930547,4946.086206896552,114,1,0,22,0,0,0,51.46882812500007
stress,0.2,solo,9,mixed,unsafe,6,20,0.2,3.0,478,54,3952,208,2443,173,12,62,0,False,0,0,58,203193,-1965,0.2222222222222222,0.1935483870967742,True,10,9,2.0,0.0,0.0,2.3448275862068964,0.6379310344827587,1.793103448275862,518.3649676553159,3503.3275862068967,114,0,1,25,0,0,0,30.229635916000007
stress,0.2,solo,2,mixed,unsafe,6,20,0.2,3.0,614,60,3996,222,2395,148,17,62,0,False,0,0,58,221281,-1781,0.2833333333333333,0.27419354838709675,True,11,7,2.0,0.0,0.0,3.0517241379310347,0.46551724137931033,2.586206896551724,1506.513771724203,3815.189655172414,153,3,1,18,0,0,0,87.49232204100008
stress,0.2,solo,6,mixed,unsafe,6,20,0.2,3.0,435,56,3895,205,2318,145,12,62,0,False,0,0,58,269599,-1883,0.21428571428571427,0.1935483870967742,True,8,11,2.0,0.0,0.0,2.0172413793103448,0.5689655172413793,1.5,1136.0240928101953,4648.258620689655,94,2,1,22,0,0,0,66.05985716700025
stress,0.2,full,3,mixed,unsafe,6,20,0.2,3.0,488,56,3895,205,2292,150,14,62,0,False,0,0,58,140030,-1804,0.25,0.22580645161290322,True,14,5,2.0,0.0,0.0,3.810344827586207,1.6896551724137931,2.1379310344827585,375.7133402587615,2414.310344827586,69,0,0,20,250,0,0,21.906816583000364
stress,0.2,full,0,mixed,unsafe,6,20,0.2,3.0,651,66,3996,222,2584,175,17,62,0,False,0,0,58,256576,-1933,0.25757575757575757,0.27419354838709675,True,6,12,2.0,0.0,0.0,5.327586206896552,2.706896551724138,2.706896551724138,1142.2668959136884,4423.724137931034,94,0,0,23,320,0,0,66.52396079099981
stress,0.2,local-flat,9,mixed,unsafe,6,20,0.2,3.0,679,76,4313,227,2443,173,17,62,0,False,0,0,58,225064,-1764,0.2236842105263158,0.27419354838709675,True,8,11,2.0,0.5,0.0,2.896551724137931,1.1724137931034482,1.793103448275862,3036.6858795690437,3880.4137931034484,96,15,36,24,0,0,0,176.3116988329998
stress,0.2,full,4,mixed,unsafe,6,20,0.2,3.0,537,67,4360,218,2369,159,17,62,0,False,0,0,58,281522,-1832,0.2537313432835821,0.27419354838709675,True,7,13,2.0,0.0,0.0,2.6379310344827585,0.9137931034482759,1.7413793103448276,425.9326068793771,4853.827586206897,93,0,0,21,60,0,0,24.81706875000009
stress,0.2,solo,7,mixed,unsafe,6,20,0.2,3.0,1945,264,6381,437,2547,164,34,62,0,False,0,0,58,208244,-602,0.12878787878787878,0.5483870967741935,True,6,4,2.0,0.0,0.0,2.5689655172413794,0.3103448275862069,2.2758620689655173,2038.3486086724947,3590.4137931034484,138,0,0,11,0,0,0,118.381324167
stress,0.2,full,5,mixed,unsafe,6,20,0.2,3.0,808,58,3780,210,2367,150,23,62,0,False,0,0,58,1937,-1559,0.39655172413793105,0.3709677419354839,True,18,0,1.0,0.0,5.0,3.7586206896551726,1.896551724137931,1.9827586206896552,546.73549660356,33.39655172413793,81,0,0,25,200,0,0,31.824316875000022
stress,0.2,full,6,mixed,unsafe,6,20,0.2,3.0,400,54,3895,205,2318,145,11,62,0,False,0,0,58,262835,-1918,0.2037037037037037,0.1774193548387097,True,8,11,2.0,0.0,0.0,2.293103448275862,0.8620689655172413,1.4827586206896552,693.6712341551137,4531.637931034483,84,0,0,22,60,0,0,40.430491541000265
stress,0.2,local,0,mixed,dense,6,20,0.2,3.0,3106,209,3625,244,2584,175,62,62,0,True,0,0,58,3896,522,0.2966507177033493,1.0,False,0,0,2.0,0.5,4.5,2.8793103448275863,0.5344827586206896,2.3448275862068964,221.60891743106762,67.17241379310344,125,23,18,1,0,0,3,13.081248957999833
stress,0.2,full,9,mixed,unsafe,6,20,0.2,3.0,331,51,3819,201,2443,173,9,62,0,False,0,0,58,281127,-2112,0.17647058823529413,0.14516129032258066,True,9,10,2.0,0.0,0.0,2.3275862068965516,0.5344827586206896,1.8793103448275863,889.5762189136129,4847.017241379311,97,0,1,25,20,0,0,51.76840149999998
stress,0.2,full,7,mixed,unsafe,6,20,0.2,3.0,521,115,5095,276,2547,164,16,62,0,False,0,0,58,335609,-2026,0.1391304347826087,0.25806451612903225,True,18,0,2.0,0.0,0.0,3.9655172413793105,1.9137931034482758,2.0689655172413794,1505.0572068798829,5786.362068965517,91,0,0,19,180,0,0,87.46716958300021
stress,0.2,local,2,mixed,dense,6,20,0.2,3.0,2990,222,3525,245,2395,148,62,62,0,True,0,0,58,2929,595,0.27927927927927926,1.0,False,0,0,2.0,0.5,12.5,2.4482758620689653,0.20689655172413793,2.2413793103448274,178.69379387933932,50.5,116,11,15,0,0,0,0,10.625035000000025
stress,0.1,solo,9,mixed,unsafe,6,20,0.1,3.0,856,87,4484,236,2443,173,21,62,0,False,0,0,31,301988,-1587,0.2413793103448276,0.3387096774193548,True,6,13,1.0,0.0,0.0,3.870967741935484,1.032258064516129,2.967741935483871,24275.66640722555,9741.548387096775,98,0,1,24,0,0,0,752.7099888749999
stress,0.2,local,3,mixed,dense,6,20,0.2,3.0,2898,210,3433,246,2292,150,62,62,0,True,0,0,58,3725,606,0.29523809523809524,1.0,False,0,0,2.0,0.0,5.0,2.6551724137931036,0.6551724137931034,2.0,175.0365755000342,64.22413793103448,115,11,28,0,0,0,0,10.522214749999875
stress,0.2,local,1,mixed,dense,6,20,0.2,3.0,3357,282,3977,304,2532,167,62,62,0,True,0,0,58,4232,825,0.2198581560283688,1.0,False,0,0,2.0,1.0,0.0,3.2758620689655173,0.6379310344827587,2.6379310344827585,818.9283182931173,72.96551724137932,126,17,45,2,0,0,1,47.6521861250003
stress,0.2,local,4,mixed,dense,6,20,0.2,3.0,2939,215,3445,224,2369,159,62,62,0,True,0,0,58,3406,570,0.28837209302325584,1.0,False,0,0,2.0,0.5,12.5,2.5,0.3448275862068966,2.1551724137931036,186.2481221034598,58.724137931034484,112,19,14,1,0,0,1,10.974150125000051
stress,0.2,full,8,mixed,unsafe,6,20,0.2,3.0,474,50,3971,209,2370,148,15,62,0,False,0,0,58,259611,-1896,0.3,0.24193548387096775,True,7,12,2.0,0.0,0.0,2.9827586206896552,0.5172413793103449,2.5517241379310347,1606.8732825688523,4476.051724137931,134,0,0,24,20,0,0,93.30504604199996
stress,0.2,local,7,mixed,dense,6,20,0.2,3.0,3034,228,3550,238,2547,164,62,62,0,True,0,0,58,3328,487,0.2719298245614035,1.0,False,0,0,2.0,0.0,15.5,2.3620689655172415,0.4827586206896552,1.8793103448275863,111.13401718966998,57.37931034482759,107,16,14,0,0,0,0,6.588644915999339
stress,0.2,local-flat,0,mixed,dense,6,20,0.2,3.0,3214,238,3753,252,2584,175,62,62,0,True,0,0,58,3498,630,0.2605042016806723,1.0,False,0,0,2.0,0.5,4.0,2.6551724137931036,0.3275862068965517,2.3275862068965516,143.4384712240993,60.310344827586206,114,13,26,0,0,0,0,8.52810425000007
stress,0.2,local,6,mixed,dense,6,20,0.2,3.0,2929,223,3526,260,2318,145,62,62,0,True,0,0,58,3843,611,0.27802690582959644,1.0,False,0,0,2.0,0.5,6.0,2.4655172413793105,0.4827586206896552,1.9827586206896552,266.38793110349326,66.25862068965517,104,19,20,0,0,0,0,15.650729666000188
stress,0.2,local,9,mixed,dense,6,20,0.2,3.0,3144,226,3690,264,2443,173,62,62,0,True,0,0,58,4798,701,0.2743362831858407,1.0,False,0,0,2.0,1.0,0.0,3.1206896551724137,0.6206896551724138,2.5,213.80428229313426,82.72413793103448,114,34,33,1,0,0,1,12.563836332999927
stress,0.2,local-flat,2,mixed,dense,6,20,0.2,3.0,2990,222,3525,245,2395,148,62,62,0,True,0,0,58,2800,595,0.27927927927927926,1.0,False,0,0,2.0,0.5,12.5,2.4482758620689653,0.20689655172413793,2.2413793103448274,102.00041158621639,48.275862068965516,116,11,15,0,0,0,0,6.039758625000104
stress,0.2,local-flat,3,mixed,dense,6,20,0.2,3.0,2878,209,3415,251,2292,150,62,62,0,True,0,0,58,2917,586,0.2966507177033493,1.0,False,0,0,2.0,0.0,2.5,2.689655172413793,0.603448275862069,2.086206896551724,117.13948334473288,50.293103448275865,119,15,22,0,0,0,0,6.928247083000315
stress,0.2,local-flat,4,mixed,dense,6,20,0.2,3.0,2873,214,3367,240,2369,159,62,62,0,True,0,0,58,3037,504,0.2897196261682243,1.0,False,0,0,2.0,0.5,0.5,2.3448275862068964,0.3620689655172414,1.9827586206896552,121.53100003447905,52.36206896551724,104,19,15,1,0,0,0,7.1738189580000835
stress,0.2,full,2,mixed,unsafe,6,20,0.2,3.0,648,65,4086,227,2395,148,16,62,0,False,0,0,58,214499,-1747,0.24615384615384617,0.25806451612903225,True,7,11,2.0,0.0,0.0,6.5,4.120689655172414,2.413793103448276,3085.5175555342425,3698.2586206896553,55,0,0,20,531,0,0,179.07486320800035
stress,0.2,local-flat,7,mixed,dense,6,20,0.2,3.0,3097,233,3649,243,2547,164,62,62,0,True,0,0,58,3408,550,0.26609442060085836,1.0,False,0,0,2.0,0.5,5.5,2.5689655172413794,0.5517241379310345,2.0172413793103448,92.07271191390363,58.758620689655174,104,14,31,0,0,0,0,5.478741750000154
stress,0.2,local,5,mixed,dense,6,20,0.2,3.0,3000,443,3443,456,2367,150,62,62,0,True,0,0,58,4618,633,0.1399548532731377,1.0,False,0,0,2.0,0.5,26.5,2.793103448275862,0.43103448275862066,2.3620689655172415,704.3590028448496,79.62068965517241,130,17,13,0,0,0,1,40.97203954099996
stress,0.2,local-flat,6,mixed,dense,6,20,0.2,3.0,2932,223,3515,260,2318,145,62,62,0,True,0,0,58,3560,614,0.27802690582959644,1.0,False,0,0,2.0,0.0,8.5,2.586206896551724,0.46551724137931033,2.1206896551724137,160.0377585690349,61.37931034482759,114,19,17,0,0,0,0,9.46276887499971
stress,0.2,solo,0,mixed,dense,6,20,0.2,3.0,3149,205,3649,246,2584,175,62,62,0,True,0,0,58,333,565,0.3024390243902439,1.0,False,0,0,2.0,0.0,3.5,2.3275862068965516,0.0,2.3275862068965516,17.11650717243174,5.741379310344827,134,0,0,0,0,0,0,1.193784749999395
stress,0.2,local-flat,5,mixed,dense,6,20,0.2,3.0,2853,256,3282,303,2367,150,62,62,0,True,0,0,58,3525,486,0.2421875,1.0,False,0,0,2.0,0.5,19.0,2.4482758620689653,0.1896551724137931,2.2586206896551726,295.90232041380597,60.775862068965516,118,6,16,0,0,0,0,17.27836337499957
stress,0.2,solo,2,mixed,dense,6,20,0.2,3.0,2972,201,3534,224,2395,148,62,62,0,True,0,0,58,375,577,0.30845771144278605,1.0,False,0,0,2.0,0.0,4.0,2.2586206896551726,0.017241379310344827,2.2413793103448274,17.896634327638004,6.4655172413793105,131,0,0,0,0,0,0,1.1664431670005797
stress,0.2,solo,3,mixed,dense,6,20,0.2,3.0,2873,210,3420,252,2292,150,62,62,0,True,0,0,58,424,581,0.29523809523809524,1.0,False,0,0,2.0,0.0,3.0,2.293103448275862,0.25862068965517243,2.0344827586206895,24.299889999948107,7.310344827586207,130,3,0,0,0,0,0,1.5838822920004532
stress,0.2,solo,1,mixed,dense,6,20,0.2,3.0,3556,326,4183,348,2532,167,62,62,0,True,0,0,58,516,1024,0.1901840490797546,1.0,False,0,0,2.0,0.5,17.5,2.793103448275862,0.15517241379310345,2.6379310344827585,110.8868605861062,8.89655172413793,159,2,1,0,0,0,0,6.610531333000836
stress,0.2,solo,4,mixed,dense,6,20,0.2,3.0,2929,207,3435,221,2369,159,62,62,0,True,0,0,58,493,560,0.2995169082125604,1.0,False,0,0,2.0,0.5,3.5,2.5172413793103448,0.2413793103448276,2.2758620689655173,30.74407617243886,8.5,144,2,0,0,0,0,0,1.888471125000251
stress,0.2,solo,5,mixed,dense,6,20,0.2,3.0,2794,299,3239,329,2367,150,62,62,0,True,0,0,58,412,427,0.20735785953177258,1.0,False,0,0,2.0,0.5,0.5,2.2758620689655173,0.0,2.2758620689655173,27.086141517225645,7.103448275862069,130,0,0,0,0,0,0,1.69558008399963
stress,0.2,solo,7,mixed,dense,6,20,0.2,3.0,3116,213,3649,243,2547,164,62,62,0,True,0,0,58,375,569,0.29107981220657275,1.0,False,0,0,2.0,0.5,7.5,2.0689655172413794,0.15517241379310345,1.9137931034482758,15.10806324139249,6.4655172413793105,119,1,0,0,0,0,0,1.004118665999158
stress,0.2,solo,6,mixed,dense,6,20,0.2,3.0,3020,221,3620,258,2318,145,62,62,0,True,0,0,58,611,702,0.28054298642533937,1.0,False,0,0,2.0,0.0,8.5,2.3620689655172415,0.29310344827586204,2.0689655172413794,61.27241598272216,10.53448275862069,136,1,0,0,0,0,0,3.7135771670000395
stress,0.2,local-flat,9,mixed,dense,6,20,0.2,3.0,3152,220,3752,257,2443,173,62,62,0,True,0,0,58,5284,709,0.2818181818181818,1.0,False,0,0,2.0,0.5,5.5,3.6551724137931036,0.7413793103448276,2.913793103448276,250.36499567240438,91.10344827586206,142,24,46,1,0,0,0,14.682949166999606
stress,0.2,local-flat,1,mixed,dense,6,20,0.2,3.0,3359,280,3989,302,2532,167,62,62,0,True,0,0,58,4373,827,0.22142857142857142,1.0,False,0,0,2.0,1.0,0.0,3.2586206896551726,0.6206896551724138,2.6379310344827585,671.0364892069422,75.39655172413794,127,11,50,2,0,0,0,39.076432750000095
stress,0.2,solo,9,mixed,dense,6,20,0.2,3.0,3097,234,3619,259,2443,173,62,62,0,True,0,0,58,610,654,0.26495726495726496,1.0,False,0,0,2.0,0.5,2.5,2.7413793103448274,0.2413793103448276,2.5,74.2500352240658,10.517241379310345,154,5,0,0,0,0,0,4.470552583999961
stress,0.2,solo,8,mixed,dense,6,20,0.2,3.0,3389,289,3914,313,2370,148,62,62,0,True,0,0,58,404,1019,0.21453287197231835,1.0,False,0,0,2.0,0.0,69.5,2.6724137931034484,0.0,2.6724137931034484,106.02792094823599,6.9655172413793105,154,0,0,0,0,0,0,6.235904666999886
stress,0.2,full,0,mixed,dense,6,20,0.2,3.0,3238,216,3721,260,2584,175,62,62,0,True,0,0,58,2319,654,0.28703703703703703,1.0,False,0,0,2.0,0.5,3.0,9.206896551724139,6.793103448275862,2.413793103448276,109.45755610337388,39.98275862068966,0,0,0,0,1158,0,0,6.555168916999719
stress,0.2,full,1,mixed,unsafe,6,20,0.2,3.0,695,77,4522,238,2532,167,16,62,0,False,0,0,58,286727,-1837,0.2077922077922078,0.25806451612903225,True,6,13,2.0,0.0,0.0,4.758620689655173,2.2758620689655173,2.5,3601.8134377239553,4943.568965517241,112,2,2,20,220,0,0,209.06760220900014
stress,0.2,full,2,mixed,dense,6,20,0.2,3.0,3103,236,3626,259,2395,148,62,62,0,True,0,0,58,2309,708,0.2627118644067797,1.0,False,0,0,2.0,0.5,8.5,9.206896551724139,6.896551724137931,2.310344827586207,99.5804302930741,39.810344827586206,3,0,0,0,1140,0,0,5.904194292000284
stress,0.2,full,3,mixed,dense,6,20,0.2,3.0,2887,199,3425,214,2292,150,62,62,0,True,0,0,58,2320,595,0.31155778894472363,1.0,False,0,0,2.0,1.0,0.0,7.086206896551724,5.120689655172414,1.9827586206896552,112.70964515518965,40.0,0,0,0,0,1160,0,0,6.653596375000234
stress,0.2,full,4,mixed,dense,6,20,0.2,3.0,2977,188,3467,204,2369,159,62,62,0,True,0,0,58,2320,608,0.32978723404255317,1.0,False,0,0,2.0,1.0,0.0,8.879310344827585,6.775862068965517,2.103448275862069,96.01843965517752,40.0,0,0,0,0,1160,0,0,5.6666541659997165
stress,0.2,local,8,mixed,dense,6,20,0.2,3.0,3239,248,3672,282,2370,148,62,62,0,True,0,0,58,5740,869,0.25,1.0,False,0,0,2.0,0.0,1.0,3.206896551724138,0.5517241379310345,2.6551724137931036,1108.6899245343955,98.96551724137932,128,13,44,0,0,0,1,64.39452970800039
stress,0.2,full,7,mixed,dense,6,20,0.2,3.0,3163,200,3723,210,2547,164,62,62,0,True,0,0,58,2320,616,0.31,1.0,False,0,0,2.0,0.5,3.5,9.741379310344827,7.793103448275862,1.9482758620689655,96.15842320689464,40.0,0,0,0,0,1160,0,0,5.702578374999575
stress,0.2,full,6,mixed,dense,6,20,0.2,3.0,3114,209,3727,246,2318,145,62,62,0,True,0,0,58,2320,796,0.2966507177033493,1.0,False,0,0,2.0,0.5,1.5,8.758620689655173,6.775862068965517,1.9827586206896552,173.11436353448417,40.0,0,0,0,0,1160,0,0,10.242738083999939
stress,0.2,full,5,mixed,dense,6,20,0.2,3.0,2962,249,3390,283,2367,150,62,62,0,True,0,0,58,2312,595,0.24899598393574296,1.0,False,0,0,2.0,0.5,8.0,7.586206896551724,5.310344827586207,2.2758620689655173,216.19611998279464,39.86206896551724,0,0,0,0,1144,0,0,12.669714583000314
stress,0.2,full,9,mixed,dense,6,20,0.2,3.0,3279,214,3808,252,2443,173,62,62,0,True,0,0,58,2320,836,0.2897196261682243,1.0,False,0,0,2.0,0.5,0.5,8.89655172413793,6.293103448275862,2.603448275862069,167.85215806901073,40.0,0,0,0,0,1160,0,0,9.91586391599958
stress,0.2,full,1,mixed,dense,6,20,0.2,3.0,3375,240,3955,277,2532,167,62,62,0,True,0,0,58,2320,843,0.25833333333333336,1.0,False,0,0,2.0,1.0,0.0,10.293103448275861,7.775862068965517,2.5172413793103448,374.8797191379269,40.0,0,0,0,0,1160,0,0,21.905681332999848
stress,0.25,local,2,mixed,dense,6,20,0.25,3.0,3043,266,3547,284,2395,148,62,62,0,True,0,0,72,3929,648,0.23308270676691728,1.0,False,0,0,2.0,0.5,2.5,2.4722222222222223,0.3194444444444444,2.1527777777777777,120.27553411111411,54.56944444444444,138,12,24,1,0,3,1,8.792989124999622
stress,0.2,local,9,mixed,unsafe,6,20,0.2,3.0,382,71,4199,221,2443,173,11,62,0,False,0,0,58,285249,-2061,0.15492957746478872,0.1774193548387097,True,8,11,2.0,0.0,0.0,2.4310344827586206,0.8793103448275862,1.6551724137931034,9329.061517171678,4918.086206896552,86,14,17,27,0,2,2,541.2546919999995
stress,0.2,local-flat,8,mixed,dense,6,20,0.2,3.0,3289,253,3722,287,2370,148,62,62,0,True,0,0,58,5699,919,0.2450592885375494,1.0,False,0,0,2.0,0.0,7.0,3.189655172413793,0.4827586206896552,2.706896551724138,794.5552320344523,98.25862068965517,132,8,44,0,0,0,0,46.20301816600022
stress,0.2,full,8,mixed,dense,6,20,0.2,3.0,3324,264,3842,279,2370,148,62,62,0,True,0,0,58,2318,954,0.23484848484848486,1.0,False,0,0,2.0,0.5,4.0,10.89655172413793,8.017241379310345,2.8793103448275863,378.83575001728,39.96551724137931,0,0,0,0,1148,0,0,22.084443042000203
stress,0.25,local,4,mixed,dense,6,20,0.25,3.0,3045,211,3485,237,2369,159,62,62,0,True,0,0,72,5109,676,0.2938388625592417,1.0,False,0,0,2.0,0.5,10.5,2.7083333333333335,0.375,2.3333333333333335,252.31557699996503,70.95833333333333,139,17,36,0,0,2,0,18.25385420800012
stress,0.25,local,5,mixed,dense,6,20,0.25,3.0,2868,267,3422,294,2367,150,62,62,0,True,0,0,72,4026,501,0.23220973782771537,1.0,False,0,0,2.0,1.0,0.0,2.2777777777777777,0.2777777777777778,2.0,310.1858680555299,55.916666666666664,118,15,30,0,0,0,1,22.45624008300001
stress,0.25,local,3,mixed,dense,6,20,0.25,3.0,3053,240,3577,281,2292,150,62,62,0,True,0,0,72,5492,761,0.25833333333333336,1.0,False,0,0,2.0,0.0,24.0,2.9305555555555554,0.5833333333333334,2.3472222222222223,385.2494235694116,76.27777777777777,149,23,38,0,0,0,3,27.870078791000196
stress,0.25,local,1,mixed,dense,6,20,0.25,3.0,3423,223,4042,259,2532,167,62,62,0,True,0,0,72,4731,891,0.27802690582959644,1.0,False,0,0,2.0,0.5,6.0,2.9305555555555554,0.5138888888888888,2.4166666666666665,692.077896958267,65.70833333333333,142,35,34,0,0,0,1,50.02691075000075
stress,0.25,local-flat,2,mixed,dense,6,20,0.25,3.0,3086,257,3602,275,2395,148,62,62,0,True,0,0,72,3407,691,0.24124513618677043,1.0,False,0,0,2.0,0.5,3.0,2.5416666666666665,0.3333333333333333,2.2083333333333335,66.7445069027508,47.31944444444444,139,10,33,1,0,0,0,4.928134332999434
stress,0.25,local,0,mixed,dense,6,20,0.25,3.0,3519,264,4095,298,2584,175,62,62,0,True,0,0,72,6946,935,0.23484848484848486,1.0,False,0,0,2.0,0.0,24.0,3.1805555555555554,0.625,2.5555555555555554,815.9604387221988,96.47222222222223,147,33,48,0,0,0,2,58.96533133400044
stress,0.25,local,6,mixed,dense,6,20,0.25,3.0,3247,291,3748,327,2318,145,62,62,0,True,0,0,72,6702,929,0.21305841924398625,1.0,False,0,0,2.0,0.0,65.0,2.9166666666666665,0.7222222222222222,2.1944444444444446,652.6380833195162,93.08333333333333,125,36,43,0,0,5,3,47.14001216699944
stress,0.25,local-flat,0,mixed,dense,6,20,0.25,3.0,3626,245,4244,287,2584,175,62,62,0,True,0,0,72,5413,1042,0.2530612244897959,1.0,False,0,0,2.0,0.5,16.0,2.7777777777777777,0.375,2.4027777777777777,390.46685941660695,75.18055555555556,145,33,21,0,0,0,0,28.432585042000028
stress,0.25,local-flat,1,mixed,dense,6,20,0.25,3.0,3329,224,3968,259,2532,167,62,62,0,True,0,0,72,4434,797,0.2767857142857143,1.0,False,0,0,2.0,0.5,6.0,2.9722222222222223,0.5833333333333334,2.388888888888889,527.4874073611626,61.583333333333336,145,33,36,0,0,0,0,38.167498499999965
stress,0.25,local-flat,3,mixed,dense,6,20,0.25,3.0,3087,244,3626,285,2292,150,62,62,0,True,0,0,72,4742,795,0.2540983606557377,1.0,False,0,0,2.0,0.0,26.5,2.888888888888889,0.5694444444444444,2.3194444444444446,233.4508940694175,65.86111111111111,146,30,31,0,0,0,0,16.942065124999317
stress,0.25,local-flat,4,mixed,dense,6,20,0.25,3.0,3045,211,3485,237,2369,159,62,62,0,True,0,0,72,4740,676,0.2938388625592417,1.0,False,0,0,2.0,0.5,10.5,2.7083333333333335,0.375,2.3333333333333335,233.54745079163624,65.83333333333333,139,19,36,0,0,0,0,16.91722324999955
stress,0.25,local-flat,5,mixed,dense,6,20,0.25,3.0,2964,279,3539,308,2367,150,62,62,0,True,0,0,72,4103,597,0.2222222222222222,1.0,False,0,0,2.0,1.0,0.0,2.388888888888889,0.3611111111111111,2.0277777777777777,250.08458906950182,56.986111111111114,126,13,32,0,0,0,0,18.11171362499954
stress,0.25,local,9,mixed,dense,6,20,0.25,3.0,3372,237,4140,259,2443,173,62,62,0,True,0,0,72,8052,929,0.2616033755274262,1.0,False,0,0,2.0,0.0,11.0,3.5,0.5833333333333334,2.9166666666666665,741.6591683194156,111.83333333333333,166,31,54,1,0,0,2,53.518503166999835
stress,0.25,solo,0,mixed,dense,6,20,0.25,3.0,3425,314,4061,341,2584,175,62,62,0,True,0,0,72,439,841,0.19745222929936307,1.0,False,0,0,2.0,0.0,16.5,2.513888888888889,0.0,2.513888888888889,37.747620819446745,6.097222222222222,180,0,0,0,0,0,0,2.9322015000007013
stress,0.25,solo,2,mixed,dense,6,20,0.25,3.0,3152,264,3702,282,2395,148,62,62,0,True,0,0,72,480,757,0.23484848484848486,1.0,False,0,0,2.0,0.5,4.5,2.4444444444444446,0.09722222222222222,2.3472222222222223,26.98435238884637,6.666666666666667,175,0,1,0,0,0,0,2.0403284999993048
stress,0.25,local,7,mixed,dense,6,20,0.25,3.0,3712,298,4233,353,2547,164,62,62,0,True,0,0,72,6828,1165,0.2080536912751678,1.0,False,0,0,2.0,0.0,16.0,3.125,0.5833333333333334,2.5416666666666665,974.453201375089,94.83333333333333,154,28,42,0,0,0,0,70.31442866699945
stress,0.25,solo,3,mixed,dense,6,20,0.25,3.0,3264,288,3729,309,2292,150,62,62,0,True,0,0,72,687,972,0.2152777777777778,1.0,False,0,0,2.0,0.0,30.5,2.4166666666666665,0.25,2.1805555555555554,55.03693459727148,9.541666666666666,169,5,0,0,0,0,0,4.112710416999107
stress,0.25,solo,4,mixed,dense,6,20,0.25,3.0,3021,221,3470,247,2369,159,62,62,0,True,0,0,72,583,652,0.28054298642533937,1.0,False,0,0,2.0,0.0,5.5,2.486111111111111,0.2222222222222222,2.263888888888889,46.76648719444327,8.097222222222221,176,2,0,0,0,0,0,3.4843508750000183
stress,0.25,solo,1,mixed,dense,6,20,0.25,3.0,3642,277,4319,312,2532,167,62,62,0,True,0,0,72,695,1110,0.22382671480144403,1.0,False,0,0,2.0,0.0,16.0,2.9305555555555554,0.5277777777777778,2.4027777777777777,109.79696129168639,9.652777777777779,204,6,1,0,0,0,0,8.021674458000234
stress,0.25,solo,5,mixed,dense,6,20,0.25,3.0,2828,279,3392,306,2367,150,62,62,0,True,0,0,72,446,461,0.2222222222222222,1.0,False,0,0,2.0,1.0,0.0,1.8472222222222223,0.0,1.8472222222222223,37.322980902786185,6.194444444444445,132,0,0,0,0,0,0,2.8007440000001225
stress,0.25,solo,7,mixed,dense,6,20,0.25,3.0,3639,303,4118,319,2547,164,62,62,0,True,0,0,72,806,1092,0.20462046204620463,1.0,False,0,0,2.0,0.0,16.5,2.388888888888889,0.05555555555555555,2.3333333333333335,62.48179172220918,11.194444444444445,171,0,0,0,0,0,0,4.591378833999443
stress,0.25,solo,6,mixed,dense,6,20,0.25,3.0,3145,368,3674,380,2318,145,62,62,0,True,0,0,72,786,827,0.16847826086956522,1.0,False,0,0,2.0,0.0,68.5,2.263888888888889,0.1527777777777778,2.111111111111111,85.78419726392086,10.916666666666666,157,4,1,0,0,0,0,6.343349458000375
stress,0.25,local-flat,6,mixed,dense,6,20,0.25,3.0,3101,290,3637,326,2318,145,62,62,0,True,0,0,72,5753,783,0.21379310344827587,1.0,False,0,0,2.0,0.0,63.0,2.763888888888889,0.6388888888888888,2.125,448.4550827777664,79.90277777777777,131,32,35,0,0,0,0,32.46688766599982
stress,0.25,solo,9,mixed,dense,6,20,0.25,3.0,3308,219,3755,249,2443,173,62,62,0,True,0,0,72,780,865,0.2831050228310502,1.0,False,0,0,2.0,0.0,26.5,2.7222222222222223,0.20833333333333334,2.513888888888889,45.96962209716872,10.833333333333334,188,5,2,0,0,0,0,3.4216315410003517
stress,0.25,local,8,mixed,dense,6,20,0.25,3.0,3577,301,4186,335,2370,148,62,62,0,True,0,0,72,8034,1207,0.2059800664451827,1.0,False,0,0,2.0,0.0,17.0,3.486111111111111,0.875,2.611111111111111,1125.2473784860133,111.58333333333333,164,40,45,1,0,0,1,81.09699833400009
stress,0.25,local-flat,9,mixed,dense,6,20,0.25,3.0,3362,244,4092,271,2443,173,62,62,0,True,0,0,72,5351,919,0.2540983606557377,1.0,False,0,0,2.0,0.0,11.0,3.375,0.5277777777777778,2.8472222222222223,328.49193222222715,74.31944444444444,164,30,48,1,0,0,0,23.81949799999984
stress,0.25,full,2,mixed,dense,6,20,0.25,3.0,3117,245,3627,263,2395,148,62,62,0,True,0,0,72,2880,722,0.2530612244897959,1.0,False,0,0,2.0,1.0,0.0,9.25,7.194444444444445,2.0555555555555554,69.65691145830988,40.0,0,0,0,0,1440,0,0,5.101115333999587
stress,0.25,full,3,mixed,dense,6,20,0.25,3.0,2921,271,3383,292,2292,150,62,62,0,True,0,0,72,2826,629,0.22878228782287824,1.0,False,0,0,2.0,0.0,21.0,6.916666666666667,4.972222222222222,1.9444444444444444,82.13732233338709,39.25,1,0,0,0,1385,0,0,6.00982195800043
stress,0.25,full,4,mixed,dense,6,20,0.25,3.0,3095,339,3575,360,2369,159,62,62,0,True,0,0,72,2795,726,0.18289085545722714,1.0,False,0,0,2.0,1.0,0.0,9.11111111111111,6.736111111111111,2.375,151.77848493045883,38.81944444444444,0,0,0,0,1390,0,0,11.030875499999638
stress,0.25,full,5,mixed,dense,6,20,0.25,3.0,2971,255,3528,282,2367,150,62,62,0,True,0,0,72,2779,604,0.24313725490196078,1.0,False,0,0,2.0,1.0,0.0,7.666666666666667,5.763888888888889,1.9027777777777777,153.0739941667005,38.59722222222222,0,0,0,0,1370,0,0,11.104376457999933
stress,0.25,full,1,mixed,dense,6,20,0.25,3.0,3493,228,4138,261,2532,167,62,62,0,True,0,0,72,2858,961,0.2719298245614035,1.0,False,0,0,2.0,0.5,7.5,9.819444444444445,7.375,2.4444444444444446,301.18265863886035,39.69444444444444,3,0,0,0,1400,0,0,21.862140582999928
stress,0.25,full,0,mixed,dense,6,20,0.25,3.0,3577,245,4136,256,2584,175,62,62,0,True,0,0,72,2779,993,0.2530612244897959,1.0,False,0,0,2.0,0.5,1.0,10.083333333333334,7.430555555555555,2.6527777777777777,319.8768339027917,38.59722222222222,0,0,0,0,1379,0,0,23.238038208000035
stress,0.25,full,6,mixed,dense,6,20,0.25,3.0,3293,287,3817,323,2318,145,62,62,0,True,0,0,72,2806,975,0.21602787456445993,1.0,False,0,0,2.0,0.0,61.0,8.458333333333334,6.541666666666667,1.9166666666666667,211.56414651382724,38.97222222222222,16,0,0,0,1301,0,0,15.350108958000419
stress,0.25,full,9,mixed,dense,6,20,0.25,3.0,3488,273,3955,306,2443,173,62,62,0,True,0,0,72,2859,1045,0.2271062271062271,1.0,False,0,0,2.0,0.0,22.5,10.194444444444445,7.486111111111111,2.7083333333333335,201.1029768750253,39.708333333333336,0,0,0,0,1428,0,0,14.666201166999599
stress,0.25,local-flat,7,mixed,dense,6,20,0.25,3.0,4187,308,4850,336,2547,164,62,62,0,True,0,0,72,5271,1640,0.2012987012987013,1.0,False,0,0,2.0,0.0,10.5,3.125,0.5,2.625,836.2233558888446,73.20833333333333,151,31,42,0,0,0,0,60.35441629199977
stress,0.3,local,0,mixed,dense,6,20,0.3,3.0,3478,248,4112,290,2584,175,62,62,0,True,0,0,86,5628,894,0.25,1.0,False,0,0,2.0,0.0,12.0,2.8372093023255816,0.5232558139534884,2.313953488372093,206.02382947669844,65.44186046511628,170,33,41,0,0,0,3,17.92449920800027
stress,0.25,solo,8,mixed,dense,6,20,0.25,3.0,452,66,4085,215,2370,148,14,62,0,False,0,0,72,387582,-1918,0.21212121212121213,0.22580645161290322,True,0,19,2.0,0.0,0.0,2.513888888888889,0.4444444444444444,2.0694444444444446,718.825445041653,5383.083333333333,157,2,2,19,0,0,0,51.879960875000506
stress,0.25,full,7,mixed,dense,6,20,0.25,3.0,3764,280,4383,315,2547,164,62,62,0,True,0,0,72,2857,1217,0.22142857142857142,1.0,False,0,0,2.0,0.5,5.5,9.083333333333334,6.361111111111111,2.7222222222222223,446.2191996944335,39.68055555555556,0,0,0,0,1410,0,0,32.26284029099952
stress,0.3,local,2,mixed,dense,6,20,0.3,3.0,3219,234,3647,262,2395,148,62,62,0,True,0,0,86,4552,824,0.26495726495726496,1.0,False,0,0,2.0,0.0,24.5,2.127906976744186,0.20930232558139536,1.9186046511627908,127.12118113958515,52.93023255813954,143,9,30,0,0,0,1,11.06473166700016
stress,0.3,local,3,mixed,dense,6,20,0.3,3.0,2964,200,3416,228,2292,150,62,62,0,True,0,0,86,4224,672,0.31,1.0,False,0,0,2.0,0.0,6.5,2.3255813953488373,0.43023255813953487,1.8953488372093024,183.39360951156695,49.116279069767444,132,28,38,1,0,0,1,15.88880508300008
stress,0.25,full,8,mixed,dense,6,20,0.25,3.0,3734,248,4440,282,2370,148,62,62,0,True,0,0,72,2834,1364,0.25,1.0,False,0,0,2.0,0.5,1.5,10.722222222222221,7.986111111111111,2.736111111111111,806.1112523332794,39.361111111111114,4,0,0,0,1390,0,0,58.116307667
stress,0.3,local,5,mixed,dense,6,20,0.3,3.0,3176,243,3768,251,2367,150,62,62,0,True,0,0,86,5092,809,0.2551440329218107,1.0,False,0,0,2.0,0.0,15.5,2.2325581395348837,0.38372093023255816,1.8488372093023255,428.71476554652213,59.2093023255814,138,28,26,0,0,0,0,36.98723870899994
stress,0.3,local,6,mixed,dense,6,20,0.3,3.0,3401,292,4020,331,2318,145,62,62,0,True,0,0,86,6134,1083,0.21232876712328766,1.0,False,0,0,2.0,0.0,56.0,2.7093023255813953,0.5813953488372093,2.127906976744186,571.0173013953863,71.32558139534883,146,30,57,0,0,0,0,49.2926378330003
stress,0.3,local-flat,0,mixed,dense,6,20,0.3,3.0,3308,220,3972,259,2584,175,62,62,0,True,0,0,86,4954,724,0.2818181818181818,1.0,False,0,0,2.0,0.0,7.5,2.488372093023256,0.4186046511627907,2.0697674418604652,153.0017044070561,57.604651162790695,144,34,36,0,0,0,0,13.361813875000735
stress,0.3,local,9,mixed,dense,6,20,0.3,3.0,3298,236,3899,272,2443,173,62,62,0,True,0,0,86,6398,855,0.2627118644067797,1.0,False,0,0,2.0,0.0,4.5,3.0930232558139537,0.6162790697674418,2.4767441860465116,285.1010222442033,74.3953488372093,185,29,50,1,0,2,3,24.67380937500002
stress,0.3,local,7,mixed,dense,6,20,0.3,3.0,3707,317,4362,376,2547,164,62,62,0,True,0,0,86,8764,1160,0.19558359621451105,1.0,False,0,0,2.0,0.0,20.0,3.046511627906977,0.7093023255813954,2.3372093023255816,620.0736415581179,101.90697674418605,167,27,68,0,0,0,3,53.4491936659997
stress,0.3,local,4,mixed,dense,6,20,0.3,3.0,3624,297,4047,323,2369,159,62,62,0,True,0,0,86,8183,1255,0.20875420875420875,1.0,False,0,0,2.0,0.5,19.0,3.372093023255814,0.5465116279069767,2.8255813953488373,720.1252859534729,95.15116279069767,205,30,53,1,0,0,1,62.02105087499967
stress,0.3,local-flat,3,mixed,dense,6,20,0.3,3.0,3143,221,3612,241,2292,150,62,62,0,True,0,0,86,4107,851,0.28054298642533937,1.0,False,0,0,2.0,0.5,18.0,2.441860465116279,0.4186046511627907,2.0232558139534884,121.70538370932009,47.75581395348837,150,23,35,1,0,0,0,10.59322933400017
stress,0.3,local-flat,2,mixed,dense,6,20,0.3,3.0,3368,261,3815,275,2395,148,62,62,0,True,0,0,86,4932,973,0.23754789272030652,1.0,False,0,0,2.0,0.0,23.0,2.6511627906976742,0.46511627906976744,2.186046511627907,160.57246556978455,57.348837209302324,159,23,45,0,0,0,0,13.928197791000457
stress,0.3,local-flat,5,mixed,dense,6,20,0.3,3.0,3176,243,3768,251,2367,150,62,62,0,True,0,0,86,4616,809,0.2551440329218107,1.0,False,0,0,2.0,0.0,15.5,2.2325581395348837,0.38372093023255816,1.8488372093023255,296.3353716744107,53.674418604651166,138,28,26,0,0,0,0,25.607364083999528
stress,0.3,local-flat,7,mixed,dense,6,20,0.3,3.0,3526,279,4081,322,2547,164,62,62,0,True,0,0,86,5866,979,0.2222222222222222,1.0,False,0,0,2.0,0.0,10.5,2.546511627906977,0.47674418604651164,2.0697674418604652,205.76105476743047,68.20930232558139,157,22,40,0,0,0,0,17.81792941599997
stress,0.3,local-flat,4,mixed,dense,6,20,0.3,3.0,3378,280,3765,289,2369,159,62,62,0,True,0,0,86,6354,1009,0.22142857142857142,1.0,False,0,0,2.0,0.0,19.0,3.383720930232558,0.7906976744186046,2.5930232558139537,379.4139224767626,73.88372093023256,168,62,59,1,0,0,0,32.729106332999436
stress,0.3,solo,0,mixed,dense,6,20,0.3,3.0,3601,245,4236,287,2584,175,62,62,0,True,0,0,86,640,1017,0.2530612244897959,1.0,False,0,0,2.0,0.0,15.0,2.197674418604651,0.0,2.197674418604651,25.247668093015818,7.441860465116279,189,0,0,0,0,0,0,2.3473660839999866
stress,0.3,local-flat,6,mixed,dense,6,20,0.3,3.0,3454,338,4078,377,2318,145,62,62,0,True,0,0,86,5328,1136,0.1834319526627219,1.0,False,0,0,2.0,0.0,100.0,2.5813953488372094,0.45348837209302323,2.127906976744186,309.08003387208356,61.95348837209303,154,26,42,0,0,0,0,26.75218258299992
stress,0.3,solo,2,mixed,dense,6,20,0.3,3.0,3331,245,3755,271,2395,148,62,62,0,True,0,0,86,582,936,0.2530612244897959,1.0,False,0,0,2.0,0.5,21.5,2.1744186046511627,0.10465116279069768,2.0697674418604652,30.878217581344913,6.767441860465116,183,2,1,0,0,0,0,2.753812416999608
stress,0.3,solo,3,mixed,dense,6,20,0.3,3.0,3349,241,3808,269,2292,150,62,62,0,True,0,0,86,907,1057,0.2572614107883817,1.0,False,0,0,2.0,0.0,20.5,2.383720930232558,0.2441860465116279,2.13953488372093,30.087503383742312,10.546511627906977,197,2,4,1,0,0,0,2.70907354100018
stress,0.3,local-flat,9,mixed,dense,6,20,0.3,3.0,3345,236,3951,269,2443,173,62,62,0,True,0,0,86,5285,902,0.2627118644067797,1.0,False,0,0,2.0,0.0,4.5,2.813953488372093,0.4883720930232558,2.3255813953488373,177.4823163372233,61.45348837209303,164,34,44,1,0,0,0,15.417671084000176
stress,0.3,solo,4,mixed,dense,6,20,0.3,3.0,3553,354,4061,377,2369,159,62,62,0,True,0,0,86,1201,1184,0.1751412429378531,1.0,False,0,0,2.0,0.0,20.0,3.0232558139534884,0.27906976744186046,2.744186046511628,87.59546061622153,13.965116279069768,251,3,2,3,0,0,0,7.627885583000534
stress,0.3,solo,5,mixed,dense,6,20,0.3,3.0,3985,276,4832,309,2367,150,62,62,0,True,0,0,86,745,1618,0.2246376811594203,1.0,False,0,0,2.0,0.0,31.5,2.3488372093023258,0.313953488372093,2.0348837209302326,99.17600195346897,8.662790697674419,200,1,1,0,0,0,0,8.645115291000366
stress,0.3,solo,6,mixed,dense,6,20,0.3,3.0,3572,297,4158,336,2318,145,62,62,0,True,0,0,86,1128,1254,0.20875420875420875,1.0,False,0,0,2.0,0.0,58.0,2.255813953488372,0.23255813953488372,2.0232558139534884,76.30900190697291,13.116279069767442,185,2,4,3,0,0,0,6.717081167000288
stress,0.3,solo,1,mixed,dense,6,20,0.3,3.0,4013,310,4794,348,2532,167,62,62,0,True,0,0,86,1244,1481,0.2,1.0,False,0,0,2.0,0.0,36.0,2.7906976744186047,0.38372093023255816,2.4069767441860463,262.57169480228646,14.465116279069768,231,6,0,3,0,0,0,22.75089454099998
stress,0.3,solo,9,mixed,dense,6,20,0.3,3.0,3772,282,4370,305,2443,173,62,62,0,True,0,0,86,939,1329,0.2198581560283688,1.0,False,0,0,2.0,0.0,15.0,2.755813953488372,0.20930232558139536,2.546511627906977,57.11201840697043,10.918604651162791,229,7,1,0,0,0,0,5.063607916999899
stress,0.3,full,0,mixed,dense,6,20,0.3,3.0,3321,211,3970,250,2584,175,62,62,0,True,0,0,86,3440,737,0.2938388625592417,1.0,False,0,0,2.0,0.0,6.0,8.616279069767442,6.627906976744186,1.9883720930232558,118.29915647673937,40.0,0,0,0,0,1720,0,0,10.345479832999445
stress,0.3,solo,7,mixed,dense,6,20,0.3,3.0,4314,347,5009,390,2547,164,62,62,0,True,0,0,86,1614,1767,0.1786743515850144,1.0,False,0,0,2.0,0.0,27.0,2.953488372093023,0.38372093023255816,2.5697674418604652,383.06515261632904,18.767441860465116,242,10,1,1,0,0,0,33.098572708000574
stress,0.3,full,2,mixed,dense,6,20,0.3,3.0,3691,277,4150,305,2395,148,62,62,0,True,0,0,86,3390,1296,0.22382671480144403,1.0,False,0,0,2.0,0.5,36.5,10.593023255813954,8.465116279069768,2.127906976744186,185.07750874416456,39.41860465116279,1,0,0,0,1662,0,0,16.06976124999983
stress,0.3,solo,8,mixed,dense,6,20,0.3,3.0,335,53,4220,211,2370,148,10,62,0,False,0,0,86,445839,-2035,0.18867924528301888,0.16129032258064516,True,0,20,2.0,0.0,0.0,2.5232558139534884,0.5930232558139535,1.941860465116279,615.5112607438833,5184.174418604651,190,3,4,21,0,0,0,53.041944958000386
stress,0.3,full,3,mixed,dense,6,20,0.3,3.0,3194,212,3658,238,2292,150,62,62,0,True,0,0,86,3422,902,0.29245283018867924,1.0,False,0,0,2.0,0.5,3.5,7.058139534883721,4.965116279069767,2.0930232558139537,127.90105518605172,39.7906976744186,0,0,0,0,1706,0,0,11.126312207999945
stress,0.3,full,4,mixed,dense,6,20,0.3,3.0,3469,235,3837,249,2369,159,62,62,0,True,0,0,86,3418,1100,0.26382978723404255,1.0,False,0,0,2.0,0.5,10.5,8.174418604651162,5.941860465116279,2.244186046511628,203.35235411629435,39.74418604651163,0,0,0,0,1702,0,0,17.580907333999676
stress,0.3,full,5,mixed,dense,6,20,0.3,3.0,3172,216,3852,234,2367,150,62,62,0,True,0,0,86,3440,805,0.28703703703703703,1.0,False,0,0,2.0,1.0,0.0,7.093023255813954,5.186046511627907,1.9069767441860466,291.6306477906357,40.0,0,0,0,0,1720,0,0,25.189503208000133
stress,0.3,full,6,mixed,dense,6,20,0.3,3.0,3574,285,4179,324,2318,145,62,62,0,True,0,0,86,3451,1256,0.21754385964912282,1.0,False,0,0,2.0,0.0,48.5,9.80232558139535,7.6976744186046515,2.104651162790698,277.6382330231955,40.127906976744185,11,0,0,0,1700,0,0,24.034329166000134
stress,0.3,full,7,mixed,dense,6,20,0.3,3.0,4105,318,4803,377,2547,164,62,62,0,True,0,0,86,3440,1558,0.1949685534591195,1.0,False,0,0,2.0,0.0,25.5,11.05813953488372,8.744186046511627,2.313953488372093,256.5929762209571,40.0,0,0,0,0,1720,0,0,22.215125374999843
stress,0.3,full,9,mixed,dense,6,20,0.3,3.0,3846,243,4425,263,2443,173,62,62,0,True,0,0,86,3440,1403,0.2551440329218107,1.0,False,0,0,2.0,0.0,5.0,9.825581395348838,7.0813953488372094,2.744186046511628,197.90684108139155,40.0,0,0,0,0,1720,0,0,17.188842167000075
stress,20.0,local,0,blockage (perm),unsafe-single,6,20,0.02,3.0,2589,175,3202,208,2584,175,60,60,0,True,0,0,1,19,5,0.34285714285714286,1.0,False,0,0,,,,4.0,0.0,4.0,7.730207999884442,19.0,4,0,0,0,0,0,0,0.19613416599986522
stress,20.0,local,1,blockage (perm),unsafe-single,6,20,0.02,3.0,2505,167,3324,349,2532,167,58,60,0,False,0,0,1,175,-27,0.3473053892215569,0.9666666666666667,True,1,0,,,,11.0,5.0,6.0,180.71399799828214,175.0,9,1,0,1,0,0,0,0.3296235419993536
stress,20.0,local,2,blockage (perm),unsafe-single,6,20,0.02,3.0,2418,160,2916,178,2395,148,60,60,0,True,0,0,1,81,23,0.375,1.0,False,0,0,,,,7.0,1.0,6.0,58.138958999734314,81.0,5,2,0,0,0,0,0,0.16531150000082562
stress,20.0,local,3,blockage (perm),unsafe-single,6,20,0.02,3.0,2308,150,2788,172,2292,150,60,60,0,True,0,0,1,233,16,0.4,1.0,False,0,0,,,,12.0,3.0,9.0,341.69008299977577,233.0,6,4,2,0,0,0,1,0.44076637499983917
stress,20.0,local,4,blockage (perm),unsafe-single,6,20,0.02,3.0,2386,159,2850,182,2369,159,60,60,0,True,0,0,1,254,17,0.37735849056603776,1.0,False,0,0,,,,7.0,0.0,7.0,698.5296659995583,254.0,7,0,0,0,0,0,0,0.7910989580004752
stress,20.0,local,5,blockage (perm),unsafe-single,6,20,0.02,3.0,2376,150,2906,180,2367,150,60,60,0,True,0,0,1,69,9,0.4,1.0,False,0,0,,,,2.0,0.0,2.0,28.727834000164876,69.0,2,0,0,0,0,0,0,0.13744062499972642
stress,20.0,local,6,blockage (perm),unsafe-single,6,20,0.02,3.0,2329,145,2900,180,2318,145,60,60,0,True,0,0,1,47,11,0.41379310344827586,1.0,False,0,0,,,,5.0,1.0,4.0,28.129625000474334,47.0,3,2,0,0,0,0,0,0.1689709579995906
stress,20.0,local,7,blockage (perm),unsafe-single,6,20,0.02,3.0,2586,173,3101,205,2547,164,60,60,0,True,0,0,1,29,39,0.3468208092485549,1.0,False,0,0,,,,4.0,0.0,4.0,27.38591700017423,29.0,4,0,0,0,0,0,0,0.17286549999971612
stress,20.0,local,8,blockage (perm),unsafe-single,6,20,0.02,3.0,2430,169,2965,188,2370,148,60,60,0,True,0,0,1,196,60,0.35502958579881655,1.0,False,0,0,,,,5.0,0.0,5.0,85.33441700001276,196.0,5,0,0,0,0,0,0,0.1786149999998088
stress,20.0,local,9,blockage (perm),unsafe-single,6,20,0.02,3.0,2473,173,2958,190,2443,173,60,60,0,True,0,0,1,84,30,0.3468208092485549,1.0,False,0,0,,,,8.0,1.0,7.0,40.77316700022493,84.0,6,0,2,0,0,0,0,0.19908916699932888
stress,20.0,local-flat,0,blockage (perm),unsafe-single,6,20,0.02,3.0,2589,175,3202,208,2584,175,60,60,0,True,0,0,1,19,5,0.34285714285714286,1.0,False,0,0,,,,4.0,0.0,4.0,4.572875000121712,19.0,4,0,0,0,0,0,0,0.19825304099958885
stress,20.0,local-flat,1,blockage (perm),unsafe-single,6,20,0.02,3.0,2505,167,3324,349,2532,167,58,60,0,False,0,0,1,175,-27,0.3473053892215569,0.9666666666666667,True,1,0,,,,11.0,5.0,6.0,170.9981600042738,175.0,9,1,0,1,0,0,0,0.36227395800051454
stress,20.0,local-flat,2,blockage (perm),unsafe-single,6,20,0.02,3.0,2418,160,2916,178,2395,148,60,60,0,True,0,0,1,81,23,0.375,1.0,False,0,0,,,,7.0,1.0,6.0,64.7462920005637,81.0,5,2,0,0,0,0,0,0.16324133300076937
stress,20.0,local-flat,3,blockage (perm),unsafe-single,6,20,0.02,3.0,2320,150,2802,172,2292,150,60,60,0,True,0,0,1,302,28,0.4,1.0,False,0,0,,,,11.0,2.0,9.0,479.43354199924215,302.0,7,2,2,0,0,0,0,0.6059922500007815
stress,20.0,local-flat,4,blockage (perm),unsafe-single,6,20,0.02,3.0,2386,159,2850,182,2369,159,60,60,0,True,0,0,1,192,17,0.37735849056603776,1.0,False,0,0,,,,7.0,0.0,7.0,426.55254200053605,192.0,7,0,0,0,0,0,0,0.5053518749991781
stress,20.0,local-flat,5,blockage (perm),unsafe-single,6,20,0.02,3.0,2376,150,2906,180,2367,150,60,60,0,True,0,0,1,69,9,0.4,1.0,False,0,0,,,,2.0,0.0,2.0,24.783500000012282,69.0,2,0,0,0,0,0,0,0.12075224999989587
stress,20.0,local-flat,6,blockage (perm),unsafe-single,6,20,0.02,3.0,2329,145,2900,180,2318,145,60,60,0,True,0,0,1,47,11,0.41379310344827586,1.0,False,0,0,,,,5.0,1.0,4.0,30.61124999931053,47.0,3,2,0,0,0,0,0,0.17810254199957853
stress,20.0,local-flat,7,blockage (perm),unsafe-single,6,20,0.02,3.0,2586,173,3101,205,2547,164,60,60,0,True,0,0,1,29,39,0.3468208092485549,1.0,False,0,0,,,,4.0,0.0,4.0,14.138708999780647,29.0,4,0,0,0,0,0,0,0.14534350000030827
stress,20.0,local-flat,8,blockage (perm),unsafe-single,6,20,0.02,3.0,2430,169,2965,188,2370,148,60,60,0,True,0,0,1,190,60,0.35502958579881655,1.0,False,0,0,,,,5.0,0.0,5.0,83.49066699884133,190.0,5,0,0,0,0,0,0,0.1812392080000791
stress,20.0,local-flat,9,blockage (perm),unsafe-single,6,20,0.02,3.0,2473,173,2958,190,2443,173,60,60,0,True,0,0,1,84,30,0.3468208092485549,1.0,False,0,0,,,,8.0,1.0,7.0,30.853750000460423,84.0,6,0,2,0,0,0,0,0.17084904199964512
stress,20.0,solo,0,blockage (perm),unsafe-single,6,20,0.02,3.0,2589,175,3202,208,2584,175,60,60,0,True,0,0,1,7,5,0.34285714285714286,1.0,False,0,0,,,,4.0,0.0,4.0,3.160167000714864,7.0,4,0,0,0,0,0,0,0.18233525000050577
stress,20.0,solo,1,blockage (perm),unsafe-single,6,20,0.02,3.0,2512,167,3330,349,2532,167,58,60,0,False,0,0,1,22,-20,0.3473053892215569,0.9666666666666667,True,1,0,,,,11.0,5.0,6.0,130.19676100066135,22.0,10,0,0,1,0,0,0,0.30107666599997174
stress,20.0,solo,2,blockage (perm),unsafe-single,6,20,0.02,3.0,2420,160,2922,178,2395,148,60,60,0,True,0,0,1,13,25,0.375,1.0,False,0,0,,,,6.0,0.0,6.0,25.6483749999461,13.0,6,0,0,0,0,0,0,0.141498916999808
stress,20.0,solo,3,blockage (perm),unsafe-single,6,20,0.02,3.0,2335,150,2817,172,2292,150,60,60,0,True,0,0,1,36,43,0.4,1.0,False,0,0,,,,9.0,0.0,9.0,81.90216599996347,36.0,9,0,0,0,0,0,0,0.22018645800017111
stress,20.0,solo,4,blockage (perm),unsafe-single,6,20,0.02,3.0,2386,159,2850,182,2369,159,60,60,0,True,0,0,1,22,17,0.37735849056603776,1.0,False,0,0,,,,7.0,0.0,7.0,31.568375000460946,22.0,7,0,0,0,0,0,0,0.11634829199920205
stress,20.0,solo,5,blockage (perm),unsafe-single,6,20,0.02,3.0,2376,150,2906,180,2367,150,60,60,0,True,0,0,1,7,9,0.4,1.0,False,0,0,,,,2.0,0.0,2.0,5.5497919993285905,7.0,2,0,0,0,0,0,0,0.10499237499971059
stress,20.0,solo,6,blockage (perm),unsafe-single,6,20,0.02,3.0,2329,145,2904,180,2318,145,60,60,0,True,0,0,1,9,11,0.41379310344827586,1.0,False,0,0,,,,4.0,0.0,4.0,17.212125000696687,9.0,4,0,0,0,0,0,0,0.17613937500027532
stress,20.0,solo,7,blockage (perm),unsafe-single,6,20,0.02,3.0,2586,173,3101,205,2547,164,60,60,0,True,0,0,1,9,39,0.3468208092485549,1.0,False,0,0,,,,4.0,0.0,4.0,20.67233299931104,9.0,4,0,0,0,0,0,0,0.12794579100045667
stress,20.0,solo,8,blockage (perm),unsafe-single,6,20,0.02,3.0,2430,169,2965,188,2370,148,60,60,0,True,0,0,1,48,60,0.35502958579881655,1.0,False,0,0,,,,5.0,0.0,5.0,33.344874999784224,48.0,5,0,0,0,0,0,0,0.13585449999936827
stress,20.0,solo,9,blockage (perm),unsafe-single,6,20,0.02,3.0,2473,173,2964,190,2443,173,60,60,0,True,0,0,1,23,30,0.3468208092485549,1.0,False,0,0,,,,7.0,0.0,7.0,28.964208000616054,23.0,7,0,0,0,0,0,0,0.16253908299950126
stress,20.0,full,0,blockage (perm),unsafe-single,6,20,0.02,3.0,2595,175,3210,208,2584,175,60,60,0,True,0,0,1,40,11,0.34285714285714286,1.0,False,0,0,,,,9.0,5.0,4.0,9.13541600039025,40.0,0,0,0,0,20,0,0,0.19265566600006423
stress,20.0,full,1,blockage (perm),unsafe-single,6,20,0.02,3.0,2506,167,3316,349,2532,167,58,60,0,False,0,0,1,42,-26,0.3473053892215569,0.9666666666666667,True,1,0,,,,11.0,5.0,6.0,170.24621299879072,42.0,10,0,0,1,0,0,0,0.34011800000007497
stress,20.0,full,2,blockage (perm),unsafe-single,6,20,0.02,3.0,2432,154,2935,172,2395,148,60,60,0,True,0,0,1,40,37,0.38961038961038963,1.0,False,0,0,,,,19.0,13.0,6.0,45.44887500014738,40.0,0,0,0,0,20,0,0,0.15253820799989626
stress,20.0,full,3,blockage (perm),unsafe-single,6,20,0.02,3.0,2331,150,2812,172,2292,150,60,60,0,True,0,0,1,40,39,0.4,1.0,False,0,0,,,,16.0,7.0,9.0,148.49087499987945,40.0,0,0,0,0,20,0,0,0.2586554999998043
stress,20.0,full,4,blockage (perm),unsafe-single,6,20,0.02,3.0,2459,159,2920,182,2369,159,60,60,0,True,0,0,1,40,90,0.37735849056603776,1.0,False,0,0,,,,19.0,12.0,7.0,187.15925000014977,40.0,0,0,0,0,20,0,0,0.26257449999957316
stress,20.0,full,5,blockage (perm),unsafe-single,6,20,0.02,3.0,2369,150,2906,180,2367,150,60,60,0,True,0,0,1,40,2,0.4,1.0,False,0,0,,,,4.0,2.0,2.0,30.846207999275066,40.0,0,0,0,0,20,0,0,0.12100958400060335
stress,20.0,full,6,blockage (perm),unsafe-single,6,20,0.02,3.0,2346,145,2917,180,2318,145,60,60,0,True,0,0,1,40,28,0.41379310344827586,1.0,False,0,0,,,,14.0,10.0,4.0,27.102457999717444,40.0,0,0,0,0,20,0,0,0.19730954199985717
stress,20.0,full,7,blockage (perm),unsafe-single,6,20,0.02,3.0,2577,171,3092,200,2547,164,60,60,0,True,0,0,1,40,30,0.3508771929824561,1.0,False,0,0,,,,11.0,7.0,4.0,22.768083000300976,40.0,0,0,0,0,20,0,0,0.12921662499957165
stress,20.0,full,8,blockage (perm),unsafe-single,6,20,0.02,3.0,2425,158,2973,177,2370,148,60,60,0,True,0,0,1,40,55,0.379746835443038,1.0,False,0,0,,,,12.0,7.0,5.0,21.88674999979412,40.0,0,0,0,0,20,0,0,0.11743270799979655
stress,20.0,full,9,blockage (perm),unsafe-single,6,20,0.02,3.0,2473,173,2961,180,2443,173,60,60,0,True,0,0,1,40,30,0.3468208092485549,1.0,False,0,0,,,,18.0,11.0,7.0,17.46004200049356,40.0,0,0,0,0,20,0,0,0.15764041700003872
stress,20.0,local,0,breakdown (perm),unsafe-single,6,20,0.02,3.0,2636,208,3220,242,2584,175,60,60,0,True,0,0,1,232,52,0.28846153846153844,1.0,False,0,0,,,,11.0,2.0,9.0,1170.5188329997327,232.0,6,4,0,0,0,0,0,1.3965981669998655
stress,20.0,local,1,breakdown (perm),unsafe-single,6,20,0.02,3.0,2561,217,3051,252,2532,167,60,60,0,True,0,0,1,135,29,0.2764976958525346,1.0,False,0,0,,,,7.0,0.0,7.0,347.7220409995425,135.0,5,0,1,0,0,0,0,0.4933522499995888
stress,20.0,local,2,breakdown (perm),unsafe-single,6,20,0.02,3.0,2380,168,2842,193,2395,148,60,60,0,True,0,0,1,213,-15,0.35714285714285715,1.0,False,0,0,,,,8.0,0.0,8.0,243.7245000000985,213.0,6,0,1,0,0,0,0,0.3694767500001035
stress,20.0,local,3,breakdown (perm),unsafe-single,6,20,0.02,3.0,2294,171,2933,332,2292,150,58,60,0,False,0,0,1,18478,2,0.3391812865497076,0.9666666666666667,True,1,0,,,,10.0,6.0,4.0,588.1629520135903,18478.0,8,0,0,1,0,0,0,0.7168665830004102
stress,20.0,local,4,breakdown (perm),unsafe-single,6,20,0.02,3.0,2365,176,2774,186,2369,159,60,60,0,True,0,0,1,279,-4,0.3409090909090909,1.0,False,0,0,,,,14.0,2.0,12.0,358.276291999573,279.0,10,0,3,0,0,0,0,0.45228379200034396
stress,20.0,local,5,breakdown (perm),unsafe-single,6,20,0.02,3.0,2365,174,2826,194,2367,150,60,60,0,True,0,0,1,235,-2,0.3448275862068966,1.0,False,0,0,,,,10.0,2.0,8.0,66.39904200073943,235.0,5,0,4,0,0,0,0,0.16118754200033436
stress,20.0,local,6,breakdown (perm),unsafe-single,6,20,0.02,3.0,2320,155,2797,184,2318,145,60,60,0,True,0,0,1,158,2,0.3870967741935484,1.0,False,0,0,,,,9.0,2.0,7.0,115.04574999980832,158.0,4,0,4,0,0,0,0,0.2718847080004707
stress,20.0,local,7,breakdown (perm),unsafe-single,6,20,0.02,3.0,2034,168,4034,349,2547,164,47,60,0,False,0,0,1,124671,-513,0.27976190476190477,0.7833333333333333,True,3,2,,,,19.0,7.0,12.0,17426.564710990533,124671.0,12,1,0,5,0,0,0,17.558146625000518
stress,20.0,local,8,breakdown (perm),unsafe-single,6,20,0.02,3.0,2373,215,2815,237,2370,148,60,60,0,True,0,0,1,129,3,0.27906976744186046,1.0,False,0,0,,,,6.0,1.0,5.0,181.77741700037586,129.0,3,0,2,0,0,0,0,0.2769884589997673
stress,20.0,local,9,breakdown (perm),unsafe-single,6,20,0.02,3.0,2446,221,2857,236,2443,173,60,60,0,True,0,0,1,93,3,0.27149321266968324,1.0,False,0,0,,,,6.0,1.0,5.0,39.431583999430586,93.0,3,0,2,0,0,0,0,0.19641712500015274
stress,20.0,local-flat,0,breakdown (perm),unsafe-single,6,20,0.02,3.0,2636,208,3220,242,2584,175,60,60,0,True,0,0,1,232,52,0.28846153846153844,1.0,False,0,0,,,,11.0,2.0,9.0,1045.5297079997763,232.0,6,4,0,0,0,0,0,1.2651572909999231
stress,20.0,local-flat,1,breakdown (perm),unsafe-single,6,20,0.02,3.0,2561,217,3051,252,2532,167,60,60,0,True,0,0,1,131,29,0.2764976958525346,1.0,False,0,0,,,,7.0,0.0,7.0,351.42412500044884,131.0,5,0,1,0,0,0,0,0.5241688330006582
stress,20.0,local-flat,2,breakdown (perm),unsafe-single,6,20,0.02,3.0,2380,168,2842,193,2395,148,60,60,0,True,0,0,1,213,-15,0.35714285714285715,1.0,False,0,0,,,,8.0,0.0,8.0,191.78241600002366,213.0,6,0,1,0,0,0,0,0.3102937080002448
stress,20.0,local-flat,3,breakdown (perm),unsafe-single,6,20,0.02,3.0,2297,171,2936,332,2292,150,58,60,0,False,0,0,1,17803,5,0.3391812865497076,0.9666666666666667,True,1,0,,,,10.0,6.0,4.0,485.6096190032986,17803.0,8,0,0,1,0,0,0,0.6105377089998001
stress,20.0,local-flat,4,breakdown (perm),unsafe-single,6,20,0.02,3.0,2365,176,2774,186,2369,159,60,60,0,True,0,0,1,273,-4,0.3409090909090909,1.0,False,0,0,,,,14.0,2.0,12.0,379.95287499961705,273.0,10,0,3,0,0,0,0,0.45515387500017823
stress,20.0,local-flat,5,breakdown (perm),unsafe-single,6,20,0.02,3.0,2365,174,2826,194,2367,150,60,60,0,True,0,0,1,235,-2,0.3448275862068966,1.0,False,0,0,,,,10.0,2.0,8.0,98.6805420006931,235.0,5,0,4,0,0,0,0,0.2001455409999835
stress,20.0,local-flat,6,breakdown (perm),unsafe-single,6,20,0.02,3.0,2320,155,2797,184,2318,145,60,60,0,True,0,0,1,158,2,0.3870967741935484,1.0,False,0,0,,,,9.0,2.0,7.0,100.24620900003356,158.0,4,0,4,0,0,0,0,0.2601494159998765
stress,20.0,local-flat,7,breakdown (perm),unsafe-single,6,20,0.02,3.0,2032,168,4032,349,2547,164,47,60,0,False,0,0,1,118549,-515,0.27976190476190477,0.7833333333333333,True,3,2,,,,19.0,7.0,12.0,8574.252904002606,118549.0,12,1,0,5,0,0,0,8.7080761670004
stress,20.0,local-flat,8,breakdown (perm),unsafe-single,6,20,0.02,3.0,2373,215,2815,237,2370,148,60,60,0,True,0,0,1,123,3,0.27906976744186046,1.0,False,0,0,,,,6.0,1.0,5.0,71.46929200007435,123.0,3,0,2,0,0,0,0,0.15678699999989476
stress,20.0,local-flat,9,breakdown (perm),unsafe-single,6,20,0.02,3.0,2446,221,2857,236,2443,173,60,60,0,True,0,0,1,93,3,0.27149321266968324,1.0,False,0,0,,,,6.0,1.0,5.0,50.869042000158515,93.0,3,0,2,0,0,0,0,0.19354066599953512
stress,20.0,solo,0,breakdown (perm),unsafe-single,6,20,0.02,3.0,2665,208,3247,242,2584,175,60,60,0,True,0,0,1,27,81,0.28846153846153844,1.0,False,0,0,,,,9.0,0.0,9.0,223.33370900014415,27.0,8,0,0,0,0,0,0,0.4055889589999424
stress,20.0,solo,1,breakdown (perm),unsafe-single,6,20,0.02,3.0,2565,226,3054,261,2532,167,60,60,0,True,0,0,1,25,33,0.26548672566371684,1.0,False,0,0,,,,7.0,0.0,7.0,41.77691699987918,25.0,6,0,0,0,0,0,0,0.21520450000025448
stress,20.0,solo,2,breakdown (perm),unsafe-single,6,20,0.02,3.0,2386,164,2850,189,2395,148,60,60,0,True,0,0,1,58,-9,0.36585365853658536,1.0,False,0,0,,,,8.0,0.0,8.0,34.95008299978508,58.0,7,0,0,0,0,0,0,0.1394172910004272
stress,20.0,solo,3,breakdown (perm),unsafe-single,6,20,0.02,3.0,2297,171,2936,332,2292,150,58,60,0,False,0,0,1,17519,5,0.3391812865497076,0.9666666666666667,True,1,0,,,,10.0,6.0,4.0,296.3439969944375,17519.0,8,0,0,1,0,0,0,0.4362154999998893
stress,20.0,solo,4,breakdown (perm),unsafe-single,6,20,0.02,3.0,2386,176,2803,186,2369,159,60,60,0,True,0,0,1,51,17,0.3409090909090909,1.0,False,0,0,,,,12.0,0.0,12.0,104.8692079993998,51.0,11,0,0,0,0,0,0,0.19182924999950046
stress,20.0,solo,5,breakdown (perm),unsafe-single,6,20,0.02,3.0,2372,174,2836,194,2367,150,60,60,0,True,0,0,1,81,5,0.3448275862068966,1.0,False,0,0,,,,8.0,0.0,8.0,30.71962500052905,81.0,7,0,0,0,0,0,0,0.12409300000035728
stress,20.0,solo,6,breakdown (perm),unsafe-single,6,20,0.02,3.0,2332,156,2808,184,2318,145,60,60,0,True,0,0,1,53,14,0.38461538461538464,1.0,False,0,0,,,,7.0,0.0,7.0,31.013124999844877,53.0,6,0,0,0,0,0,0,0.17275516700010485
stress,0.3,full,1,mixed,dense,6,20,0.3,3.0,927,72,4680,234,2532,167,22,62,0,False,0,0,86,475040,-1605,0.3055555555555556,0.3548387096774194,True,0,20,2.0,0.0,0.0,7.267441860465116,4.941860465116279,2.3255813953488373,1813.6160428253197,5523.720930232558,13,5,2,20,1160,0,0,156.13367308300076
stress,20.0,solo,8,breakdown (perm),unsafe-single,6,20,0.02,3.0,2381,215,2823,237,2370,148,60,60,0,True,0,0,1,24,11,0.27906976744186046,1.0,False,0,0,,,,5.0,0.0,5.0,8.732583999517374,24.0,4,0,0,0,0,0,0,0.10058766600013769
stress,20.0,solo,9,breakdown (perm),unsafe-single,6,20,0.02,3.0,2460,221,2871,236,2443,173,60,60,0,True,0,0,1,33,17,0.27149321266968324,1.0,False,0,0,,,,5.0,0.0,5.0,41.14862499955052,33.0,4,0,0,0,0,0,0,0.22291316600058053
stress,20.0,solo,7,breakdown (perm),unsafe-single,6,20,0.02,3.0,2038,168,4046,349,2547,164,47,60,0,False,0,0,1,118343,-509,0.27976190476190477,0.7833333333333333,True,3,2,,,,19.0,7.0,12.0,8077.233838007487,118343.0,13,0,0,5,0,0,0,8.188333333000628
stress,20.0,full,1,breakdown (perm),unsafe-single,6,20,0.02,3.0,2563,215,3053,250,2532,167,60,60,0,True,0,0,1,48,31,0.27906976744186046,1.0,False,0,0,,,,14.0,7.0,7.0,47.83437500009313,48.0,0,0,0,0,19,0,0,0.19525416600026801
stress,20.0,full,0,breakdown (perm),unsafe-single,6,20,0.02,3.0,2573,199,3149,233,2584,175,60,60,0,True,0,0,1,47,-11,0.3015075376884422,1.0,False,0,0,,,,20.0,11.0,9.0,196.01650000004156,47.0,0,0,0,0,19,0,0,0.3784116670003641
stress,20.0,full,2,breakdown (perm),unsafe-single,6,20,0.02,3.0,2381,157,2848,182,2395,148,60,60,0,True,0,0,1,71,-14,0.3821656050955414,1.0,False,0,0,,,,18.0,10.0,8.0,96.87108300022373,71.0,0,0,0,0,19,0,0,0.20772245799980738
stress,20.0,full,4,breakdown (perm),unsafe-single,6,20,0.02,3.0,2368,176,2786,186,2369,159,60,60,0,True,0,0,1,65,-1,0.3409090909090909,1.0,False,0,0,,,,18.0,6.0,12.0,85.73616600006062,65.0,0,0,0,0,19,0,0,0.1556916249992355
stress,20.0,full,5,breakdown (perm),unsafe-single,6,20,0.02,3.0,2357,174,2827,191,2367,150,60,60,0,True,0,0,1,89,-10,0.3448275862068966,1.0,False,0,0,,,,19.0,11.0,8.0,45.09916599999997,89.0,0,0,0,0,19,0,0,0.12863362499956565
stress,20.0,full,3,breakdown (perm),unsafe-single,6,20,0.02,3.0,2289,171,2928,332,2292,150,58,60,0,False,0,0,1,16792,-3,0.3391812865497076,0.9666666666666667,True,1,0,,,,10.0,6.0,4.0,332.55445899430924,16792.0,8,0,0,1,0,0,0,0.46429558399995585
stress,20.0,full,6,breakdown (perm),unsafe-single,6,20,0.02,3.0,2296,151,2767,184,2318,145,60,60,0,True,0,0,1,71,-22,0.3973509933774834,1.0,False,0,0,,,,19.0,12.0,7.0,67.34187500023836,71.0,0,0,0,0,19,0,0,0.21424104200013971
stress,20.0,full,8,breakdown (perm),unsafe-single,6,20,0.02,3.0,2385,204,2834,226,2370,148,60,60,0,True,0,0,1,52,15,0.29411764705882354,1.0,False,0,0,,,,17.0,12.0,5.0,68.00637499964068,52.0,0,0,0,0,19,0,0,0.18426887500027078
stress,20.0,full,9,breakdown (perm),unsafe-single,6,20,0.02,3.0,2406,193,2815,208,2443,173,60,60,0,True,0,0,1,59,-37,0.31088082901554404,1.0,False,0,0,,,,17.0,12.0,5.0,34.78254200035735,59.0,0,0,0,0,19,0,0,0.20740850000038336
stress,20.0,local,0,mixed,crowd,6,20,0.03,3.0,2106,153,2584,181,1938,124,62,62,0,True,0,0,8,682,168,0.40522875816993464,1.0,False,0,0,2.0,0.0,7.5,1.875,0.25,1.625,177.07982825015733,85.25,11,2,2,0,0,0,0,1.566814875000091
stress,20.0,full,7,breakdown (perm),unsafe-single,6,20,0.02,3.0,2026,168,4034,349,2547,164,47,60,0,False,0,0,1,118126,-521,0.27976190476190477,0.7833333333333333,True,3,2,,,,19.0,7.0,12.0,7648.759830998642,118126.0,13,0,0,5,0,0,0,7.7859275419996266
stress,20.0,local,2,mixed,crowd,6,20,0.03,3.0,2111,221,2497,231,1905,124,62,62,0,True,0,0,8,422,206,0.28054298642533937,1.0,False,0,0,2.0,0.5,9.0,2.5,0.25,2.25,24.041645874831374,52.75,16,4,0,0,0,0,0,0.29161595900040993
stress,20.0,local,3,mixed,crowd,6,20,0.03,3.0,2194,174,2614,189,1920,113,62,62,0,True,0,0,8,1457,274,0.3563218390804598,1.0,False,0,0,2.0,0.5,6.5,3.125,0.5,2.625,658.7266354998746,182.125,15,8,2,0,0,0,0,5.385230875000161
stress,20.0,local,4,mixed,crowd,6,20,0.03,3.0,2069,156,2440,174,1926,112,62,62,0,True,0,0,8,1555,143,0.3974358974358974,1.0,False,0,0,2.0,0.5,5.5,3.75,0.5,3.25,1028.6227812499646,194.375,19,0,10,0,0,0,0,8.363077083000462
stress,20.0,local,5,mixed,crowd,6,20,0.03,3.0,2075,171,2412,198,1815,118,62,62,0,True,0,0,8,1407,260,0.36257309941520466,1.0,False,0,0,2.0,0.0,12.5,3.875,0.625,3.25,307.97151037518233,175.875,21,2,7,0,0,0,0,2.532831250000527
stress,20.0,local,6,mixed,crowd,6,20,0.03,3.0,2118,188,2539,203,1864,115,62,62,0,True,0,0,8,1281,254,0.32978723404255317,1.0,False,0,0,2.0,0.5,6.0,2.625,1.0,1.625,627.4730467498557,160.125,14,1,6,0,0,0,0,5.140990666000107
stress,20.0,local,7,mixed,crowd,6,20,0.03,3.0,2176,142,2617,159,1920,114,62,62,0,True,0,0,8,1064,256,0.43661971830985913,1.0,False,0,0,2.0,0.0,10.5,3.875,0.25,3.625,491.22653649965287,133.0,23,5,2,0,0,0,0,4.083225500000481
stress,20.0,local,8,mixed,crowd,6,20,0.03,3.0,2165,215,2538,245,1925,123,62,62,0,True,0,0,8,1012,240,0.28837209302325584,1.0,False,0,0,2.0,0.5,32.0,3.25,0.375,2.875,241.5411460000314,126.5,19,3,4,0,0,0,0,2.1219867499994507
stress,20.0,local,9,mixed,crowd,6,20,0.03,3.0,2241,160,2673,187,2019,133,62,62,0,True,0,0,8,1455,222,0.3875,1.0,False,0,0,2.0,1.0,0.0,2.625,1.125,1.5,466.04214562501056,181.875,16,5,0,0,0,0,0,3.869025457999669
stress,20.0,local-flat,0,mixed,crowd,6,20,0.03,3.0,2106,153,2584,181,1938,124,62,62,0,True,0,0,8,546,168,0.40522875816993464,1.0,False,0,0,2.0,0.0,7.5,1.875,0.25,1.625,113.95488024993483,68.25,11,2,2,0,0,0,0,1.0602811660000953
stress,20.0,local,1,mixed,crowd,6,20,0.03,3.0,2670,213,2964,235,1933,120,62,62,0,True,0,0,8,83684,737,0.29107981220657275,1.0,False,0,0,2.0,0.5,24.0,6.5,2.375,4.125,7854.007691250331,10460.5,30,5,8,6,0,1,1,63.02114320799956
stress,20.0,local-flat,2,mixed,crowd,6,20,0.03,3.0,2111,221,2497,231,1905,124,62,62,0,True,0,0,8,411,206,0.28054298642533937,1.0,False,0,0,2.0,0.5,9.0,2.5,0.25,2.25,19.744765500149697,51.375,16,4,0,0,0,0,0,0.2827522079996925
stress,20.0,local-flat,3,mixed,crowd,6,20,0.03,3.0,2195,176,2615,191,1920,113,62,62,0,True,0,0,8,1070,275,0.3522727272727273,1.0,False,0,0,2.0,0.0,7.0,3.0,0.375,2.625,278.33047412502765,133.75,16,8,0,0,0,0,0,2.3410361250007554
stress,20.0,local-flat,4,mixed,crowd,6,20,0.03,3.0,2069,156,2440,174,1926,112,62,62,0,True,0,0,8,1251,143,0.3974358974358974,1.0,False,0,0,2.0,0.5,5.5,3.75,0.5,3.25,567.3186768750611,156.375,19,0,10,0,0,0,0,4.708466916999896
stress,20.0,local-flat,5,mixed,crowd,6,20,0.03,3.0,2075,171,2412,198,1815,118,62,62,0,True,0,0,8,1242,260,0.36257309941520466,1.0,False,0,0,2.0,0.0,12.5,3.875,0.625,3.25,198.36610949994338,155.25,21,2,7,0,0,0,0,1.6720831249995172
stress,20.0,local-flat,6,mixed,crowd,6,20,0.03,3.0,2098,187,2516,202,1864,115,62,62,0,True,0,0,8,948,234,0.3315508021390374,1.0,False,0,0,2.0,0.5,4.5,2.875,1.25,1.625,303.6652917500078,118.5,12,1,10,0,0,0,0,2.560257709000325
stress,20.0,local-flat,7,mixed,crowd,6,20,0.03,3.0,2176,142,2617,159,1920,114,62,62,0,True,0,0,8,888,256,0.43661971830985913,1.0,False,0,0,2.0,0.0,10.5,3.875,0.25,3.625,271.9663856249781,111.0,23,5,2,0,0,0,0,2.338179124999442
stress,20.0,local-flat,8,mixed,crowd,6,20,0.03,3.0,2165,215,2538,245,1925,123,62,62,0,True,0,0,8,862,240,0.28837209302325584,1.0,False,0,0,2.0,0.5,32.0,3.25,0.375,2.875,132.84570837492993,107.75,19,3,4,0,0,0,0,1.253165333000652
stress,20.0,local-flat,9,mixed,crowd,6,20,0.03,3.0,2241,160,2673,187,2019,133,62,62,0,True,0,0,8,1049,222,0.3875,1.0,False,0,0,2.0,1.0,0.0,2.625,1.125,1.5,189.15093737507505,131.125,16,5,0,0,0,0,0,1.645867041999736
stress,20.0,solo,0,mixed,crowd,6,20,0.03,3.0,2112,153,2597,181,1938,124,62,62,0,True,0,0,8,55,174,0.40522875816993464,1.0,False,0,0,2.0,0.0,7.5,1.5,0.0,1.5,8.34779162516952,6.875,12,0,0,0,0,0,0,0.21952266700009204
stress,20.0,local-flat,1,mixed,crowd,6,20,0.03,3.0,1448,161,4153,324,1933,120,44,62,0,False,0,0,8,343819,-485,0.2732919254658385,0.7096774193548387,True,0,9,2.0,0.5,0.0,6.5,2.375,4.125,6004.4568902494575,42977.375,27,4,9,10,0,0,0,48.23729279100007
stress,20.0,solo,2,mixed,crowd,6,20,0.03,3.0,2119,223,2507,233,1905,124,62,62,0,True,0,0,8,78,214,0.27802690582959644,1.0,False,0,0,2.0,0.5,10.0,2.375,0.0,2.375,6.139338624848278,9.75,19,0,0,0,0,0,0,0.1511930830001802
stress,20.0,solo,3,mixed,crowd,6,20,0.03,3.0,2188,176,2619,191,1920,113,62,62,0,True,0,0,8,111,268,0.3522727272727273,1.0,False,0,0,2.0,0.0,4.5,2.5,0.0,2.5,22.437984374846565,13.875,20,0,0,0,0,0,0,0.3031310840005972
stress,20.0,solo,4,mixed,crowd,6,20,0.03,3.0,2102,138,2479,156,1926,112,62,62,0,True,0,0,8,104,176,0.4492753623188406,1.0,False,0,0,2.0,0.5,3.0,3.25,0.0,3.25,31.221755250044225,13.0,25,0,0,0,0,0,0,0.380646292000165
stress,20.0,solo,5,mixed,crowd,6,20,0.03,3.0,2123,175,2476,202,1815,118,62,62,0,True,0,0,8,104,308,0.35428571428571426,1.0,False,0,0,2.0,0.5,9.0,3.125,0.0,3.125,23.913286624974717,13.0,24,0,0,0,0,0,0,0.2826019579997592
stress,20.0,solo,6,mixed,crowd,6,20,0.03,3.0,2137,188,2560,203,1864,115,62,62,0,True,0,0,8,99,273,0.32978723404255317,1.0,False,0,0,2.0,0.5,6.5,2.125,0.5,1.625,24.988739625086964,12.375,16,1,0,0,0,0,0,0.35322350000024016
stress,20.0,solo,7,mixed,crowd,6,20,0.03,3.0,2205,154,2650,167,1920,114,62,62,0,True,0,0,8,138,285,0.4025974025974026,1.0,False,0,0,2.0,0.0,10.5,3.75,0.0,3.75,53.98722387496946,17.25,29,0,0,0,0,0,0,0.5967037500004153
stress,20.0,solo,8,mixed,crowd,6,20,0.03,3.0,2178,219,2563,249,1925,123,62,62,0,True,0,0,8,180,253,0.2831050228310502,1.0,False,0,0,2.0,0.0,33.5,3.5,0.75,2.75,23.17227087496576,22.5,28,0,0,0,0,0,0,0.3967798749999929
stress,20.0,solo,9,mixed,crowd,6,20,0.03,3.0,2251,162,2689,189,2019,133,62,62,0,True,0,0,8,281,232,0.38271604938271603,1.0,False,0,0,2.0,0.5,0.5,2.375,0.875,1.5,38.96298974996171,35.125,19,0,0,0,0,0,0,0.47410658299941133
stress,20.0,full,0,mixed,crowd,6,20,0.03,3.0,2105,132,2585,160,1938,124,62,62,0,True,0,0,8,320,167,0.4696969696969697,1.0,False,0,0,2.0,1.0,0.0,11.625,10.0,1.625,43.34390125029586,40.0,0,0,0,0,160,0,0,0.4816867919998913
stress,20.0,full,1,mixed,crowd,6,20,0.03,3.0,2012,173,2322,178,1933,120,62,62,0,True,0,0,8,370,79,0.3583815028901734,1.0,False,0,0,2.0,1.0,0.0,16.0,11.125,4.875,77.68747912518847,46.25,0,0,0,0,155,0,0,0.818997584000499
stress,20.0,full,2,mixed,crowd,6,20,0.03,3.0,2072,157,2476,167,1905,124,62,62,0,True,0,0,8,320,167,0.39490445859872614,1.0,False,0,0,2.0,1.0,0.0,14.875,12.75,2.125,40.79707825007972,40.0,0,0,0,0,160,0,0,0.4218228749996342
stress,20.0,full,3,mixed,crowd,6,20,0.03,3.0,2154,171,2604,186,1920,113,62,62,0,True,0,0,8,320,234,0.36257309941520466,1.0,False,0,0,2.0,1.0,0.0,17.75,15.375,2.375,99.52796862512514,40.0,0,0,0,0,160,0,0,0.8999897920002695
stress,20.0,full,4,mixed,crowd,6,20,0.03,3.0,2094,144,2455,150,1926,112,62,62,0,True,0,0,8,331,168,0.4305555555555556,1.0,False,0,0,2.0,1.0,0.0,16.5,13.125,3.375,124.77353662495716,41.375,0,0,0,0,159,0,0,1.1597430840001834
stress,20.0,full,5,mixed,crowd,6,20,0.03,3.0,2103,187,2489,201,1815,118,62,62,0,True,0,0,8,321,288,0.3315508021390374,1.0,False,0,0,2.0,0.5,4.5,12.875,10.375,2.5,53.03312524995363,40.125,0,0,0,0,158,0,0,0.5286902919997374
stress,20.0,full,6,mixed,crowd,6,20,0.03,3.0,2070,163,2469,178,1864,115,62,62,0,True,0,0,8,320,206,0.3803680981595092,1.0,False,0,0,2.0,1.0,0.0,14.875,12.75,2.125,58.912697874916375,40.0,0,0,0,0,160,0,0,0.6049901249998584
stress,20.0,full,7,mixed,crowd,6,20,0.03,3.0,2100,141,2516,148,1920,114,62,62,0,True,0,0,8,344,180,0.4397163120567376,1.0,False,0,0,2.0,1.0,0.0,17.375,14.625,2.75,118.70627075006723,43.0,0,0,0,0,157,0,0,1.1145081660006326
stress,20.0,full,8,mixed,crowd,6,20,0.03,3.0,2059,158,2440,188,1925,123,62,62,0,True,0,0,8,320,134,0.3924050632911392,1.0,False,0,0,2.0,1.0,0.0,13.5,10.75,2.75,53.67223975008528,40.0,0,0,0,0,160,0,0,0.6344498340004066
stress,20.0,full,9,mixed,crowd,6,20,0.03,3.0,2199,158,2631,185,2019,133,62,62,0,True,0,0,8,320,180,0.3924050632911392,1.0,False,0,0,2.0,1.0,0.0,16.625,15.375,1.25,78.61795324993182,40.0,0,0,0,0,160,0,0,0.7603627910002615
stress,0.3,local-flat,8,mixed,dense,6,20,0.3,3.0,689,68,4640,232,2370,148,17,62,0,False,0,0,86,438123,-1681,0.25,0.27419354838709675,True,0,20,2.0,0.0,0.0,3.0348837209302326,0.6046511627906976,2.4302325581395348,4879.116749488466,5094.453488372093,149,38,50,24,0,0,0,419.6936445000001
stress,0.3,local,1,mixed,dense,6,20,0.3,3.0,4949,476,5803,514,2532,167,62,62,0,True,0,0,86,14388,2417,0.13025210084033614,1.0,False,0,0,2.0,0.0,98.5,3.5930232558139537,0.9302325581395349,2.6627906976744184,6291.733337581464,167.30232558139534,162,67,71,1,0,8,9,541.2183808749996
stress,0.3,full,8,mixed,dense,6,20,0.3,3.0,644,69,4360,218,2370,148,16,62,0,False,0,0,86,409642,-1726,0.2318840579710145,0.25806451612903225,True,0,20,2.0,0.0,0.0,5.895348837209302,3.7674418604651163,2.13953488372093,3802.743619290415,4763.279069767442,50,1,2,21,720,0,0,327.1366520420006
stress,20.0,solo,1,mixed,crowd,6,20,0.03,3.0,1356,152,3993,313,1933,120,41,62,0,False,0,0,8,343378,-577,0.26973684210526316,0.6612903225806451,True,0,9,2.0,0.5,0.0,6.875,2.5,4.625,21602.730226873748,42922.25,40,0,3,12,0,0,0,173.005508792
stress,0.2,solo,1,mixed,unsafe,6,20,0.2,3.0,2082,317,8452,510,2532,167,31,62,0,False,0,0,58,375469,-450,0.09779179810725552,0.5,True,6,7,2.0,0.0,40.0,3.3620689655172415,0.3275862068965517,3.0344827586206895,19757.471418500623,6473.603448275862,178,0,3,13,0,0,0,1146.1248058340002
stress,0.3,local-flat,1,mixed,dense,6,20,0.3,3.0,5046,499,5975,537,2532,167,62,62,0,True,0,0,86,18629,2514,0.12424849699398798,1.0,False,0,0,2.0,0.0,111.0,3.2674418604651163,0.6627906976744186,2.604651162790698,7965.821950046575,216.61627906976744,162,48,70,1,0,0,0,685.2300913750005
stress,0.3,local,8,mixed,dense,6,20,0.3,3.0,701,70,4640,232,2370,148,18,62,0,False,0,0,86,414638,-1669,0.2571428571428571,0.2903225806451613,True,0,20,2.0,0.0,0.0,3.3372093023255816,0.7674418604651163,2.5697674418604652,9774.012505046876,4821.372093023256,164,44,59,20,0,0,2,840.6656612080005
stress,0.25,local-flat,8,mixed,dense,6,20,0.25,3.0,2877,413,9214,634,2370,148,39,62,0,False,0,0,72,650518,507,0.09443099273607748,0.6290322580645161,True,0,10,2.0,0.0,27.0,4.25,1.3194444444444444,2.9305555555555554,20750.23587230531,9034.972222222223,180,52,57,16,0,0,0,1494.145601792
